<?xml version="1.0" encoding="UTF-8"?>
<TEI xml:space="preserve" xmlns="http://www.tei-c.org/ns/1.0" 
xmlns:xsi="http://www.w3.org/2001/XMLSchema-instance" 
xsi:schemaLocation="http://www.tei-c.org/ns/1.0 /home/varun/Desktop/NLP/Projects/grobid-0.5.6/grobid-home/schemas/xsd/Grobid.xsd"
 xmlns:xlink="http://www.w3.org/1999/xlink">
	<teiHeader xml:lang="en">
		<fileDesc>
			<titleStmt>
				<title level="a" type="main">ADAMT: A Stochastic Optimization with Trend Correction Scheme</title>
			</titleStmt>
			<publicationStmt>
				<publisher/>
				<availability status="unknown"><licence/></availability>
				<date type="published" when="2020-01-17">17 Jan 2020</date>
			</publicationStmt>
			<sourceDesc>
				<biblStruct>
					<analytic>
						<author>
							<persName xmlns="http://www.tei-c.org/ns/1.0"><forename type="first">Bingxin</forename><surname>Zhou</surname></persName>
						</author>
						<author>
							<persName xmlns="http://www.tei-c.org/ns/1.0"><forename type="first">Xuebin</forename><surname>Zheng</surname></persName>
						</author>
						<author>
							<persName xmlns="http://www.tei-c.org/ns/1.0"><forename type="first">Junbin</forename><surname>Gao</surname></persName>
						</author>
						<title level="a" type="main">ADAMT: A Stochastic Optimization with Trend Correction Scheme</title>
					</analytic>
					<monogr>
						<imprint>
							<date type="published" when="2020-01-17">17 Jan 2020</date>
						</imprint>
					</monogr>
				</biblStruct>
			</sourceDesc>
		</fileDesc>

		<encodingDesc>
			<appInfo>
				<application version="0.5.6" ident="GROBID" when="2020-04-20T13:47+0000">
					<ref target="https://github.com/kermitt2/grobid">GROBID - A machine learning software for extracting information from scholarly documents</ref>
				</application>
			</appInfo>
		</encodingDesc>		<profileDesc>
			<abstract>
<div xmlns="http://www.tei-c.org/ns/1.0"><p>Adam-type optimizers, as a class of adaptive moment estimation methods with the exponential moving average scheme, have been successfully used in many applications of deep learning. Such methods are appealing for capability on large-scale sparse datasets with high computational efficiency. In this paper, we present a new framework for adapting Adam-type methods, namely AdamT. Instead of applying a simple exponential weighted average, AdamT also includes the trend information when updating the parameters with the adaptive step size and gradients. The additional terms promise an efficient movement on the complex cost surface, and thus the loss would converge more rapidly. We show empirically the importance of adding the trend component, where AdamT outperforms the vanilla Adam method constantly with state-of-the-art models on several classical real-world datasets.</p></div>
			</abstract>
		</profileDesc>
	</teiHeader>
	<text xml:lang="en">
		<body>
<div xmlns="http://www.tei-c.org/ns/1.0"><head n="1">Introduction</head><p>Employing first order optimization methods, such as stochastic gradient descent (SGD), is a key of solving large-scale problems. The classic gradient descent algorithm is widely used to update the model parameters, denoted by x</p><formula xml:id="formula_0">xt+1 = xt − η∇f (xt),<label>(1)</label></formula><p>where the gradient is denoted by ∇f (xt) and the step size by η.</p><p>While the method has shown its efficiency for many contemporary tasks, the adaptive variants of SGD outperform the vanilla SGD methods on their rapid training time. Specifically, the step size η is substituted by an adaptive step size η/ √ vt, and vt is generated from the squared gradient [∇f (xt)] 2 . Several variants of the popular adaptive optimizers can be summarized into such common format. These optimizers share gradients calculation and parameters updating functions, but specify different moving average schemes for calculating the parameter-wise adaptive learning rate vt. For example, AdaGrad <ref type="bibr" target="#b4">[5]</ref> takes the arithmetic average of historical squared gradients [∇f (xt)] 2 . Compared with the conventional momentum method, it adapts the learning rate to each parameter to suit the sparse data structure, and thus gains a rapid convergence speed <ref type="bibr" target="#b16">[17]</ref>. In <ref type="bibr" target="#b18">[19]</ref>, RMSProp was proposed to reduce the aggressiveness of the decay rate in AdaGrad. The method modifies vt to the exponentially decayed squared gradients. Similar implementations could also be found in ADADELTA <ref type="bibr" target="#b21">[22]</ref>. Instead of the squared gradients, the method applies squared parameter updates to define the adaptive learning rate. As a result, each update guarantees the same hypothetical units as the parameter. Later, Adam <ref type="bibr" target="#b8">[9]</ref> modifies RMSProp with the idea from momentum methods <ref type="bibr" target="#b13">[14]</ref>. Except for the second moment moving average, the new rule also replaces the gradient ∇f (xt) at the end of the Equation (1) to the first-moment estimation. The method has practically shown its superiority regarding the converge speed and memory requirement. While the aforementioned methods are the most famous frameworks, there are also many variants for each of them. The examples include NAdam <ref type="bibr" target="#b3">[4]</ref>, AMSGrad <ref type="bibr" target="#b14">[15]</ref> and Adafom <ref type="bibr" target="#b1">[2]</ref>.</p><p>So far, the adaptive methods with exponential moving average gradients have gained great attention with huge success in many deep learning tasks. However, it remains unsolved whether the simple exponential smoothing results or the level information is sufficient in capturing the landscape of the cost surface. When clear upward or downward pattern could be recognized within the moving routine, it is suggested to add a trend term on top of the single level information.</p><p>In this paper, we modify the Adam rule with trend-corrected exponential smoothing schemes, namely AdamT, to obtain the local minima with a faster speed. To the best of our knowledge, our research is the first to apply the trend-corrected features on gradients scaling and parameters updating. It shall be emphasized that our framework is universally implementable for all adaptive update methods that apply the exponential average term, including but not restricted to ADADELTA, RMSProp, AdaMAX and other well-recognized methods. For the sake of conciseness, in this specific paper, we focus on Adam regarding rule modification and performance comparison.</p><p>Our contributions in this paper are three-fold:</p><p>1. We propose the notion of trend corrected exponential smoothing to modify the conventional application of exponential moving average in optimizers with adaptive gradients. Our AdamT method collaborates the trend information into the update rule of Adam.</p><p>2. We show the conditions for the method to converge in convex settings. The regret bound is in consistent to Adam at O( √ T ).</p><p>3. We demonstrate AdamT's convergence in both convex and nonconvex settings. The performance is compared with Adam, where AdamT shows clear superiority on both the training set and the test set, especially for non-convex problems.</p><p>For the remainder of the paper, we present the fundamental idea of Adam and Holt's linear methods in Section 2. In Section 3 and 4, we detail the update rules and experimental analysis, respectively. In addition, Section 5 reviews recent developments of Adam-type optimizers. While many of them focus more on non-convex optimizations, there is a potential to incorporate our methods with such frameworks and this extension is expected for future settings.</p></div>
<div xmlns="http://www.tei-c.org/ns/1.0"><head n="2">Preliminary</head></div>
<div xmlns="http://www.tei-c.org/ns/1.0"><head n="2.1">Adaptive Methods with Exponential Moving Averages</head><p>For adaptive gradient methods, we apply the update rule at step</p><formula xml:id="formula_1">t + 1 xt+1 = xt − η √v t + ǫm t</formula><p>where mt is the gradient updates, and conventionally it is defined as the last gradient value ∇f (xt). To prevent zero division, a smoothing term ǫ is included on the denominator. In this paper, we focus our analysis and modifications on Adam. The method was initially proposed by <ref type="bibr" target="#b8">[9]</ref>, and quickly becomes one of the most popular optimizers in the last few years. The adaptive step size is accelerated from the previous square gradients</p><formula xml:id="formula_2">vt = αvt−1 + (1 − α)[∇f (xt)] 2 .<label>(2)</label></formula><p>In terms of the gradient mt, Adam takes the exponentially weighted average of all previous gradients instead of solely relying on the last gradient ∇ft</p><formula xml:id="formula_3">mt = β1mt−1 + (1 − β1) ∇f (xt).<label>(3)</label></formula><p>While the two moment estimates from Equations (2) &amp; (3) could potentially counteract towards zero, the seriesmt andvt are considered for bias-correction. Formally, the rules are defined as:</p><formula xml:id="formula_4">mt = mt 1 − β t 1 ;vt = vt 1 − β t 2 .</formula></div>
<div xmlns="http://www.tei-c.org/ns/1.0"><head n="2.2">Trend Corrected Exponential Smoothing</head><p>The idea of extracting a smoothed new point from all the previous information is called the exponential weighted moving average. The method was extended in <ref type="bibr" target="#b6">[7]</ref> by including the trend behaviours within the series, namely trend corrected exponential smoothing or Holt's linear method. Consider a time series {yt} for t = 1, 2, .... Our target is to find the smoothing results at step t. We denote the smoothing result as y t+1|t . Holt's linear method formulates the conditional forecasting by summing two smoothing equations up</p><formula xml:id="formula_5">y t+1|t = ℓt + bt ℓt = β(ℓt−1 + bt−1) + (1 − β)yt bt = γbt−1 + (1 − γ)(ℓt − ℓt−1).</formula><p>For a new estimation, we first update the level term ℓt with the weighted average of the last observation yt and its estimation y t|t−1 . The trend term bt is updated simultaneously as the weighted average of the estimated trend ℓt − ℓt−1 and its previous estimation bt−1. The smoothing parameters for the level and the trend are denoted as β and γ. Both values could be selected between 0 and 1.</p><p>Including a damping factor φ is also suggested in <ref type="bibr" target="#b5">[6]</ref>, so that</p><formula xml:id="formula_6">y t+1|t = ℓt + φbt ℓt = β(ℓt−1 + φbt−1) + (1 − β)yt bt = γφbt−1 + (1 − γ)(ℓt − ℓt−1).</formula><p>The damped method is identical to Holt's Linear method with φ = 1, and is the same as simple exponential moving average method with φ = 0. When φ is positive, the parameter could be used to control the significance of the trend component.</p><p>The damped trend methods are considerably popular for forecasting tasks <ref type="bibr" target="#b7">[8]</ref>. Such methods inherent both level and trend information from historical series, while stay flexible enough to adjust the influence of the trend term via φ. On top of that, involving the damped factor could to some extend reduce the volatility of the smoothed line.</p></div>
<div xmlns="http://www.tei-c.org/ns/1.0"><head n="3">Methodology</head><p>We introduce our proposed algorithm AdamT, which is based on <ref type="bibr" target="#b8">[9]</ref> with added Holt's linear trend information for both of the first moment estimate and the second raw moment estimate. Specifically, we use trend-corrected exponential weighted moving averages in the final parameter update step instead of the level-only estimates used in Adam.</p></div>
<div xmlns="http://www.tei-c.org/ns/1.0"><head n="3.1">Algorithm</head><p>Consider the gradient of a stochastic objective function f (x) evaluated at T iterations as a time series {∇f (xt)} for t = 1, 2, . . . , T . According to the Holt's linear trend method illustrated in Section 2.2, we write two series {ℓ m t } and {b m t } as the exponential weighted moving averages which estimate the level and trend information of the first moment ∇f (xt):</p><formula xml:id="formula_7">ℓ m t = β1mt−1 + (1 − β1)∇f (xt) (4) b m t = γ1φ1b m t−1 + (1 − γ1)(ℓ m t − ℓ m t−1 ) (5) mt = ℓ m t + φ1b m t<label>(6)</label></formula><p>where β1, γ1 and φ1 have the same functionality as explained in Section 2.2 and these are regarded as hyperparameters in our algorithm. Equation <ref type="formula" target="#formula_7">(6)</ref> combines the level and the trend information of first moment, which will be used for calculating the final update rule and the trend-corrected level estimates. The procedures for the second raw moment ∇f (xt) • ∇f (xt) is analogous:</p><formula xml:id="formula_8">ℓ v t = β2vt−1 + (1 − β2)∇f (xt) • ∇f (xt) b v t = γ2φ2b v t−1 + (1 − γ2)(ℓ v t − ℓ v t−1 ) vt = ℓ v t + φ2b v t</formula><p>where the operation "•" denotes an element-wise multiplication. The hyperparameters β2, γ2 and φ2 here share the same corresponding meanings as before. The moving averages {ℓ v t } and {b v t } estimate the level and trend of the second raw moment respectively. The term vt combines these two information, which will be used in the calculations of final update rule and trend-corrected level estimates of the second raw moment.</p><p>In our algorithm, we set the initial values of the series</p><formula xml:id="formula_9">{ℓ m t }, {ℓ v t }, {b m t } and {b v t } to be zero vectors, so that ℓ m 0 = ℓ v 0 = b m 0 = b v 0 = 0.</formula><p>The series {mt} and {vt}, as a result, are also initialized as zero vectors. As observed in <ref type="bibr" target="#b8">[9]</ref>, the exponential weighted moving averages could bias towards zero, especially during the early training stage. We perform the bias correction for the two level estimates {ℓ m t } and {ℓ v t } by following <ref type="bibr" target="#b8">[9]</ref>. For the two trend estimates {b m t } and {b v t }, we correct the bias in a different way by taking into account the effect of damping parameters (φ1, φ2). Thus, the biascorrected version of the series {mt} and {vt} can be written as:</p><formula xml:id="formula_10">mt = ℓ m t 1 − β t 1 + (1 − γ1φ1)b m t (1 − γ1)(1 − (γ1φ1) t ) vt = ℓ v t 1 − β t 2 + (1 − γ2φ2)b v t (1 − γ2)(1 − (γ2φ2) t )</formula><p>The justification for the two bias-corrected trend estimates {b m t } and {b v t } is provided as below, where we have to take into account the effect of the corresponding damping factors. We give the justification for the trend estimate {b m t }, and the procedures for {b v t } is analogous. Note that we can write the trend estimate b m t into the following compact summation form:</p><formula xml:id="formula_11">b m t = γ1φ1b m t−1 + (1 − γ1)(ℓ m t − ℓ m t−1 ) = (1 − γ1) t i=1 (γ1φ1) t−i (ℓ m i − ℓ m i−1 ).</formula><p>To find how the expectation of the trend estimates b m t relates to the expectation of the difference between the level estimates at successive timesteps (ℓ m t − ℓ m t−1 ), we take the expectation for both sides of the above equation:</p><formula xml:id="formula_12">E[b m t ] = E[(1 − γ1) t i=1 (γ1φ1) t−i (ℓ m i − ℓ m i−1 )] = (1 − γ1) t i=1 (γ1φ1) t−i E[(ℓ m i − ℓ m i−1 )] = E[(ℓ m t − ℓ m t−1 )](1 − γ1) t i=1 (γ1φ1) t−i + ζ,</formula><p>where ζ can be considered as a small constant, since the factor (γ1φ1) t−i will be tiny if the associated expectation</p><formula xml:id="formula_13">E[(ℓ m i − ℓ m i−1 )] is too far away in the past in the case that E[(ℓ m i − ℓ m i−1 )] is non- stationary. If E[(ℓ m i −ℓ m i−1 )</formula><p>] is stationary, the constant ζ will be zero. To further simplify the above equation, we apply the formula for the sum of geometric sequence:</p><formula xml:id="formula_14">E[b m t ] = E[(ℓ m t − ℓ m t−1 )](1 − γ1) 1 − (γ1φ1) t 1 − γ1φ1 + ζ</formula><p>This suggests that we can use the term</p><formula xml:id="formula_15">(1 − γ1)[1 − (γ1φ1) t ]/[1 − γ1φ1]</formula><p>to correct the bias and close the discrepancy between the above two expectations at the presence of the damping factor φ1.</p><p>The final adaptive update rule is similar to Adam with the biascorrected first moment estimate and the second raw moment estimate:</p><formula xml:id="formula_16">xt+1 = xt − η |vt| + ǫm t (7)</formula><p>where ǫ is a positive tiny number added in the denominator to avoid zero-division case. Please note that the series {mt} and {vt} in AdamT are different from that of Adam. The two series are trendcorrected (also bias-corrected) estimates of both moments.</p><p>The direction of the effective step ∆t = η·mt/ |vt| (with ǫ = 0) in the parameter space depends on the joint effect of the first moment level and trend estimates. In the update rule <ref type="formula">(7)</ref>, we only care about the magnitude ofvt by taking the absolute value and thus the ratiô mt/ |vt| can be seen as a signal-to-noise ratio. Note that the effective step ∆t in our algorithm is also invariant to the scale of the gradients. Specifically, re-scaling the gradients ∇f (xt) with a factor c will scale ℓ m t and b m t by a factor c, and will scale ℓ v t and b v t by a factor c 2 . This results in scalingmt andvt by a factor c and c 2 respectively, and finally cancel out in the parameter update rule (c ·mt)/( |c 2 ·vt|) =mt/ |vt|. Note that our proposed method AdamT has two extra computational steps, that is Equations (5) &amp; <ref type="bibr" target="#b5">(6)</ref>. However, the computational complexity of these two steps is almost linear in time. Therefore, we can conclude that AdamT yields a superior performance compared with Adam (the results will be shown in the experiment section) with a minimal additional computational cost. In our algorithm, we set the hyperparameters β1, γ1, β2, γ2 according to the suggestion in <ref type="bibr" target="#b8">[9]</ref>. The smoothing parameters for the first moment estimates are set to 0.9, that is β1 = γ1 = 0.9, while the smoothing parameters for the second raw moment estimates are set to 0.999, that is β2 = γ2 = 0.999.We empirically find that the good default values of the two damping parameters can be set to φ1 = φ2 = 0.5. The pseudo-code of our AdamT is provided in Algorithm 1. ℓ v 0 ← 0: Initial second raw moment level estimate <ref type="bibr">8:</ref> b m 0 ← 0: Initial first moment trend estimate <ref type="bibr">9:</ref> b v 0 ← 0: Initial second raw moment trend estimate 10: for t = 1, 2, . . . , T do 11:</p><formula xml:id="formula_17">ℓ m t ← β1mt−1 + (1 − β1)∇f (xt) 12: b m t ← γ1φ1b m t−1 + (1 − γ1)(ℓ m t − ℓ m t−1 ) 13: ℓ v t ← β2vt−1 + (1 − β2)∇f (xt) • ∇f (xt) 14: b v t ← γ2φ2b v t−1 + (1 − γ2)(ℓ v t − ℓ v t−1 ) 15:mt ← ℓ m t /(1−β t 1 )+[(1−γ1φ1)b m t ]/[(1−γ1)(1−(γ1φ1) t )] 16:vt ← ℓ v t /(1 − β t 2 ) + [(1 − γ2φ2)b v t ]/[(1 − γ2)(1 − (γ2φ2) t )]</formula><p>17:</p><p>xt+1 ← xt − ηmt/( |vt| + ǫ) ⊲ ǫ = 1e − 8 18: end for 19: return xt</p></div>
<div xmlns="http://www.tei-c.org/ns/1.0"><head n="3.2">Regret Bound</head><p>We investigate the convergence of AdamT with regret minimization by following <ref type="bibr" target="#b23">[24]</ref>. The key results are presented in this section.</p><p>Theorem 1 Assume that the objective function ft has bounded gradients, that is ∇ft(x) 2 ≤ G, ∇ft(x) ∞ ≤ G∞ for all x ∈ R d . Assume that the distance between any xt produced by AdamT is bounded, that is xn − xm 2 ≤ D, xm − xn ∞ ≤ D∞ for any m, n ∈ {1, 2, . . . , T }, and β1, γ1, β2, γ2 ∈ [0, 1), φ1, φ2 ∈ [0, 1]. For all T ≥ 1, AdamT achieves</p><formula xml:id="formula_18">R(T ) ≤ D 2 ∞ 2η(1 − β1) d i=1</formula><p>TvT,i</p><formula xml:id="formula_19">+ 1 2 [β1(1 − β1)(1 + φ1(1 − γ1)) 2 ]G 2 ∞ + D 2 ∞ 2(1 − γ1φ1) 3 (1 − β1)((1 − γ1)(1 − (γ1φ1) T )) 2 + η 2(1 − β1) (2 − β1) 2 √ 2 − β2 d i=1 g1:T,i 2 + dD 2 2 (1 − γ1)β1 + 1 − γ1φ1 2(1 − γ1)(1 − β1) .</formula><p>In order to proving the regret bound, Lemma 1 and Lemma 2 are applied. The content are detailed as below.</p><p>Lemma 1 Similar to <ref type="bibr" target="#b8">[9]</ref>, we define ∇f1:t,i ∈ R t as the vector at the i th dimension of the gradients over all iterations till t, ∇f1:t,i = [∇f1,i, ∇f2,i, ..., ∇ft,i]. With ∇ft(xt) <ref type="bibr" target="#b1">2</ref> </p><formula xml:id="formula_20">≤ G, ∇ft(xt) ∞ ≤ G∞ we have T t=1 ∇f 2 t,i t ≤ 2G∞ ∇f1:T,i 2 .</formula><p>Lemma 2 For β1, γ1, β2, γ2 ∈ [0, 1) and φ1, φ2 ∈ [0, 1] the series {mt,i} and {vt,i} has the following summation form</p><formula xml:id="formula_21">mt,i ≤ (1 − β1) 1 − β t 1 + (1 − γ1φ1)(1 − β1) (1 − (γ1φ1) t ) t i=1 ∇fi. vt,i ≤ (1 − β2) 1 − β t 2 + (1 − γ2φ2)(1 − β2) (1 − (γ2φ2) t ) t i=1 ∇f 2 i .</formula></div>
<div xmlns="http://www.tei-c.org/ns/1.0"><head>The result in Theorem 1 implies that AdamT has</head><formula xml:id="formula_22">O( √ T ) regret bound given that d i=1 g1:T,i 2 ≤ dG∞ √ T and d i=1</formula><p>TvT,i ≤ dCG∞ √ T for some positive constant C. Hence, we can prove that the average regret of AdamT converges, </p></div>
<div xmlns="http://www.tei-c.org/ns/1.0"><head n="4">Experiments</head><p>We evaluate the proposed algorithm AdamT on both convex and non-convex real-world optimization problems with several popular types of machine learning models. The models we considered in the experiments include logistic regression which has a well-known convex loss surface, and different neural network models, including feedforward neural networks, convolutional neural networks and variational autoencoder. Neural Networks with non-linear activation function typically have an inherent non-convex loss surface which is more challenging for an optimization method.</p><p>We compare our method with Adam <ref type="bibr" target="#b8">[9]</ref> and demonstrate the effectiveness of the trend information of the gradients infused in AdamT. The experiment results show that our method converges more quickly and reaches a better minimum point than Adam. The observation evidences that the added trend information effectively helps AdamT to better capture the landscape of loss surface.</p><p>In each of the following experiments, we use the same set of initial values for the models, so that the initial model losses (the loss value at epoch = 0) are identical for all the optimization methods. In terms of the hyperparameters, all the smoothing parameters (β1, β2 in Adam and β1, β2, γ1, γ2 in AdamT) are set at their corresponding default values which are provided in Algorithm 1. The damping factors (φ1, φ2) are searched within the range [0.1, 1.0) and the learning rate η is also tuned through a grid search {1e − 4, 5e − 4, 1e − 3, 5e − 3} to produce the best results for both of the optimizers. All the experiments and optimizers are written in PyTorch. </p></div>
<div xmlns="http://www.tei-c.org/ns/1.0"><head n="4.1">Logistic Regression for Fashion-MNIST</head><p>We first evaluate AdamT on the logistic regression (LR) for multiclass classification problem with Fashion-MNIST dataset <ref type="bibr" target="#b19">[20]</ref> which is a MNIST-like dataset of fashion products. The dataset has 60, 000 training samples and 10, 000 testing samples. Each of them has 28 × 28 pixels. Each of the samples is classified into one of the 10 fashion products. The cross-entropy loss function has a well-behaved convex surface. The learning rate η for both Adam and AdamT is set to be constant during the training procedure. We use minibatch training with size set to 128.</p><p>The training results are reported in <ref type="figure" target="#fig_0">Figure 1</ref>. Since the superiority of our method over Adam is relatively small in this experiment, the plot of loss value against epoch cannot visualize the difference. Instead, we plot the loss difference of the two optimizers, which is (LossAdam−LossAdamT) against training epoch. The difference above zero reflect the advantage of AdamT. <ref type="figure" target="#fig_0">Figure 1</ref> indicates that AdamT converges faster at the early training stage and constantly outperforms Adam during the rest of the training phase, though the advantage is relatively small in this experiment. The loss surface of logistic regression is convex and well-behaved so that the trend information of AdamT cannot further provide much useful information for optimization, which results in a small advantage in this experiment.</p></div>
<div xmlns="http://www.tei-c.org/ns/1.0"><head n="4.2">Feedforward Neural Networks for SVHN</head><p>To investigate the performance on non-convex objective functions, we conduct the experiment with feedforward neural networks on The Street View House Numbers (SVHN) dataset <ref type="bibr" target="#b12">[13]</ref> for a digit classification problem. We pre-process this RGB image dataset into grayscale for dimension reduction by taking the average across the channels for each pixel in the image. The samples are 32 × 32 grayscale images. The neural network used in this experiment has two fully-connected hidden layers, each of which has 1, 400 hidden units and ReLU activation function is used for the two hidden layers. We use softmax cross-entropy loss function for training the model.</p><p>To evaluate the performance of the optimizers in noisy settings, we apply a stochastic regularization method in the model for a separate experiment. Specifically, we include two dropout layers <ref type="bibr" target="#b17">[18]</ref>, where one is applied between the two hidden layers and the other one is used before the output layer. The dropout probability is set to 0.5 for     both of the two dropout layers. In the experiments, we use a constant learning rate η and minibatch training with size set to 128. We examine the training and test loss of the models with and without dropout layers for the two optimizers. According to <ref type="figure" target="#fig_3">Figure 2</ref>, we find that AdamT outperforms Adam obviously. In terms of the training process, AdamT yields a faster convergence and reaches a better position than Adam for the models, both with and without dropout layers. The superior performance of AdamT is also shown in the test phase, which demonstrates that AdamT also has a better generalization ability than Adam. For the model without dropout, the test results show that the model is prone to over-fitting and our method performs on a par with Adam. Comparing to logistic regression, the loss surface in this experiment becomes complex and non-convex. The trend estimates of the gradients from AdamT can provide more meaningful information of the landscape of the loss surface, and it encourages a better performance on AdamT.</p></div>
<div xmlns="http://www.tei-c.org/ns/1.0"><head n="4.3">Convolutional Neural Networks for CIFAR-10</head><p>Convolutional neural network (CNN) is the main workhorse for Computer Vision tasks. We train a CNN model on standard CIFAR-10 dataset for a multi-class classification task. The dataset contains 50, 000 training samples and 10, 000 test samples, and each sample is an RGB 32 × 32 image. We pre-process the dataset by normalizing the pixel values to the range [−1, 1] for a more robust training. The CNN model employed in this experiment is similar to the model used in <ref type="bibr" target="#b14">[15]</ref>, which has the following architecture. There are 2 stages of alternating convolution and max pooling layers. Each convolution layer has 64 channels and kernel size 5 × 5 with stride 1. Each max pooling layer is applied with a kernel size of 2×2. After that, there is a fully-connected layer with 600 hidden units and a dropout probability 0.5 followed by the output layer with 10 units. We use ReLU for the activation function and softmax cross-entropy for the loss function. The model is trained with a tuned constant learning rate and minibatch size 128 same as the previous experiments.</p><p>We evaluate the test loss after each epoch during the training pro-cedure and cease the training once the test loss of the model starts to increase. The experiment results are reported in <ref type="figure" target="#fig_4">Figure 3</ref>. We can observe that the proposed AdamT clearly excels Adam on the training loss, and this superiority translates into an advantage of AdamT during the early stage of the test loss.</p></div>
<div xmlns="http://www.tei-c.org/ns/1.0"><head n="4.4">Deep Generative Models For MNIST</head><p>Variational Autoencoder (VAE) <ref type="bibr" target="#b9">[10,</ref><ref type="bibr" target="#b15">16]</ref> is one of the most popular deep generative models for density estimation and image generation. In this experiment, we train a VAE model on the standard MNIST dataset which contains 60, 000 training samples and 10, 000 test samples. Each sample is one 28 × 28 black-and-white image of the handwritten digit. The VAE model used in this experiment exactly matches the architecture presented in <ref type="bibr" target="#b9">[10]</ref>: Gaussian encoder and Bernoulli decoder, both of which are implemented by feedforward neural networks with single hidden layer and there are 500 hidden units in each hidden layer. We employ the hyperbolic tangent activation function for the model and set the dimensionality of the latent space as 20. We use the constant learning rate and set the minibatch size to 128.</p><p>We examine the Evidence Lower Bound (ELBO) of the training and test phases for the two optimizers. See <ref type="figure" target="#fig_5">Figure 4</ref> for the experiment results. Due to the issue of different scales, we plot the difference between the ELBOs produced by the two optimizers. Similar to the first experiment, we plot the difference value (ELBOAdam − ELBOAdamT) against the epoch for training and testing. We observe that our AdamT has a much faster convergence at the early stage of training than Adam and constantly excels Adam during the rest of the training phase. The superior performance of AdamT in this experiment also translates into a clear advantage in the testing phase.</p></div>
<div xmlns="http://www.tei-c.org/ns/1.0"><head n="4.5">Quantitative Evaluations</head><p>We evaluate the final training loss, test loss, classification performance (except for the VAE model) on both training and test datasets for each experiment. The results recorded in <ref type="table" target="#tab_1">Table 1 and Table 2</ref> are the average values along with standard deviations calculated over 10 repeated experiments with random initializations. FNN * denotes the feedforward neural networks without dropout layers while FNN represents the same model equipped with dropout layers. The results show that our proposed method AdamT has a superior performance over Adam <ref type="bibr" target="#b8">[9]</ref> in most of the conducted experiments under different evaluation metrics, except for the models (FNN * and CNN) which are prone to over-fitting in our experiments.</p></div>
<div xmlns="http://www.tei-c.org/ns/1.0"><head n="5">Related Works</head><p>We consider the class of adaptive moment estimation methods with exponential moving average scheme as Adam-type learning algorithms. The fundamental idea was proposed in <ref type="bibr" target="#b8">[9]</ref> and quickly extended to many variants. Some examples include AdaMax <ref type="bibr" target="#b8">[9]</ref>, Nadam <ref type="bibr" target="#b3">[4]</ref> and AdamW <ref type="bibr" target="#b11">[12]</ref>.</p><p>Despite the efficiency in practice, the conventional Adam-type methods fail to guarantee global convergences. The problematic short-term memory of the gradients was discussed in <ref type="bibr" target="#b14">[15]</ref>. For the convex settings, they proposed AMSGrad that promises a global optimization with a comparable performance. Except for some other recent studies for convex optimization <ref type="bibr" target="#b20">[21,</ref><ref type="bibr" target="#b2">3,</ref><ref type="bibr" target="#b10">11]</ref>, several works developed optimization methods for non-convex problems. Padam <ref type="bibr" target="#b0">[1,</ref><ref type="bibr" target="#b22">23]</ref> introduces a partial adaptive parameter p to interpolate between SGD with momentum and Adam so that adjacent learning rates could decrease smoothly. AdaUSM <ref type="bibr" target="#b24">[25]</ref> appends the idea of unified momentum for non-decreasing sequence of weights. AdaFom <ref type="bibr" target="#b1">[2]</ref> obtains first-order stationary by taking simple average on the second moment estimation. More conditions for pursuing global convergence were summarized in <ref type="bibr" target="#b25">[26]</ref>, basing on the currently successful variants.</p></div>
<div xmlns="http://www.tei-c.org/ns/1.0"><head n="6">Discussion and Conclusion</head><p>In this work, we have modified the scheme to calculate the adaptive step size from exponential moving average to trend-corrected exponential smoothing. Empirical results demonstrate that our method, AdamT, works well in practice and constantly beats the baseline method Adam.</p><p>We leave some potentials for future developments. First, although we focused primarily on ADAM for theoretical and experimental analysis, we believe that similar ideas could also extend to other adaptive gradient methods, such as RMSProp <ref type="bibr" target="#b18">[19]</ref> and AMSGrad <ref type="bibr" target="#b14">[15]</ref>. Also, this work, the same as the original ADAM method, relies on the theoretical assumption of convex problems settings. We have demonstrated its computational ability on the non-convex settings, and it is possible to extend the theoretical framework to non-convex scenarios. Some potential candidates in the latest research are listed in Section 5.</p></div><figure xmlns="http://www.tei-c.org/ns/1.0" xml:id="fig_0"><head>Algorithm 1</head><label>1</label><figDesc>AdamT. The Adam optimizer modified with Holt's Linear Trend method. Empirically suggested default values for the hyperparameters are β1 = γ1 = 0.9, β2 = γ2 = 0.999, φ1 = φ2 = 0.5, η = 0.0001. All of the operations on vectors are element-wise. 1: Require: η: Learning rate 2: Require: β1, γ1, β2, γ2 ∈ [0, 1): Smoothing hyperparameters 3: Require: φ1, φ2 ∈ [0, 1]: Damping hyperparameters 4: Require: f (x): Noisy objective function with parameters x 5: Initialize: x1:</figDesc></figure>
<figure xmlns="http://www.tei-c.org/ns/1.0" xml:id="fig_1"><head>Corollary 1</head><label>1</label><figDesc>By following the assumptions in Theorem 1, for all T ≥ 1 AdamT achieves the following guarantee</figDesc></figure>
<figure xmlns="http://www.tei-c.org/ns/1.0" xml:id="fig_2"><head>Figure 1 :</head><label>1</label><figDesc>Training loss difference of the logistic regression on Fashion-MNIST dataset for classification task.</figDesc></figure>
<figure xmlns="http://www.tei-c.org/ns/1.0" xml:id="fig_3"><head>Figure 2 :</head><label>2</label><figDesc>Training loss (left) and test loss (right) of the feedforward neural network on SVHN dataset for a classification problem. The model architecture is fc1400-fc1400.</figDesc></figure>
<figure xmlns="http://www.tei-c.org/ns/1.0" xml:id="fig_4"><head>Figure 3 :</head><label>3</label><figDesc>Training loss (left) and test loss (right) of the convolutional neural network on CIFAR-10 dataset for a classification task. The model architecture is c64-c64-fc600.</figDesc></figure>
<figure xmlns="http://www.tei-c.org/ns/1.0" xml:id="fig_5"><head>Figure 4 :</head><label>4</label><figDesc>Training difference of negative ELBO (left) and test difference of negative ELBO (right) of the variational autoencoder on MNIST.</figDesc></figure>
<figure xmlns="http://www.tei-c.org/ns/1.0" type="table" xml:id="tab_1" validated="false"><head>Table 2 :</head><label>2</label><figDesc>The final training and test classification accuracy of each experiment. The reported numbers are the averages over 10 repeated experiments with corresponding standard deviations.</figDesc><table></table></figure>
			<note xmlns="http://www.tei-c.org/ns/1.0" place="foot" n="1">Authors with equal contribution. 2 The University of Sydney Business School, The University of Sydney, Australia. Email: {bzho3923, xzhe2914}@uni.sdyeny.edu.au; junbin.gao@sydney.edu.au</note>
		</body>
		<back>
			<div type="references">

				<listBibl>

<biblStruct xml:id="b0">
	<monogr>
		<title level="m" type="main">Closing the generalization gap of adaptive gradient methods in training deep neural networks</title>
		<author>
			<persName xmlns="http://www.tei-c.org/ns/1.0"><forename type="first">Jinghui</forename><surname>Chen</surname></persName>
		</author>
		<author>
			<persName xmlns="http://www.tei-c.org/ns/1.0"><forename type="first">Quanquan</forename><surname>Gu</surname></persName>
		</author>
		<idno type="arXiv">arXiv:1806.06763</idno>
		<imprint>
			<date type="published" when="2018" />
		</imprint>
	</monogr>
	<note>preprint</note>
</biblStruct>

<biblStruct xml:id="b1">
	<analytic>
		<title level="a" type="main">On the convergence of a class of ADAM-type algorithms for non-convex optimization</title>
		<author>
			<persName xmlns="http://www.tei-c.org/ns/1.0"><forename type="first">Xiangyi</forename><surname>Chen</surname></persName>
		</author>
		<author>
			<persName xmlns="http://www.tei-c.org/ns/1.0"><forename type="first">Sijia</forename><surname>Liu</surname></persName>
		</author>
		<author>
			<persName xmlns="http://www.tei-c.org/ns/1.0"><forename type="first">Ruoyu</forename><surname>Sun</surname></persName>
		</author>
		<author>
			<persName xmlns="http://www.tei-c.org/ns/1.0"><forename type="first">Mingyi</forename><surname>Hong</surname></persName>
		</author>
	</analytic>
	<monogr>
		<title level="m">Proceedings of International Conference on Learning Representation (ICLR)</title>
		<meeting>International Conference on Learning Representation (ICLR)</meeting>
		<imprint>
			<date type="published" when="2019" />
		</imprint>
	</monogr>
</biblStruct>

<biblStruct xml:id="b2">
	<analytic>
		<title level="a" type="main">Sadagrad: Strongly adaptive stochastic gradient methods</title>
		<author>
			<persName xmlns="http://www.tei-c.org/ns/1.0"><forename type="first">Zaiyi</forename><surname>Chen</surname></persName>
		</author>
		<author>
			<persName xmlns="http://www.tei-c.org/ns/1.0"><forename type="first">Yi</forename><surname>Xu</surname></persName>
		</author>
		<author>
			<persName xmlns="http://www.tei-c.org/ns/1.0"><forename type="first">Enhong</forename><surname>Chen</surname></persName>
		</author>
		<author>
			<persName xmlns="http://www.tei-c.org/ns/1.0"><forename type="first">Tianbao</forename><surname>Yang</surname></persName>
		</author>
	</analytic>
	<monogr>
		<title level="m">International Conference on Machine Learning</title>
		<imprint>
			<date type="published" when="2018" />
			<biblScope unit="page" from="912" to="920" />
		</imprint>
	</monogr>
</biblStruct>

<biblStruct xml:id="b3">
	<analytic>
		<title level="a" type="main">Incorporating Nesterov momentum into ADAM</title>
		<author>
			<persName xmlns="http://www.tei-c.org/ns/1.0"><forename type="first">Timothy</forename><surname>Dozat</surname></persName>
		</author>
	</analytic>
	<monogr>
		<title level="m">Proceedings of 4th International Conference on Learning Representations</title>
		<meeting>4th International Conference on Learning Representations</meeting>
		<imprint>
			<date type="published" when="2016" />
		</imprint>
	</monogr>
	<note>Workshop Track</note>
</biblStruct>

<biblStruct xml:id="b4">
	<analytic>
		<title level="a" type="main">Adaptive subgradient methods for online learning and stochastic optimization</title>
		<author>
			<persName xmlns="http://www.tei-c.org/ns/1.0"><forename type="first">John</forename><surname>Duchi</surname></persName>
		</author>
		<author>
			<persName xmlns="http://www.tei-c.org/ns/1.0"><forename type="first">Elad</forename><surname>Hazan</surname></persName>
		</author>
		<author>
			<persName xmlns="http://www.tei-c.org/ns/1.0"><forename type="first">Yoram</forename><surname>Singer</surname></persName>
		</author>
	</analytic>
	<monogr>
		<title level="j">Journal of Machine Learning Research</title>
		<imprint>
			<biblScope unit="volume">12</biblScope>
			<biblScope unit="page" from="2121" to="2159" />
			<date type="published" when="2011-07" />
		</imprint>
	</monogr>
</biblStruct>

<biblStruct xml:id="b5">
	<analytic>
		<title level="a" type="main">Forecasting trends in time series</title>
		<author>
			<persName xmlns="http://www.tei-c.org/ns/1.0"><forename type="first">Everette</forename><forename type="middle">S</forename></persName>
		</author>
		<author>
			<persName xmlns="http://www.tei-c.org/ns/1.0"><forename type="first">Gardner</forename><genName>Jr</genName></persName>
		</author>
		<author>
			<persName xmlns="http://www.tei-c.org/ns/1.0"><forename type="first">E</forename><forename type="middle">D</forename><surname>Mckenzie</surname></persName>
		</author>
	</analytic>
	<monogr>
		<title level="j">Management Science</title>
		<imprint>
			<biblScope unit="issue">10</biblScope>
			<biblScope unit="page" from="1237" to="1246" />
			<date type="published" when="1985" />
		</imprint>
	</monogr>
</biblStruct>

<biblStruct xml:id="b6">
	<analytic>
		<title level="a" type="main">Forecasting seasonals and trends by exponentially weighted moving averages</title>
		<author>
			<persName xmlns="http://www.tei-c.org/ns/1.0"><forename type="first">C</forename><surname>Charles</surname></persName>
		</author>
		<author>
			<persName xmlns="http://www.tei-c.org/ns/1.0"><surname>Holt</surname></persName>
		</author>
	</analytic>
	<monogr>
		<title level="j">International Journal of Forecasting</title>
		<imprint>
			<biblScope unit="volume">20</biblScope>
			<biblScope unit="issue">1</biblScope>
			<biblScope unit="page" from="5" to="10" />
			<date type="published" when="2004" />
		</imprint>
	</monogr>
</biblStruct>

<biblStruct xml:id="b7">
	<monogr>
		<title level="m" type="main">Forecasting: Principles and Practice, OTexts</title>
		<author>
			<persName xmlns="http://www.tei-c.org/ns/1.0"><forename type="first">J</forename><surname>Rob</surname></persName>
		</author>
		<author>
			<persName xmlns="http://www.tei-c.org/ns/1.0"><forename type="first">George</forename><surname>Hyndman</surname></persName>
		</author>
		<author>
			<persName xmlns="http://www.tei-c.org/ns/1.0"><surname>Athanasopoulos</surname></persName>
		</author>
		<imprint>
			<date type="published" when="2018" />
		</imprint>
	</monogr>
</biblStruct>

<biblStruct xml:id="b8">
	<analytic>
		<title level="a" type="main">ADAM: A method for stochastic optimization</title>
		<author>
			<persName xmlns="http://www.tei-c.org/ns/1.0"><forename type="first">P</forename><surname>Diederik</surname></persName>
		</author>
		<author>
			<persName xmlns="http://www.tei-c.org/ns/1.0"><forename type="first">Jimmy</forename><surname>Kingma</surname></persName>
		</author>
		<author>
			<persName xmlns="http://www.tei-c.org/ns/1.0"><surname>Ba</surname></persName>
		</author>
	</analytic>
	<monogr>
		<title level="m">Proceedings of International Conference on Learning Representation (ICLR</title>
		<meeting>International Conference on Learning Representation (ICLR</meeting>
		<imprint>
			<date type="published" when="2015" />
		</imprint>
	</monogr>
</biblStruct>

<biblStruct xml:id="b9">
	<analytic>
		<title level="a" type="main">Auto-encoding variational bayes</title>
		<author>
			<persName xmlns="http://www.tei-c.org/ns/1.0"><forename type="first">P</forename><surname>Diederik</surname></persName>
		</author>
		<author>
			<persName xmlns="http://www.tei-c.org/ns/1.0"><forename type="first">Max</forename><surname>Kingma</surname></persName>
		</author>
		<author>
			<persName xmlns="http://www.tei-c.org/ns/1.0"><surname>Welling</surname></persName>
		</author>
	</analytic>
	<monogr>
		<title level="m">Proceedings of International Conference on Learning Representations</title>
		<meeting>International Conference on Learning Representations</meeting>
		<imprint>
			<date type="published" when="2014" />
		</imprint>
	</monogr>
</biblStruct>

<biblStruct xml:id="b10">
	<analytic>
		<title level="a" type="main">Online adaptive methods, universality and acceleration</title>
		<author>
			<persName xmlns="http://www.tei-c.org/ns/1.0"><forename type="first">Yehuda Kfir</forename><surname>Levy</surname></persName>
		</author>
		<author>
			<persName xmlns="http://www.tei-c.org/ns/1.0"><forename type="first">Alp</forename><surname>Yurtsever</surname></persName>
		</author>
		<author>
			<persName xmlns="http://www.tei-c.org/ns/1.0"><forename type="first">Volkan</forename><surname>Cevher</surname></persName>
		</author>
	</analytic>
	<monogr>
		<title level="m">Advances in Neural Information Processing Systems</title>
		<imprint>
			<date type="published" when="2018" />
			<biblScope unit="page" from="6500" to="6509" />
		</imprint>
	</monogr>
</biblStruct>

<biblStruct xml:id="b11">
	<analytic>
		<title level="a" type="main">Decoupled weight decay regularization</title>
		<author>
			<persName xmlns="http://www.tei-c.org/ns/1.0"><forename type="first">Ilya</forename><surname>Loshchilov</surname></persName>
		</author>
		<author>
			<persName xmlns="http://www.tei-c.org/ns/1.0"><forename type="first">Frank</forename><surname>Hutter</surname></persName>
		</author>
	</analytic>
	<monogr>
		<title level="m">Proceedings of 4th International Conference on Learning Representations</title>
		<meeting>4th International Conference on Learning Representations</meeting>
		<imprint>
			<date type="published" when="2019" />
		</imprint>
	</monogr>
</biblStruct>

<biblStruct xml:id="b12">
	<analytic>
		<title level="a" type="main">Reading digits in natural images with unsupervised feature learning</title>
		<author>
			<persName xmlns="http://www.tei-c.org/ns/1.0"><forename type="first">Yuval</forename><surname>Netzer</surname></persName>
		</author>
		<author>
			<persName xmlns="http://www.tei-c.org/ns/1.0"><forename type="first">Tao</forename><surname>Wang</surname></persName>
		</author>
		<author>
			<persName xmlns="http://www.tei-c.org/ns/1.0"><forename type="first">Adam</forename><surname>Coates</surname></persName>
		</author>
		<author>
			<persName xmlns="http://www.tei-c.org/ns/1.0"><forename type="first">Alessandro</forename><surname>Bissacco</surname></persName>
		</author>
		<author>
			<persName xmlns="http://www.tei-c.org/ns/1.0"><forename type="first">Bo</forename><surname>Wu</surname></persName>
		</author>
		<author>
			<persName xmlns="http://www.tei-c.org/ns/1.0"><forename type="first">Andrew Y</forename><surname>Ng</surname></persName>
		</author>
	</analytic>
	<monogr>
		<title level="m">NIPS Workshop on Deep Learning and Unsupervised Feature Learning</title>
		<imprint>
			<date type="published" when="2011" />
		</imprint>
	</monogr>
</biblStruct>

<biblStruct xml:id="b13">
	<analytic>
		<title level="a" type="main">On the momentum term in gradient descent learning algorithms</title>
		<author>
			<persName xmlns="http://www.tei-c.org/ns/1.0"><surname>Ning Qian</surname></persName>
		</author>
	</analytic>
	<monogr>
		<title level="j">Neural Networks</title>
		<imprint>
			<biblScope unit="volume">12</biblScope>
			<biblScope unit="issue">1</biblScope>
			<biblScope unit="page" from="145" to="151" />
			<date type="published" when="1999" />
		</imprint>
	</monogr>
</biblStruct>

<biblStruct xml:id="b14">
	<analytic>
		<title level="a" type="main">On the convergence of ADAM and beyond</title>
		<author>
			<persName xmlns="http://www.tei-c.org/ns/1.0"><forename type="first">J</forename><surname>Sashank</surname></persName>
		</author>
		<author>
			<persName xmlns="http://www.tei-c.org/ns/1.0"><forename type="first">Satyen</forename><surname>Reddi</surname></persName>
		</author>
		<author>
			<persName xmlns="http://www.tei-c.org/ns/1.0"><forename type="first">Sanjiv</forename><surname>Kale</surname></persName>
		</author>
		<author>
			<persName xmlns="http://www.tei-c.org/ns/1.0"><surname>Kumar</surname></persName>
		</author>
	</analytic>
	<monogr>
		<title level="m">Proceedings of International Conference on Learning Representation (ICLR)</title>
		<meeting>International Conference on Learning Representation (ICLR)</meeting>
		<imprint>
			<date type="published" when="2018" />
		</imprint>
	</monogr>
</biblStruct>

<biblStruct xml:id="b15">
	<analytic>
		<title level="a" type="main">Stochastic backpropagation and approximate inference in deep generative models</title>
		<author>
			<persName xmlns="http://www.tei-c.org/ns/1.0"><forename type="first">Danilo</forename><surname>Jimenez Rezende</surname></persName>
		</author>
		<author>
			<persName xmlns="http://www.tei-c.org/ns/1.0"><forename type="first">Shakir</forename><surname>Mohamed</surname></persName>
		</author>
		<author>
			<persName xmlns="http://www.tei-c.org/ns/1.0"><forename type="first">Daan</forename><surname>Wierstra</surname></persName>
		</author>
	</analytic>
	<monogr>
		<title level="m">Proceedings of the 31st International Conference on Machine Learning</title>
		<meeting>the 31st International Conference on Machine Learning</meeting>
		<imprint>
			<date type="published" when="2014" />
		</imprint>
	</monogr>
</biblStruct>

<biblStruct xml:id="b16">
	<monogr>
		<title level="m" type="main">An overview of gradient descent optimization algorithms</title>
		<author>
			<persName xmlns="http://www.tei-c.org/ns/1.0"><forename type="first">Sebastian</forename><surname>Ruder</surname></persName>
		</author>
		<idno type="arXiv">arXiv:1609.04747</idno>
		<imprint>
			<date type="published" when="2016" />
		</imprint>
	</monogr>
	<note>preprint</note>
</biblStruct>

<biblStruct xml:id="b17">
	<analytic>
		<title level="a" type="main">Dropout: a simple way to prevent neural networks from overfitting</title>
		<author>
			<persName xmlns="http://www.tei-c.org/ns/1.0"><forename type="first">Nitish</forename><surname>Srivastava</surname></persName>
		</author>
		<author>
			<persName xmlns="http://www.tei-c.org/ns/1.0"><forename type="first">Geoffrey</forename><surname>Hinton</surname></persName>
		</author>
		<author>
			<persName xmlns="http://www.tei-c.org/ns/1.0"><forename type="first">Alex</forename><surname>Krizhevsky</surname></persName>
		</author>
		<author>
			<persName xmlns="http://www.tei-c.org/ns/1.0"><forename type="first">Ilya</forename><surname>Sutskever</surname></persName>
		</author>
		<author>
			<persName xmlns="http://www.tei-c.org/ns/1.0"><forename type="first">Ruslan</forename><surname>Salakhutdinov</surname></persName>
		</author>
	</analytic>
	<monogr>
		<title level="j">The Journal of Machine Learning Research</title>
		<imprint>
			<biblScope unit="volume">15</biblScope>
			<biblScope unit="issue">1</biblScope>
			<biblScope unit="page" from="1929" to="1958" />
			<date type="published" when="2014" />
		</imprint>
	</monogr>
</biblStruct>

<biblStruct xml:id="b18">
	<analytic>
		<title level="a" type="main">Lecture 6.5-rmsprop: Divide the gradient by a running average of its recent magnitude</title>
		<author>
			<persName xmlns="http://www.tei-c.org/ns/1.0"><forename type="first">Tijmen</forename><surname>Tieleman</surname></persName>
		</author>
		<author>
			<persName xmlns="http://www.tei-c.org/ns/1.0"><forename type="first">Geoffrey</forename><surname>Hinton</surname></persName>
		</author>
	</analytic>
	<monogr>
		<title level="m">COURS-ERA: Neural Networks for Machine Learning</title>
		<imprint>
			<date type="published" when="2012" />
			<biblScope unit="volume">4</biblScope>
			<biblScope unit="page" from="26" to="31" />
		</imprint>
	</monogr>
</biblStruct>

<biblStruct xml:id="b19">
	<monogr>
		<title level="m" type="main">Fashion-MNIST: a novel image dataset for benchmarking machine learning algorithms</title>
		<author>
			<persName xmlns="http://www.tei-c.org/ns/1.0"><forename type="first">Han</forename><surname>Xiao</surname></persName>
		</author>
		<author>
			<persName xmlns="http://www.tei-c.org/ns/1.0"><forename type="first">Kashif</forename><surname>Rasul</surname></persName>
		</author>
		<author>
			<persName xmlns="http://www.tei-c.org/ns/1.0"><forename type="first">Roland</forename><surname>Vollgraf</surname></persName>
		</author>
		<idno type="arXiv">arXiv:1708.07747</idno>
		<imprint>
			<date type="published" when="2017" />
		</imprint>
	</monogr>
	<note>preprint</note>
</biblStruct>

<biblStruct xml:id="b20">
	<analytic>
		<title level="a" type="main">Stochastic convex optimization: Faster local growth implies faster global convergence</title>
		<author>
			<persName xmlns="http://www.tei-c.org/ns/1.0"><forename type="first">Yi</forename><surname>Xu</surname></persName>
		</author>
		<author>
			<persName xmlns="http://www.tei-c.org/ns/1.0"><forename type="first">Qihang</forename><surname>Lin</surname></persName>
		</author>
		<author>
			<persName xmlns="http://www.tei-c.org/ns/1.0"><forename type="first">Tianbao</forename><surname>Yang</surname></persName>
		</author>
	</analytic>
	<monogr>
		<title level="m">Proceedings of the 34th International Conference on Machine Learning</title>
		<meeting>the 34th International Conference on Machine Learning</meeting>
		<imprint>
			<date type="published" when="2017" />
			<biblScope unit="volume">70</biblScope>
			<biblScope unit="page" from="3821" to="3830" />
		</imprint>
	</monogr>
</biblStruct>

<biblStruct xml:id="b21">
	<monogr>
		<title level="m" type="main">Adadelta: an adaptive learning rate method</title>
		<author>
			<persName xmlns="http://www.tei-c.org/ns/1.0"><forename type="first">D</forename><surname>Matthew</surname></persName>
		</author>
		<author>
			<persName xmlns="http://www.tei-c.org/ns/1.0"><surname>Zeiler</surname></persName>
		</author>
		<idno type="arXiv">arXiv:1212.5701</idno>
		<imprint>
			<date type="published" when="2012" />
		</imprint>
	</monogr>
	<note>preprint</note>
</biblStruct>

<biblStruct xml:id="b22">
	<monogr>
		<title level="m" type="main">On the convergence of adaptive gradient methods for nonconvex optimization</title>
		<author>
			<persName xmlns="http://www.tei-c.org/ns/1.0"><forename type="first">Dongruo</forename><surname>Zhou</surname></persName>
		</author>
		<author>
			<persName xmlns="http://www.tei-c.org/ns/1.0"><forename type="first">Yiqi</forename><surname>Tang</surname></persName>
		</author>
		<author>
			<persName xmlns="http://www.tei-c.org/ns/1.0"><forename type="first">Ziyan</forename><surname>Yang</surname></persName>
		</author>
		<author>
			<persName xmlns="http://www.tei-c.org/ns/1.0"><forename type="first">Yuan</forename><surname>Cao</surname></persName>
		</author>
		<author>
			<persName xmlns="http://www.tei-c.org/ns/1.0"><forename type="first">Quanquan</forename><surname>Gu</surname></persName>
		</author>
		<idno type="arXiv">arXiv:1808.05671</idno>
		<imprint>
			<date type="published" when="2018" />
		</imprint>
	</monogr>
	<note>preprint</note>
</biblStruct>

<biblStruct xml:id="b23">
	<analytic>
		<title level="a" type="main">Online convex programming and generalized infinitesimal gradient ascent</title>
		<author>
			<persName xmlns="http://www.tei-c.org/ns/1.0"><forename type="first">Martin</forename><surname>Zinkevich</surname></persName>
		</author>
	</analytic>
	<monogr>
		<title level="m">Proceedings of the 20th International Conference on Machine Learning</title>
		<meeting>the 20th International Conference on Machine Learning</meeting>
		<imprint>
			<date type="published" when="2003" />
			<biblScope unit="page" from="928" to="936" />
		</imprint>
	</monogr>
</biblStruct>

<biblStruct xml:id="b24">
	<monogr>
		<title level="m" type="main">On the convergence of weighted Ada-Grad with momentum for training deep neural networks</title>
		<author>
			<persName xmlns="http://www.tei-c.org/ns/1.0"><forename type="first">Fangyu</forename><surname>Zou</surname></persName>
		</author>
		<author>
			<persName xmlns="http://www.tei-c.org/ns/1.0"><forename type="first">Li</forename><surname>Shen</surname></persName>
		</author>
		<idno type="arXiv">arXiv:1808.03408</idno>
		<imprint>
			<date type="published" when="2018" />
		</imprint>
	</monogr>
	<note>preprint</note>
</biblStruct>

<biblStruct xml:id="b25">
	<analytic>
		<title level="a" type="main">A sufficient condition for convergences of ADAM and RMSProp</title>
		<author>
			<persName xmlns="http://www.tei-c.org/ns/1.0"><forename type="first">Fangyu</forename><surname>Zou</surname></persName>
		</author>
		<author>
			<persName xmlns="http://www.tei-c.org/ns/1.0"><forename type="first">Li</forename><surname>Shen</surname></persName>
		</author>
		<author>
			<persName xmlns="http://www.tei-c.org/ns/1.0"><forename type="first">Zequn</forename><surname>Jie</surname></persName>
		</author>
		<author>
			<persName xmlns="http://www.tei-c.org/ns/1.0"><forename type="first">Weizhong</forename><surname>Zhang</surname></persName>
		</author>
		<author>
			<persName xmlns="http://www.tei-c.org/ns/1.0"><forename type="first">Wei</forename><surname>Liu</surname></persName>
		</author>
	</analytic>
	<monogr>
		<title level="m">Proceedings of the IEEE Conference on Computer Vision and Pattern Recognition</title>
		<meeting>the IEEE Conference on Computer Vision and Pattern Recognition</meeting>
		<imprint>
			<date type="published" when="2019" />
			<biblScope unit="page" from="11127" to="11135" />
		</imprint>
	</monogr>
</biblStruct>

				</listBibl>
			</div>
		</back>
	</text>
</TEI>
