<?xml version="1.0" encoding="UTF-8"?>
<TEI xml:space="preserve" xmlns="http://www.tei-c.org/ns/1.0" 
xmlns:xsi="http://www.w3.org/2001/XMLSchema-instance" 
xsi:schemaLocation="http://www.tei-c.org/ns/1.0 /home/varun/Desktop/NLP/Projects/grobid-0.5.6/grobid-home/schemas/xsd/Grobid.xsd"
 xmlns:xlink="http://www.w3.org/1999/xlink">
	<teiHeader xml:lang="en">
		<fileDesc>
			<titleStmt>
				<title level="a" type="main">Bilingually-constrained Synthetic Data for Implicit Discourse Relation Recognition</title>
			</titleStmt>
			<publicationStmt>
				<publisher/>
				<availability status="unknown"><licence/></availability>
				<date>November 1-5, 2016</date>
			</publicationStmt>
			<sourceDesc>
				<biblStruct>
					<analytic>
						<author>
							<persName xmlns="http://www.tei-c.org/ns/1.0"><forename type="first">Changxing</forename><surname>Wu</surname></persName>
							<affiliation key="aff1">
								<orgName type="department">School of Information Science and Technology</orgName>
								<orgName type="institution">Xiamen University</orgName>
								<address>
									<country key="CN">China</country>
								</address>
							</affiliation>
							<affiliation key="aff2">
								<orgName type="department">School of Software</orgName>
								<orgName type="institution">Xiamen University</orgName>
								<address>
									<country key="CN">China</country>
								</address>
							</affiliation>
						</author>
						<author>
							<persName xmlns="http://www.tei-c.org/ns/1.0"><forename type="first">Xiaodong</forename><surname>Shi</surname></persName>
							<affiliation key="aff1">
								<orgName type="department">School of Information Science and Technology</orgName>
								<orgName type="institution">Xiamen University</orgName>
								<address>
									<country key="CN">China</country>
								</address>
							</affiliation>
							<affiliation key="aff2">
								<orgName type="department">School of Software</orgName>
								<orgName type="institution">Xiamen University</orgName>
								<address>
									<country key="CN">China</country>
								</address>
							</affiliation>
						</author>
						<author>
							<persName xmlns="http://www.tei-c.org/ns/1.0"><forename type="first">Yidong</forename><surname>Cheng</surname></persName>
							<email>ydchen@xmu.edu.cn</email>
							<affiliation key="aff1">
								<orgName type="department">School of Information Science and Technology</orgName>
								<orgName type="institution">Xiamen University</orgName>
								<address>
									<country key="CN">China</country>
								</address>
							</affiliation>
							<affiliation key="aff2">
								<orgName type="department">School of Software</orgName>
								<orgName type="institution">Xiamen University</orgName>
								<address>
									<country key="CN">China</country>
								</address>
							</affiliation>
						</author>
						<author>
							<persName xmlns="http://www.tei-c.org/ns/1.0"><forename type="first">Yanzhou</forename><surname>Huang</surname></persName>
							<email>huangyanzhou163@163.com</email>
							<affiliation key="aff1">
								<orgName type="department">School of Information Science and Technology</orgName>
								<orgName type="institution">Xiamen University</orgName>
								<address>
									<country key="CN">China</country>
								</address>
							</affiliation>
							<affiliation key="aff2">
								<orgName type="department">School of Software</orgName>
								<orgName type="institution">Xiamen University</orgName>
								<address>
									<country key="CN">China</country>
								</address>
							</affiliation>
						</author>
						<author>
							<persName xmlns="http://www.tei-c.org/ns/1.0"><forename type="first">Jinsong</forename><surname>Su</surname></persName>
							<email>jssu@xmu.edu.cn</email>
						</author>
						<author>
							<affiliation key="aff0">
								<orgName type="department">Fujian Key Lab of the Brain-like Intelligent Systems</orgName>
								<orgName type="institution">Xiamen University</orgName>
								<address>
									<country key="CN">China</country>
								</address>
							</affiliation>
						</author>
						<title level="a" type="main">Bilingually-constrained Synthetic Data for Implicit Discourse Relation Recognition</title>
					</analytic>
					<monogr>
						<title level="m">Proceedings of the 2016 Conference on Empirical Methods in Natural Language Processing</title>
						<meeting>the 2016 Conference on Empirical Methods in Natural Language Processing <address><addrLine>Austin, Texas</addrLine></address>
						</meeting>
						<imprint>
							<biblScope unit="page" from="2306" to="2312"/>
							<date type="published">November 1-5, 2016</date>
						</imprint>
					</monogr>
				</biblStruct>
			</sourceDesc>
		</fileDesc>

		<encodingDesc>
			<appInfo>
				<application version="0.5.6" ident="GROBID" when="2020-04-20T12:41+0000">
					<ref target="https://github.com/kermitt2/grobid">GROBID - A machine learning software for extracting information from scholarly documents</ref>
				</application>
			</appInfo>
		</encodingDesc>		<profileDesc>
			<abstract>
<div xmlns="http://www.tei-c.org/ns/1.0"><p>To alleviate the shortage of labeled data, we propose to use bilingually-constrained synthetic implicit data for implicit discourse relation recognition. These data are extracted from a bilingual sentence-aligned corpus according to the implicit/explicit mismatch between different languages.</p><p>Incorporating these data via a multi-task neural network model achieves significant improvements over baselines, on both the English PDTB and Chinese CDTB data sets.</p></div>
			</abstract>
		</profileDesc>
	</teiHeader>
	<text xml:lang="en">
		<body>
<div xmlns="http://www.tei-c.org/ns/1.0"><head n="1">Introduction</head><p>Discovering the discourse relation between two sentences is crucial to understanding the meaning of a coherent text, and also beneficial to many downstream NLP applications, such as question answering and machine translation. Implicit discourse relation recognition (DRR imp ) remains a challenging task due to the absence of strong surface clues like discourse connectives (e.g. but). Most work resorts to large amounts of manually designed features <ref type="bibr" target="#b23">(Soricut and Marcu, 2003;</ref><ref type="bibr" target="#b19">Pitler et al., 2009;</ref><ref type="bibr" target="#b10">Lin et al., 2009;</ref><ref type="bibr" target="#b14">Louis et al., 2010;</ref><ref type="bibr" target="#b21">Rutherford and Xue, 2014)</ref>, or distributed features learned via neural network models <ref type="bibr" target="#b1">(Braud and Denis, 2015;</ref>. The above methods usually suffer from limited labeled data. <ref type="bibr" target="#b17">Marcu and Echihabi (2002)</ref> attempt to create labeled implicit data automatically by removing connectives from explicit instances, as additional training data. These data are usually called as syn- * Corresponding author. thetic implicit data (hereafter SynData). However, <ref type="bibr" target="#b24">Sporleder and Lascarides (2008)</ref> argue that SynData has two drawbacks: 1) meaning shifts in some cases when removing connectives, and 2) a different word distribution with the real implicit data. They also show that using SynData directly degrades the performance. Recent work seeks to derive valuable information from SynData while filtering noise, via domain adaptation <ref type="bibr">(Braud and Denis, 2014;</ref>, classifying connectives <ref type="bibr" target="#b22">(Rutherford and Xue, 2015)</ref> or multi-task learning <ref type="bibr" target="#b7">(Lan et al., 2013;</ref><ref type="bibr" target="#b13">Liu et al., 2016)</ref>, and shows promising results. society reckon existence youth problems, but many young people think themselves no problems. <ref type="figure">Figure 1</ref>: An example illustrating the implicit/explicit mismatch between Chinese (ch) and English (en). A Chinese implicit instance is translated into an English explicit one. In the PDTB, a discourse instance is defined as a connective (e.g. but)</p><p>taking two arguments (Arg1 and Arg2).</p><p>Different from previous work, we propose to construct bilingually-constrained synthetic implicit data (called BiSynData) for DRR imp , which can alleviate the drawbacks of SynData. Our method is inspired by the findings that a discourse instance expressed implicitly in one language may be expressed explicitly in another. For example, <ref type="bibr" target="#b27">Zhou and Xue (2012)</ref> show that the connectives in Chinese omit much more frequently than those in English with about 82.0% vs. 54.5%. <ref type="bibr" target="#b8">Li et al. (2014a)</ref> further argue that there are about 23.3% implicit/explicit mismatchs between Chinese/English instances. As illustrated in <ref type="figure">Figure 1</ref>, a Chinese implicit instance where the connective ´is absent, is translated into an English explicit one with the connective but. Intuitively, the Chinese instance is a real implicit one which can be signaled by but. Hence, it could potentially serve as additional training data for the Chinese DRR imp , avoiding the different word distribution problem of SynData. Meanwhile, for the English explicit instance, it is very likely that removing but would not lose any information since its Chinese counterpart ´can be omitted. Therefore it could be used for the English DRR imp , alleviating the meaning shift problem of SynData.</p><p>We extract our BiSynData from a Chinese-English sentence-aligned corpus (Section 2). Then we design a multi-task neural network model to incorporate the BiSynData (Section 3). Experimental results, on both the English PDTB <ref type="bibr" target="#b20">(Prasad et al., 2008)</ref> and Chinese CDTB <ref type="bibr" target="#b9">(Li et al., 2014b)</ref>, show that BiSynData is more effective than SynData used in previous work (Section 4). Finally, we review the related work (Section 5) and draw conclusions (Section 6).</p></div>
<div xmlns="http://www.tei-c.org/ns/1.0"><head n="2">BiSynData</head><p>Formally, given a Chinese-English sentence pair (S ch , S en ), we try to find an English explicit instance (Arg1 en , Arg2 en , Conn en ) in S en 1 , and a Chinese implicit instance (Arg1 ch , Arg2 ch ) in S ch , where (Arg1 en , Arg2 en , Conn en ) is the translation of (Arg1 ch , Arg2 ch ). In most cases, discourse relations should be preserved during translating, so the connective Conn en is potentially a strong indicator of the discourse relation between not only Arg1 en and Arg2 en , but also Arg1 ch and Arg2 ch . Therefore, we can construct two synthetic implicit instances labeled by Conn en , denoted as (Arg1 en , Arg2 en ), Conn en and (Arg1 ch , Arg2 ch ), Conn en , respectively. We refer to these synthetic instances as BiSynData be- In our experiments, we extract our BiSynData from a combined corpus (FBIS and HongKong Law), with about 2.38 million Chinese-English sentence pairs. We generate 30,032 synthetic English instances and the same number of Chinese instances, with 80 connectives, as our BiSynData. <ref type="table" target="#tab_1">Table 1</ref> lists the top 10 most frequent connectives in our BiSynData, which are roughly consistent with the statistics of Chinese/English implicit/explicit mismatches in <ref type="bibr" target="#b8">(Li et al., 2014a)</ref>. According to connectives and their related relations in the PDTB, in most cases, and and also indicate the Expansion relation, if and because the Contigency relation, bef ore the T emporal relation, and but the Comparison relation. Connectives as, when, while and since are ambiguous. For example, while can indicate the Comparison or T emporal relation. Overall, our constructed BiSynData covers all four main discourse relations defined in the PDTB.</p><p>With our BiSynData, we define two connective classification tasks: 1) given (Arg1 en , Arg2 en ) to predict the connective Conn en , and 2) given (Arg1 ch , Arg2 ch ) to predict Conn en . We incorporate the first task to help the English DRR imp , and the second for the Chinese DRR imp . It is worthy to note that we use English connectives themselves as classification labels rather than mapping them to relations in both tasks. two tasks are essentially the same, just with different output labels. Therefore, as illustrated in <ref type="figure" target="#fig_0">Figure 2</ref>, M T N shares parameters in all feature layers (L 1 -L 3 ) and uses two separate classifiers in the classifier layer (L 4 ). For each task, given an instance (Arg 1 , Arg 2 ), M T N simply averages embeddings of words to represent arguments, as v Arg 1 and v Arg 2 . These two vectors are then concatenated and transformed through two non-linear hidden layers. Finally, the corresponding sof tmax layer is used to perform classification. M T N ignores the word order in arguments and uses two hidden layers to capture the interactions between two arguments. The idea behind M T N is borrowed from <ref type="bibr" target="#b4">(Iyyer et al., 2015)</ref>, where a deep averaging network achieves close to the state-ofthe-art performance on text classification. Though M T N is simple, it is easy to train and efficient on both memory and computational cost. In addition, the simplicity of M T N allows us to focus on measuring the quality of BiSynData.</p><p>We use the cross-entropy loss function and minibatch AdaGrad <ref type="bibr" target="#b3">(Duchi et al., 2011)</ref> to optimize parameters. Pre-trained word embeddings are fixed. We find that fine-tuning word embeddings during training leads to severe overfitting in our experiments. Following <ref type="bibr" target="#b13">Liu et al. (2016)</ref>, we alternately use two tasks to train the model, one task per epoch. For tasks on both the PDTB and CDTB, we use the same hyper-parameters. The dimension of word embedding is 100. We set the size of L 2 to 200, and L 3 to 100. ReLU is used as the non-linear function. Different learning rates 0.005 and 0.001 are used in the main and auxiliary tasks, respectively. To avoid overfitting, we randomly drop out 20% words in each argument following <ref type="bibr" target="#b4">Iyyer et al. (2015)</ref>. All hyper-parameters are tuned on the development set.</p></div>
<div xmlns="http://www.tei-c.org/ns/1.0"><head n="4">Experiments</head><p>We evaluate our method on both the English PDTB and Chinese CDTB data sets. We tokenize English data and segment Chinese data using the Stanford CoreNLP toolkit <ref type="bibr" target="#b16">(Manning et al., 2014)</ref>. The English/Chinese Gigaword corpus (3rd edition) is used to train the English/Chinese word embeddings via word2vec <ref type="bibr" target="#b18">(Mikolov et al., 2013)</ref>, respectively. Due to the skewed class distribution of test data (see Section 4.1), we use the macro-averaged F 1 for performance evaluation. <ref type="formula">(2015)</ref>   <ref type="table" target="#tab_3">Table 2</ref> shows the results of M T N combining our BiSynData (denoted as M T N bi ) on the PDTB.</p></div>
<div xmlns="http://www.tei-c.org/ns/1.0"><head n="4.1">On the PDTB</head></div>
<div xmlns="http://www.tei-c.org/ns/1.0"><head>Following Rutherford and Xue</head><p>ST N means we train M T N with only the main task. On the macro F 1 , M T N bi gains an improvement of 4.17% over ST N . The improvement is significant under one-tailed t-test (p&lt;0.05). A closer look into the results shows that M T N bi performs better across all relations, on the precision, recall and F 1 score, except a little drop on the recall of Cont. The reason for the recall drop of Cont is not clear. The greatest improvement is observed on Comp, up to 6.36% F 1 score. The possible reason is that only while is ambiguous about Comp and T emp, while as, when and since are all ambiguous about T emp and Cont, among top 10 connectives in our BiSynData. Meanwhile the amount of labeled data for Comp is relatively small. Overall, using BiSynData under our multi-task model achieves significant improvements on the English DRR imp . We believe the reasons for the improvements are twofold: 1) the added synthetic English instances from our BiSynData can alleviate the meaning shift problem, and 2) a multi-task learning method is helpful for addressing the different word distribution problem between implicit and explicit data.</p><p>Considering some of the English connectives (e.g., while) are highly ambiguous, we compare our method with ones that uses only unambiguous connectives. Specifically, we first discard as, when, while and since in top 20 connectives, and get 22,999 synthetic instances. Then, we leverage these instances in two different ways: 1) using them in our multi-task model as above, and 2) using them as additional training data directly after mapping unambiguous connectives into relations. Both methods using only unambiguous connectives do not achieve better performance. One possible reason is that these synthetic instances become more unbalanced after discarding ones with ambiguous connectives.</p><p>We also compare M T N bi with recent systems using additional training data. <ref type="bibr" target="#b22">Rutherford and Xue (2015)</ref> select explicit instances that are similar to the implicit ones via connective classification, to enrich the training data. <ref type="bibr" target="#b13">Liu et al. (2016)</ref> use a multi-task model with three auxiliary tasks: 1) conn: connective classification on explicit instances, 2) exp: relation classification on the labeled explicit instances in the PDTB, and 3) rst: relation classification on the labeled RST corpus (William and Thompson,  1988), which defines different discourse relations with that in the PDTB. The results are shown in Table 3. Although <ref type="bibr" target="#b13">Liu et al. (2016)</ref> achieve the stateof-the-art performance (Line 5), they use two additional labeled corpora. We can find that M T N bi (Line 6) yields better results than those systems incorporating SynData (Line 1, 2 and 3), or even the labeled RST (Line 4). These results confirm that BiSynData can indeed alleviate the disadvantages of SynData effectively.  The results in <ref type="table" target="#tab_9">Table 5</ref> show that M T N incorporating BiSynData (Line 3) performs better than using SynData (Line 1 and 2), for the task on the CDTB.  </p></div>
<div xmlns="http://www.tei-c.org/ns/1.0"><head n="4.2">On the CDTB</head></div>
<div xmlns="http://www.tei-c.org/ns/1.0"><head n="5">Related Work</head><p>One line of research related to DRR imp tries to take advantage of explicit discourse data. <ref type="bibr" target="#b28">Zhou et al. (2010)</ref> predict the absent connectives based on a language model. Using these predicted connectives as features is proven to be helpful. <ref type="bibr" target="#b0">Biran and McKeown (2013)</ref> aggregate word-pair features that are collected around the same connectives, which can effectively alleviate the feature sparsity problem. More recently, <ref type="bibr">Braud and Denis (2014)</ref> and  consider explicit data from a different domain, and use domain adaptation methods to explore the effect of them. <ref type="bibr" target="#b22">Rutherford and Xue (2015)</ref> propose to gather weakly labeled data from explicit instances via connective classification, which are used as additional training data directly. <ref type="bibr" target="#b7">Lan et al. (2013)</ref> and <ref type="bibr" target="#b13">Liu et al. (2016)</ref> combine explicit and implicit data using multi-task learning models and gain improvements. Different from all the above work, we construct additional training data from a bilingual corpus. Multi-task neural networks have been successfully used for many NLP tasks. For example, <ref type="bibr" target="#b2">Collobert et al. (2011)</ref> jointly train models for the Partof-Speech tagging, chunking, named entity recognition and semantic role labeling using convolutional network. <ref type="bibr" target="#b12">Liu et al. (2015)</ref> successfully combine the tasks of query classification and ranking for web search using a deep multi-task neural network. Luong et al. (2016) explore multi-task sequence to sequence learning for constituency parsing, image caption generation and machine translation.</p></div>
<div xmlns="http://www.tei-c.org/ns/1.0"><head n="6">Conclusion</head><p>In this paper, we introduce bilingually-constrained synthetic implicit data (BiSynData), which are generated based on the bilingual implicit/explicit mismatch, into implicit discourse relation recognition for the first time. On both the PDTB and CDTB, using BiSynData as the auxiliary task significantly improves the performance of the main task. We also show that BiSynData is more beneficial than the synthetic implicit data typically used in previous work. Since the lack of labeled data is a major challenge for implicit discourse relation classification, our proposed BiSynData can enrich the training data and then benefit future work.</p></div><figure xmlns="http://www.tei-c.org/ns/1.0" xml:id="fig_0"><head>Figure 2 :</head><label>2</label><figDesc>M T N with four layers L1-L4.</figDesc></figure>
<figure xmlns="http://www.tei-c.org/ns/1.0" type="table" xml:id="tab_0" validated="false"><head></head><label></label><figDesc>ch: [社会 认为 有 青少年 问题,] Arg1 en: [society reckons the existence of youth problems, ] Arg1 implicit=但是 [很多 青少年 认为 自己 没 问题.] Arg2 but [many young people do not think there is anything wrong with them.] Arg2</figDesc><table></table></figure>
<figure xmlns="http://www.tei-c.org/ns/1.0" type="table" xml:id="tab_1" validated="false"><head>Table 1 :</head><label>1</label><figDesc>cause they are constructed according to the bilingual implicit/explicit mismatch. Top 10 most frequent connectives in our BiSynData.</figDesc><table>Conn. 
Freq. 
Conn. 
Freq. 
and 
14294 
while 
1031 
if 
2580 
bef ore 
822 
as 
1951 
also 
552 
when 
1521 
since 
511 
but 
1122 
because 
503 

</table></figure>
<figure xmlns="http://www.tei-c.org/ns/1.0" type="table" xml:id="tab_2" validated="false"><head></head><label></label><figDesc>, we perform a 4-way classification on the top-level discourse relations: T emporal (T emp), Comparison (Comp), Contigency (Cont) and Expansion (Expa). Sections 2-20 are used as training set, sections 0-1 as development set and sections 21-22 as test set. The training/test set contains 582/55 instances for T emp, 1855/145 for Comp, 3235/273 for Cont and 6673/538 for Expa. The top 20 most frequent connectives in our BiSynData are considered in the auxiliary task, with 28,013 synthetic English instances in total.</figDesc><table>ST N 
M T N bi 
T emp 
P 
33.33 
34.48 
R 
14.55 
18.18 
F 1 
20.25 
23.81 
Comp 
P 
38.54 
42.11 
R 
25.52 
33.10 
F 1 
30.71 
37.07 
Cont 
P 
38.36 
44.22 
R 
41.03 
40.66 
F 1 
39.65 
42.37 
Expa 
P 
59.60 
62.56 
R 
66.36 
71.75 
F 1 
62.80 
66.84 
macro F 1 
38.35 
42.52 

</table></figure>
<figure xmlns="http://www.tei-c.org/ns/1.0" type="table" xml:id="tab_3" validated="false"><head>Table 2 :</head><label>2</label><figDesc>Results of 4-way classification on the PDTB.</figDesc><table></table></figure>
<figure xmlns="http://www.tei-c.org/ns/1.0" type="table" xml:id="tab_5" validated="false"><head>Table 3 :</head><label>3</label><figDesc>Comparison with recent systems on the PDTB. conn+ exp + rst means using three auxiliary tasks simultaneously.</figDesc><table></table></figure>
<figure xmlns="http://www.tei-c.org/ns/1.0" type="table" xml:id="tab_7" validated="false"><head>Table 4 :</head><label>4</label><figDesc>Results of 3-way classification on the CDTB. explicit instances in the CDTB, including 466 instances for Caus, 201 for Expl and 974 for Coor. 2) conn: connective classification on explicit instances from the Xinhua part of the Chinese Gigaword corpus. We collect explicit instances with the top 20 most frequent Chinese connectives and sample 20,000 instances for the experiment. Both exp and conn can be considered as tasks on SynData.</figDesc><table></table></figure>
<figure xmlns="http://www.tei-c.org/ns/1.0" type="table" xml:id="tab_9" validated="false"><head>Table 5 :</head><label>5</label><figDesc>M T N with different auxiliary tasks on the CDTB.</figDesc><table></table></figure>
			<note xmlns="http://www.tei-c.org/ns/1.0" place="foot" n="1">In our experiments, we use the pdtb-parser toolkit<ref type="bibr" target="#b11">(Lin et al., 2014)</ref> to identify English explicit instances.</note>
			<note xmlns="http://www.tei-c.org/ns/1.0" place="foot" n="3">Multi-Task Neural Network ModelWe design a Multi-task Neural Network Model (denoted as M T N ), which incorporates a connective classification task on BiSynData (auxiliary task) to benefit DRR imp (main task). In general, the more related two tasks are, the more powerful a multi-task learning method will be. In the current problem, the</note>
			<note xmlns="http://www.tei-c.org/ns/1.0" place="foot" n="2">Including and degrades the performance slightly. A possible reason is that and can be related to both the Expl and Coor relations in the CDTB, and instances marked by and account for about half of our BiSynData.</note>
		</body>
		<back>

			<div type="acknowledgement">
<div xmlns="http://www.tei-c.org/ns/1.0"><head>Acknowledgments</head><p>We would like to thank all the reviewers for their constructive and helpful suggestions on this paper. This work is partially supported by the Natural Sci- </p></div>
			</div>

			<div type="references">

				<listBibl>

<biblStruct xml:id="b0">
	<analytic>
		<title level="a" type="main">Combining Natural and Artificial Examples to Improve Implicit Discourse Relation Identification</title>
		<author>
			<persName xmlns="http://www.tei-c.org/ns/1.0"><forename type="first">Or</forename><surname>Biran</surname></persName>
		</author>
		<author>
			<persName xmlns="http://www.tei-c.org/ns/1.0"><forename type="first">Kathleen</forename><surname>Mckeown</surname></persName>
		</author>
	</analytic>
	<monogr>
		<title level="m">Proceedings of COLING</title>
		<meeting>COLING<address><addrLine>Sofia, Bulgaria; Dublin, Ireland</addrLine></address></meeting>
		<imprint>
			<date type="published" when="2013" />
			<biblScope unit="volume">2</biblScope>
			<biblScope unit="page" from="1694" to="1705" />
		</imprint>
	</monogr>
	<note>Proceedings of ACL</note>
</biblStruct>

<biblStruct xml:id="b1">
	<analytic>
		<title level="a" type="main">Comparing Word Representations for Implicit Discourse Relation Classification</title>
		<author>
			<persName xmlns="http://www.tei-c.org/ns/1.0"><forename type="first">Chloé</forename><surname>Braud</surname></persName>
		</author>
		<author>
			<persName xmlns="http://www.tei-c.org/ns/1.0"><forename type="first">Pascal</forename><surname>Denis</surname></persName>
		</author>
	</analytic>
	<monogr>
		<title level="m">Proceedings of EMNLP</title>
		<meeting>EMNLP<address><addrLine>Lisbon, Portugal</addrLine></address></meeting>
		<imprint>
			<date type="published" when="2015" />
			<biblScope unit="page" from="2201" to="2211" />
		</imprint>
	</monogr>
</biblStruct>

<biblStruct xml:id="b2">
	<analytic>
		<title level="a" type="main">Natural Language Processing (Almost) from Scratch</title>
		<author>
			<persName xmlns="http://www.tei-c.org/ns/1.0"><forename type="first">Ronan</forename><surname>Collobert</surname></persName>
		</author>
		<author>
			<persName xmlns="http://www.tei-c.org/ns/1.0"><forename type="first">Jason</forename><surname>Weston</surname></persName>
		</author>
		<author>
			<persName xmlns="http://www.tei-c.org/ns/1.0"><forename type="first">Léon</forename><surname>Bottou</surname></persName>
		</author>
		<author>
			<persName xmlns="http://www.tei-c.org/ns/1.0"><forename type="first">Michael</forename><surname>Karlen</surname></persName>
		</author>
		<author>
			<persName xmlns="http://www.tei-c.org/ns/1.0"><forename type="first">Koray</forename><surname>Kavukcuoglu</surname></persName>
		</author>
		<author>
			<persName xmlns="http://www.tei-c.org/ns/1.0"><forename type="first">Pavel</forename><surname>Kuksa</surname></persName>
		</author>
	</analytic>
	<monogr>
		<title level="j">Journal of Machine Learning Research</title>
		<imprint>
			<biblScope unit="volume">12</biblScope>
			<biblScope unit="issue">1</biblScope>
			<biblScope unit="page" from="2493" to="2537" />
			<date type="published" when="2011" />
		</imprint>
	</monogr>
</biblStruct>

<biblStruct xml:id="b3">
	<analytic>
		<title level="a" type="main">Adaptive Subgradient Methods for Online Learning and Stochastic Optimization</title>
		<author>
			<persName xmlns="http://www.tei-c.org/ns/1.0"><forename type="first">John</forename><surname>Duchi</surname></persName>
		</author>
		<author>
			<persName xmlns="http://www.tei-c.org/ns/1.0"><forename type="first">Elad</forename><surname>Hazan</surname></persName>
		</author>
		<author>
			<persName xmlns="http://www.tei-c.org/ns/1.0"><forename type="first">Yoram</forename><surname>Singer</surname></persName>
		</author>
	</analytic>
	<monogr>
		<title level="j">The Journal of Machine Learning Research</title>
		<imprint>
			<biblScope unit="volume">12</biblScope>
			<biblScope unit="page" from="2121" to="2159" />
			<date type="published" when="2011" />
		</imprint>
	</monogr>
</biblStruct>

<biblStruct xml:id="b4">
	<analytic>
		<title level="a" type="main">Deep Unordered Composition Rivals Syntactic Methods for Text Classification</title>
		<author>
			<persName xmlns="http://www.tei-c.org/ns/1.0"><forename type="first">Mohit</forename><surname>Iyyer</surname></persName>
		</author>
		<author>
			<persName xmlns="http://www.tei-c.org/ns/1.0"><forename type="first">Varun</forename><surname>Manjunatha</surname></persName>
		</author>
		<author>
			<persName xmlns="http://www.tei-c.org/ns/1.0"><forename type="first">Jordan</forename><surname>Boyd-Graber</surname></persName>
		</author>
		<author>
			<persName xmlns="http://www.tei-c.org/ns/1.0"><forename type="first">Hal</forename><surname>Daumé</surname></persName>
		</author>
		<author>
			<persName xmlns="http://www.tei-c.org/ns/1.0"><forename type="first">Iii</forename></persName>
		</author>
	</analytic>
	<monogr>
		<title level="m">Proceedings of ACL-IJCNLP</title>
		<meeting>ACL-IJCNLP<address><addrLine>Beijing, China</addrLine></address></meeting>
		<imprint>
			<date type="published" when="2015" />
			<biblScope unit="page" from="1681" to="1691" />
		</imprint>
	</monogr>
</biblStruct>

<biblStruct xml:id="b5">
	<analytic>
		<title level="a" type="main">One Vector is Not Enough: Entity-Augmented Distributed Semantics for Discourse Relations</title>
		<author>
			<persName xmlns="http://www.tei-c.org/ns/1.0"><forename type="first">Yangfeng</forename><surname>Ji</surname></persName>
		</author>
		<author>
			<persName xmlns="http://www.tei-c.org/ns/1.0"><forename type="first">Jacob</forename><surname>Eisenstein</surname></persName>
		</author>
	</analytic>
	<monogr>
		<title level="j">In Transactions of the Association for Computational Linguistics</title>
		<imprint>
			<biblScope unit="volume">3</biblScope>
			<biblScope unit="page" from="329" to="344" />
			<date type="published" when="2015" />
		</imprint>
	</monogr>
</biblStruct>

<biblStruct xml:id="b6">
	<analytic>
		<title level="a" type="main">Closing the Gap: Domain Adaptation from Explicit to Implicit Discourse Relations</title>
		<author>
			<persName xmlns="http://www.tei-c.org/ns/1.0"><forename type="first">Yangfeng</forename><surname>Ji</surname></persName>
		</author>
		<author>
			<persName xmlns="http://www.tei-c.org/ns/1.0"><forename type="first">Gongbo</forename><surname>Zhang</surname></persName>
		</author>
		<author>
			<persName xmlns="http://www.tei-c.org/ns/1.0"><forename type="first">Jacob</forename><surname>Eisenstein</surname></persName>
		</author>
	</analytic>
	<monogr>
		<title level="m">Proceedings of EMNLP</title>
		<meeting>EMNLP<address><addrLine>Lisbon, Portugal</addrLine></address></meeting>
		<imprint>
			<date type="published" when="2015" />
			<biblScope unit="page" from="2219" to="2224" />
		</imprint>
	</monogr>
</biblStruct>

<biblStruct xml:id="b7">
	<analytic>
		<title level="a" type="main">Leveraging Synthetic Discourse Data via Multi-task Learning for Implicit Discourse Relation Recognition</title>
		<author>
			<persName xmlns="http://www.tei-c.org/ns/1.0"><forename type="first">Man</forename><surname>Lan</surname></persName>
		</author>
		<author>
			<persName xmlns="http://www.tei-c.org/ns/1.0"><forename type="first">Yu</forename><surname>Xu</surname></persName>
		</author>
		<author>
			<persName xmlns="http://www.tei-c.org/ns/1.0"><forename type="first">Zhengyu</forename><surname>Niu</surname></persName>
		</author>
	</analytic>
	<monogr>
		<title level="m">Proceedings of ACL</title>
		<meeting>ACL<address><addrLine>Sofia, Bulgaria</addrLine></address></meeting>
		<imprint>
			<date type="published" when="2013" />
			<biblScope unit="page" from="476" to="485" />
		</imprint>
	</monogr>
</biblStruct>

<biblStruct xml:id="b8">
	<analytic>
		<title level="a" type="main">Cross-lingual Discourse Relation Analysis: A Corpus Study and a Semi-supervised Classification System</title>
		<author>
			<persName xmlns="http://www.tei-c.org/ns/1.0"><forename type="first">Jessy</forename><surname>Junyi</surname></persName>
		</author>
		<author>
			<persName xmlns="http://www.tei-c.org/ns/1.0"><forename type="first">Marine</forename><surname>Li</surname></persName>
		</author>
		<author>
			<persName xmlns="http://www.tei-c.org/ns/1.0"><forename type="first">Ani</forename><surname>Carpuat</surname></persName>
		</author>
		<author>
			<persName xmlns="http://www.tei-c.org/ns/1.0"><surname>Nenkova</surname></persName>
		</author>
	</analytic>
	<monogr>
		<title level="m">Proceedings of COLING : Technical Papers</title>
		<meeting>COLING : Technical Papers<address><addrLine>Dublin, Ireland</addrLine></address></meeting>
		<imprint>
			<date type="published" when="2014" />
			<biblScope unit="page" from="577" to="587" />
		</imprint>
	</monogr>
</biblStruct>

<biblStruct xml:id="b9">
	<analytic>
		<title level="a" type="main">Building Chinese Discourse Corpus with Connective-driven Dependency Tree Structure</title>
		<author>
			<persName xmlns="http://www.tei-c.org/ns/1.0"><forename type="first">Yancui</forename><surname>Li</surname></persName>
		</author>
		<author>
			<persName xmlns="http://www.tei-c.org/ns/1.0"><forename type="first">Wenhe</forename><surname>Feng</surname></persName>
		</author>
		<author>
			<persName xmlns="http://www.tei-c.org/ns/1.0"><forename type="first">Jing</forename><surname>Sun</surname></persName>
		</author>
		<author>
			<persName xmlns="http://www.tei-c.org/ns/1.0"><forename type="first">Fang</forename><surname>Kong</surname></persName>
		</author>
		<author>
			<persName xmlns="http://www.tei-c.org/ns/1.0"><forename type="first">Guodong</forename><surname>Zhou</surname></persName>
		</author>
	</analytic>
	<monogr>
		<title level="m">Proceedings of EMNLP</title>
		<meeting>EMNLP<address><addrLine>Doha, Qatar</addrLine></address></meeting>
		<imprint>
			<date type="published" when="2014" />
			<biblScope unit="page" from="2105" to="2114" />
		</imprint>
	</monogr>
</biblStruct>

<biblStruct xml:id="b10">
	<analytic>
		<title level="a" type="main">Recognizing Implicit Discourse Relations in the Penn Discourse Treebank</title>
		<author>
			<persName xmlns="http://www.tei-c.org/ns/1.0"><forename type="first">Ziheng</forename><surname>Lin</surname></persName>
		</author>
		<author>
			<persName xmlns="http://www.tei-c.org/ns/1.0"><forename type="first">Min-Yen</forename><surname>Kan</surname></persName>
		</author>
		<author>
			<persName xmlns="http://www.tei-c.org/ns/1.0"><forename type="first">Hwee Tou</forename><surname>Ng</surname></persName>
		</author>
	</analytic>
	<monogr>
		<title level="m">Proceedings of EMNLP</title>
		<meeting>EMNLP<address><addrLine>PA, USA</addrLine></address></meeting>
		<imprint>
			<date type="published" when="2009" />
			<biblScope unit="page" from="343" to="351" />
		</imprint>
	</monogr>
</biblStruct>

<biblStruct xml:id="b11">
	<analytic>
		<title level="a" type="main">A PDTB-styled End-to-end Discourse Parser</title>
		<author>
			<persName xmlns="http://www.tei-c.org/ns/1.0"><forename type="first">Ziheng</forename><surname>Lin</surname></persName>
		</author>
		<author>
			<persName xmlns="http://www.tei-c.org/ns/1.0"><forename type="first">Min-Yen</forename><surname>Hwee Tou Ng</surname></persName>
		</author>
		<author>
			<persName xmlns="http://www.tei-c.org/ns/1.0"><surname>Kan</surname></persName>
		</author>
	</analytic>
	<monogr>
		<title level="j">Natural Language Engineering</title>
		<imprint>
			<biblScope unit="volume">20</biblScope>
			<biblScope unit="issue">02</biblScope>
			<biblScope unit="page" from="151" to="184" />
			<date type="published" when="2014" />
		</imprint>
	</monogr>
</biblStruct>

<biblStruct xml:id="b12">
	<analytic>
		<title level="a" type="main">Representation Learning Using Multi-task Deep Neural Networks for Semantic Classification and Information Retrieval</title>
		<author>
			<persName xmlns="http://www.tei-c.org/ns/1.0"><forename type="first">Xiaodong</forename><surname>Liu</surname></persName>
		</author>
		<author>
			<persName xmlns="http://www.tei-c.org/ns/1.0"><forename type="first">Jianfeng</forename><surname>Gao</surname></persName>
		</author>
		<author>
			<persName xmlns="http://www.tei-c.org/ns/1.0"><forename type="first">Xiaodong</forename><surname>He</surname></persName>
		</author>
		<author>
			<persName xmlns="http://www.tei-c.org/ns/1.0"><forename type="first">Li</forename><surname>Deng</surname></persName>
		</author>
		<author>
			<persName xmlns="http://www.tei-c.org/ns/1.0"><forename type="first">Kevin</forename><surname>Duh</surname></persName>
		</author>
		<author>
			<persName xmlns="http://www.tei-c.org/ns/1.0"><forename type="first">Ye-Yi</forename><surname>Wang</surname></persName>
		</author>
	</analytic>
	<monogr>
		<title level="m">Proceedings of NAACL</title>
		<meeting>NAACL<address><addrLine>Denver, Colorado</addrLine></address></meeting>
		<imprint>
			<date type="published" when="2015" />
			<biblScope unit="page" from="912" to="921" />
		</imprint>
	</monogr>
</biblStruct>

<biblStruct xml:id="b13">
	<analytic>
		<title level="a" type="main">Implicit Discourse Relation Classification via Multi-Task Neural Networks</title>
		<author>
			<persName xmlns="http://www.tei-c.org/ns/1.0"><forename type="first">Yang</forename><surname>Liu</surname></persName>
		</author>
		<author>
			<persName xmlns="http://www.tei-c.org/ns/1.0"><forename type="first">Sujian</forename><surname>Li</surname></persName>
		</author>
		<author>
			<persName xmlns="http://www.tei-c.org/ns/1.0"><forename type="first">Xiaodong</forename><surname>Zhang</surname></persName>
		</author>
		<author>
			<persName xmlns="http://www.tei-c.org/ns/1.0"><forename type="first">Zhifang</forename><surname>Sui</surname></persName>
		</author>
	</analytic>
	<monogr>
		<title level="m">Proceedings of AAAI</title>
		<meeting>AAAI<address><addrLine>Arizona, USA</addrLine></address></meeting>
		<imprint>
			<date type="published" when="2016" />
			<biblScope unit="page" from="2750" to="2756" />
		</imprint>
	</monogr>
</biblStruct>

<biblStruct xml:id="b14">
	<analytic>
		<title level="a" type="main">Using Entity Features to Classify Implicit Discourse Relations</title>
		<author>
			<persName xmlns="http://www.tei-c.org/ns/1.0"><forename type="first">Annie</forename><surname>Louis</surname></persName>
		</author>
		<author>
			<persName xmlns="http://www.tei-c.org/ns/1.0"><forename type="first">Aravind</forename><surname>Joshi</surname></persName>
		</author>
		<author>
			<persName xmlns="http://www.tei-c.org/ns/1.0"><forename type="first">Rashmi</forename><surname>Prasad</surname></persName>
		</author>
		<author>
			<persName xmlns="http://www.tei-c.org/ns/1.0"><forename type="first">Ani</forename><surname>Nenkova</surname></persName>
		</author>
	</analytic>
	<monogr>
		<title level="m">Proceedings of SIG-DIAL</title>
		<meeting>SIG-DIAL<address><addrLine>PA, USA</addrLine></address></meeting>
		<imprint>
			<date type="published" when="2010" />
			<biblScope unit="page" from="59" to="62" />
		</imprint>
	</monogr>
</biblStruct>

<biblStruct xml:id="b15">
	<analytic>
		<title level="a" type="main">Multi-task Sequence to Sequence Learning</title>
		<author>
			<persName xmlns="http://www.tei-c.org/ns/1.0"><forename type="first">Minh-Thang</forename><surname>Luong</surname></persName>
		</author>
		<author>
			<persName xmlns="http://www.tei-c.org/ns/1.0"><forename type="first">Quoc</forename><forename type="middle">V</forename><surname>Le</surname></persName>
		</author>
		<author>
			<persName xmlns="http://www.tei-c.org/ns/1.0"><forename type="first">Ilya</forename><surname>Sutskever</surname></persName>
		</author>
		<author>
			<persName xmlns="http://www.tei-c.org/ns/1.0"><forename type="first">Oriol</forename><surname>Vinyals</surname></persName>
		</author>
		<author>
			<persName xmlns="http://www.tei-c.org/ns/1.0"><forename type="first">Lukasz</forename><surname>Kaiser</surname></persName>
		</author>
	</analytic>
	<monogr>
		<title level="m">Proceedings of ICLR</title>
		<meeting>ICLR<address><addrLine>San Juan, Puerto Rico</addrLine></address></meeting>
		<imprint>
			<date type="published" when="2016" />
			<biblScope unit="page" from="1" to="10" />
		</imprint>
	</monogr>
</biblStruct>

<biblStruct xml:id="b16">
	<analytic>
		<title level="a" type="main">The Stanford CoreNLP Natural Language Processing Toolkit</title>
		<author>
			<persName xmlns="http://www.tei-c.org/ns/1.0"><forename type="first">Christopher</forename><forename type="middle">D</forename><surname>Manning</surname></persName>
		</author>
		<author>
			<persName xmlns="http://www.tei-c.org/ns/1.0"><forename type="first">Mihai</forename><surname>Surdeanu</surname></persName>
		</author>
		<author>
			<persName xmlns="http://www.tei-c.org/ns/1.0"><forename type="first">John</forename><surname>Bauer</surname></persName>
		</author>
		<author>
			<persName xmlns="http://www.tei-c.org/ns/1.0"><forename type="first">Jenny</forename><surname>Finkel</surname></persName>
		</author>
		<author>
			<persName xmlns="http://www.tei-c.org/ns/1.0"><forename type="first">Steven</forename><forename type="middle">J</forename><surname>Bethard</surname></persName>
		</author>
		<author>
			<persName xmlns="http://www.tei-c.org/ns/1.0"><forename type="first">David</forename><surname>Mcclosky</surname></persName>
		</author>
	</analytic>
	<monogr>
		<title level="m">Proceedings of ACL (System Demonstrations)</title>
		<meeting>ACL (System Demonstrations)<address><addrLine>Maryland, USA</addrLine></address></meeting>
		<imprint>
			<date type="published" when="2014" />
			<biblScope unit="page" from="55" to="60" />
		</imprint>
	</monogr>
</biblStruct>

<biblStruct xml:id="b17">
	<analytic>
		<title level="a" type="main">An Unsupervised Approach to Recognizing Discourse Relations</title>
		<author>
			<persName xmlns="http://www.tei-c.org/ns/1.0"><forename type="first">Daniel</forename><surname>Marcu</surname></persName>
		</author>
		<author>
			<persName xmlns="http://www.tei-c.org/ns/1.0"><forename type="first">Abdessamad</forename><surname>Echihabi</surname></persName>
		</author>
	</analytic>
	<monogr>
		<title level="m">Proceedings of ACL</title>
		<meeting>ACL<address><addrLine>PA, USA</addrLine></address></meeting>
		<imprint>
			<date type="published" when="2002" />
			<biblScope unit="page" from="368" to="375" />
		</imprint>
	</monogr>
</biblStruct>

<biblStruct xml:id="b18">
	<analytic>
		<title level="a" type="main">Efficient Estimation of Word Representations in Vector Space</title>
		<author>
			<persName xmlns="http://www.tei-c.org/ns/1.0"><forename type="first">Tomas</forename><surname>Mikolov</surname></persName>
		</author>
		<author>
			<persName xmlns="http://www.tei-c.org/ns/1.0"><forename type="first">Kai</forename><surname>Chen</surname></persName>
		</author>
		<author>
			<persName xmlns="http://www.tei-c.org/ns/1.0"><forename type="first">Greg</forename><surname>Corrado</surname></persName>
		</author>
		<author>
			<persName xmlns="http://www.tei-c.org/ns/1.0"><forename type="first">Jeffrey</forename><surname>Dean</surname></persName>
		</author>
		<idno>abs/1301.3781</idno>
	</analytic>
	<monogr>
		<title level="j">CoRR</title>
		<imprint>
			<date type="published" when="2013" />
		</imprint>
	</monogr>
</biblStruct>

<biblStruct xml:id="b19">
	<analytic>
		<title level="a" type="main">Automatic Sense Prediction for Implicit Discourse Relations in Text</title>
		<author>
			<persName xmlns="http://www.tei-c.org/ns/1.0"><forename type="first">Emily</forename><surname>Pitler</surname></persName>
		</author>
		<author>
			<persName xmlns="http://www.tei-c.org/ns/1.0"><forename type="first">Annie</forename><surname>Louis</surname></persName>
		</author>
		<author>
			<persName xmlns="http://www.tei-c.org/ns/1.0"><forename type="first">Ani</forename><surname>Nenkova</surname></persName>
		</author>
	</analytic>
	<monogr>
		<title level="m">Proceedings of ACL-IJCNLP</title>
		<meeting>ACL-IJCNLP<address><addrLine>PA, USA</addrLine></address></meeting>
		<imprint>
			<date type="published" when="2009" />
			<biblScope unit="page" from="683" to="691" />
		</imprint>
	</monogr>
</biblStruct>

<biblStruct xml:id="b20">
	<analytic>
		<title level="a" type="main">The Penn Discourse TreeBank 2.0</title>
		<author>
			<persName xmlns="http://www.tei-c.org/ns/1.0"><forename type="first">Rashmi</forename><surname>Prasad</surname></persName>
		</author>
		<author>
			<persName xmlns="http://www.tei-c.org/ns/1.0"><forename type="first">Nikhil</forename><surname>Dinesh</surname></persName>
		</author>
		<author>
			<persName xmlns="http://www.tei-c.org/ns/1.0"><forename type="first">Alan</forename><surname>Lee</surname></persName>
		</author>
		<author>
			<persName xmlns="http://www.tei-c.org/ns/1.0"><forename type="first">Eleni</forename><surname>Miltsakaki</surname></persName>
		</author>
		<author>
			<persName xmlns="http://www.tei-c.org/ns/1.0"><forename type="first">Livio</forename><surname>Robaldo</surname></persName>
		</author>
		<author>
			<persName xmlns="http://www.tei-c.org/ns/1.0"><forename type="first">Aravind</forename><surname>Joshi</surname></persName>
		</author>
		<author>
			<persName xmlns="http://www.tei-c.org/ns/1.0"><forename type="first">Bonnie</forename><surname>Webber</surname></persName>
		</author>
	</analytic>
	<monogr>
		<title level="m">Proceedings of LREC</title>
		<meeting>LREC<address><addrLine>Marrakech, Morocco</addrLine></address></meeting>
		<imprint>
			<date type="published" when="2008" />
			<biblScope unit="volume">24</biblScope>
			<biblScope unit="page" from="2961" to="2968" />
		</imprint>
	</monogr>
</biblStruct>

<biblStruct xml:id="b21">
	<analytic>
		<title level="a" type="main">Discovering Implicit Discourse Relations Through Brown Cluster Pair Representation and Coreference Patterns</title>
		<author>
			<persName xmlns="http://www.tei-c.org/ns/1.0"><forename type="first">T</forename><surname>Attapol</surname></persName>
		</author>
		<author>
			<persName xmlns="http://www.tei-c.org/ns/1.0"><forename type="first">Nianwen</forename><surname>Rutherford</surname></persName>
		</author>
		<author>
			<persName xmlns="http://www.tei-c.org/ns/1.0"><surname>Xue</surname></persName>
		</author>
	</analytic>
	<monogr>
		<title level="m">Proceedings of EACL</title>
		<meeting>EACL<address><addrLine>Gothenburg, Sweden</addrLine></address></meeting>
		<imprint>
			<date type="published" when="2014" />
			<biblScope unit="page" from="645" to="654" />
		</imprint>
	</monogr>
</biblStruct>

<biblStruct xml:id="b22">
	<analytic>
		<title level="a" type="main">Improving the Inference of Implicit Discourse Relations via Classifying Explicit Discourse Connectives</title>
		<author>
			<persName xmlns="http://www.tei-c.org/ns/1.0"><forename type="first">Attapol</forename><surname>Rutherford</surname></persName>
		</author>
		<author>
			<persName xmlns="http://www.tei-c.org/ns/1.0"><forename type="first">Nianwen</forename><surname>Xue</surname></persName>
		</author>
	</analytic>
	<monogr>
		<title level="m">Proceedings of NAACL</title>
		<meeting>NAACL<address><addrLine>Denver, Colorado</addrLine></address></meeting>
		<imprint>
			<date type="published" when="2015" />
			<biblScope unit="page" from="799" to="808" />
		</imprint>
	</monogr>
</biblStruct>

<biblStruct xml:id="b23">
	<analytic>
		<title level="a" type="main">Sentence Level Discourse Parsing Using Syntactic and Lexical Information</title>
		<author>
			<persName xmlns="http://www.tei-c.org/ns/1.0"><forename type="first">Radu</forename><surname>Soricut</surname></persName>
		</author>
		<author>
			<persName xmlns="http://www.tei-c.org/ns/1.0"><forename type="first">Daniel</forename><surname>Marcu</surname></persName>
		</author>
	</analytic>
	<monogr>
		<title level="m">Proceedings of NAACL</title>
		<meeting>NAACL<address><addrLine>PA, USA</addrLine></address></meeting>
		<imprint>
			<date type="published" when="2003" />
			<biblScope unit="page" from="149" to="156" />
		</imprint>
	</monogr>
</biblStruct>

<biblStruct xml:id="b24">
	<analytic>
		<title level="a" type="main">Using Automatically Labelled Examples to Classify Rhetorical Relations: An Assessment</title>
		<author>
			<persName xmlns="http://www.tei-c.org/ns/1.0"><forename type="first">Caroline</forename><surname>Sporleder</surname></persName>
		</author>
		<author>
			<persName xmlns="http://www.tei-c.org/ns/1.0"><forename type="first">Alex</forename><surname>Lascarides</surname></persName>
		</author>
	</analytic>
	<monogr>
		<title level="j">Natural Language Engineering</title>
		<imprint>
			<biblScope unit="volume">14</biblScope>
			<biblScope unit="issue">3</biblScope>
			<biblScope unit="page" from="369" to="416" />
			<date type="published" when="2008" />
		</imprint>
	</monogr>
</biblStruct>

<biblStruct xml:id="b25">
	<analytic>
		<title level="a" type="main">Rhetorical structure theory: Towards a Functional Theory of Text Organization</title>
		<author>
			<persName xmlns="http://www.tei-c.org/ns/1.0"><forename type="first">Mann</forename><surname>William</surname></persName>
		</author>
		<author>
			<persName xmlns="http://www.tei-c.org/ns/1.0"><forename type="first">Sandra</forename><surname>Thompson</surname></persName>
		</author>
	</analytic>
	<monogr>
		<title level="j">Text</title>
		<imprint>
			<biblScope unit="volume">8</biblScope>
			<biblScope unit="issue">3</biblScope>
			<biblScope unit="page" from="243" to="281" />
			<date type="published" when="1988" />
		</imprint>
	</monogr>
</biblStruct>

<biblStruct xml:id="b26">
	<analytic>
		<title level="a" type="main">Shallow Convolutional Neural Network for Implicit Discourse Relation Recognition</title>
		<author>
			<persName xmlns="http://www.tei-c.org/ns/1.0"><forename type="first">Biao</forename><surname>Zhang</surname></persName>
		</author>
		<author>
			<persName xmlns="http://www.tei-c.org/ns/1.0"><forename type="first">Jinsong</forename><surname>Su</surname></persName>
		</author>
		<author>
			<persName xmlns="http://www.tei-c.org/ns/1.0"><forename type="first">Deyi</forename><surname>Xiong</surname></persName>
		</author>
		<author>
			<persName xmlns="http://www.tei-c.org/ns/1.0"><forename type="first">Yaojie</forename><surname>Lu</surname></persName>
		</author>
		<author>
			<persName xmlns="http://www.tei-c.org/ns/1.0"><forename type="first">Hong</forename><surname>Duan</surname></persName>
		</author>
		<author>
			<persName xmlns="http://www.tei-c.org/ns/1.0"><forename type="first">Junfeng</forename><surname>Yao</surname></persName>
		</author>
	</analytic>
	<monogr>
		<title level="m">Proceedings of EMNLP</title>
		<meeting>EMNLP<address><addrLine>Lisbon, Portugal</addrLine></address></meeting>
		<imprint>
			<date type="published" when="2015" />
			<biblScope unit="page" from="2230" to="2235" />
		</imprint>
	</monogr>
</biblStruct>

<biblStruct xml:id="b27">
	<analytic>
		<title level="a" type="main">PDTB-style discourse annotation of Chinese text</title>
		<author>
			<persName xmlns="http://www.tei-c.org/ns/1.0"><forename type="first">Yuping</forename><surname>Zhou</surname></persName>
		</author>
		<author>
			<persName xmlns="http://www.tei-c.org/ns/1.0"><forename type="first">Nianwen</forename><surname>Xue</surname></persName>
		</author>
	</analytic>
	<monogr>
		<title level="m">Proceedings of ACL</title>
		<meeting>ACL<address><addrLine>Jeju Island, Korea</addrLine></address></meeting>
		<imprint>
			<date type="published" when="2012" />
			<biblScope unit="page" from="69" to="77" />
		</imprint>
	</monogr>
</biblStruct>

<biblStruct xml:id="b28">
	<analytic>
		<title level="a" type="main">Predicting Discourse Connectives for Implicit Discourse Relation Recognition</title>
		<author>
			<persName xmlns="http://www.tei-c.org/ns/1.0"><forename type="first">Zhi-Min</forename><surname>Zhou</surname></persName>
		</author>
		<author>
			<persName xmlns="http://www.tei-c.org/ns/1.0"><forename type="first">Yu</forename><surname>Xu</surname></persName>
		</author>
		<author>
			<persName xmlns="http://www.tei-c.org/ns/1.0"><forename type="first">Zheng-Yu</forename><surname>Niu</surname></persName>
		</author>
		<author>
			<persName xmlns="http://www.tei-c.org/ns/1.0"><forename type="first">Man</forename><surname>Lan</surname></persName>
		</author>
		<author>
			<persName xmlns="http://www.tei-c.org/ns/1.0"><forename type="first">Jian</forename><surname>Su</surname></persName>
		</author>
		<author>
			<persName xmlns="http://www.tei-c.org/ns/1.0"><forename type="first">Chew Lim</forename><surname>Tan</surname></persName>
		</author>
	</analytic>
	<monogr>
		<title level="m">Proceedings of COLING</title>
		<meeting>COLING<address><addrLine>PA, USA</addrLine></address></meeting>
		<imprint>
			<date type="published" when="2010" />
			<biblScope unit="page" from="1507" to="1514" />
		</imprint>
	</monogr>
</biblStruct>

				</listBibl>
			</div>
		</back>
	</text>
</TEI>
