<?xml version="1.0" encoding="UTF-8"?>
<TEI xml:space="preserve" xmlns="http://www.tei-c.org/ns/1.0" 
xmlns:xsi="http://www.w3.org/2001/XMLSchema-instance" 
xsi:schemaLocation="http://www.tei-c.org/ns/1.0 /home/varun/Desktop/NLP/Projects/grobid-0.5.6/grobid-home/schemas/xsd/Grobid.xsd"
 xmlns:xlink="http://www.w3.org/1999/xlink">
	<teiHeader xml:lang="en">
		<fileDesc>
			<titleStmt>
				<title level="a" type="main">Bleaching Text: Abstract Features for Cross-lingual Gender Prediction</title>
			</titleStmt>
			<publicationStmt>
				<publisher/>
				<availability status="unknown"><licence/></availability>
				<date>July 15 -20. 2018</date>
			</publicationStmt>
			<sourceDesc>
				<biblStruct>
					<analytic>
						<author>
							<persName xmlns="http://www.tei-c.org/ns/1.0"><forename type="first">Rob</forename><surname>Van Der Goot</surname></persName>
							<affiliation key="aff0">
								<orgName type="department">Center for Language and Cognition</orgName>
								<orgName type="institution">University of Groningen</orgName>
								<address>
									<country key="NL">The Netherlands</country>
								</address>
							</affiliation>
						</author>
						<author>
							<persName xmlns="http://www.tei-c.org/ns/1.0"><forename type="first">Nikola</forename><surname>Ljubešić</surname></persName>
							<email>nljubesi@gmail.com</email>
							<affiliation key="aff1">
								<orgName type="department">Department of Knowledge Technologies</orgName>
								<orgName type="institution">Jozef Stefan Institute</orgName>
								<address>
									<settlement>Ljubljana</settlement>
									<country key="SI">Slovenia</country>
								</address>
							</affiliation>
						</author>
						<author>
							<persName xmlns="http://www.tei-c.org/ns/1.0"><forename type="first">Ian</forename><surname>Matroos</surname></persName>
							<affiliation key="aff0">
								<orgName type="department">Center for Language and Cognition</orgName>
								<orgName type="institution">University of Groningen</orgName>
								<address>
									<country key="NL">The Netherlands</country>
								</address>
							</affiliation>
						</author>
						<author>
							<persName xmlns="http://www.tei-c.org/ns/1.0"><forename type="first">Malvina</forename><surname>Nissim</surname></persName>
							<email>m.nissim@rug.nl</email>
							<affiliation key="aff0">
								<orgName type="department">Center for Language and Cognition</orgName>
								<orgName type="institution">University of Groningen</orgName>
								<address>
									<country key="NL">The Netherlands</country>
								</address>
							</affiliation>
						</author>
						<author>
							<persName xmlns="http://www.tei-c.org/ns/1.0"><forename type="first">Barbara</forename><surname>Plank</surname></persName>
							<email>bplank@itu.dk</email>
							<affiliation key="aff0">
								<orgName type="department">Center for Language and Cognition</orgName>
								<orgName type="institution">University of Groningen</orgName>
								<address>
									<country key="NL">The Netherlands</country>
								</address>
							</affiliation>
							<affiliation key="aff2">
								<orgName type="institution">IT University of Copenhagen</orgName>
								<address>
									<settlement>Copenhagen</settlement>
									<country key="DK">Denmark</country>
								</address>
							</affiliation>
						</author>
						<title level="a" type="main">Bleaching Text: Abstract Features for Cross-lingual Gender Prediction</title>
					</analytic>
					<monogr>
						<title level="m">Proceedings of the 56th Annual Meeting of the Association for Computational Linguistics (Short Papers)</title>
						<meeting>the 56th Annual Meeting of the Association for Computational Linguistics (Short Papers) <address><addrLine>Melbourne, Australia</addrLine></address>
						</meeting>
						<imprint>
							<biblScope unit="page" from="383" to="389"/>
							<date type="published">July 15 -20. 2018</date>
						</imprint>
					</monogr>
					<note>383</note>
				</biblStruct>
			</sourceDesc>
		</fileDesc>

		<encodingDesc>
			<appInfo>
				<application version="0.5.6" ident="GROBID" when="2020-04-20T14:50+0000">
					<ref target="https://github.com/kermitt2/grobid">GROBID - A machine learning software for extracting information from scholarly documents</ref>
				</application>
			</appInfo>
		</encodingDesc>		<profileDesc>
			<abstract>
<div xmlns="http://www.tei-c.org/ns/1.0"><p>Gender prediction has typically focused on lexical and social network features, yielding good performance, but making systems highly language-, topic-, and platformdependent. Cross-lingual embeddings circumvent some of these limitations, but capture gender-specific style less. We propose an alternative: bleaching text, i.e., transforming lexical strings into more abstract features. This study provides evidence that such features allow for better transfer across languages. Moreover, we present a first study on the ability of humans to perform cross-lingual gender prediction. We find that human predictive power proves similar to that of our bleached models, and both perform better than lexical models.</p></div>
			</abstract>
		</profileDesc>
	</teiHeader>
	<text xml:lang="en">
		<body>
<div xmlns="http://www.tei-c.org/ns/1.0"><head n="1">Introduction</head><p>Author profiling is the task of discovering latent user attributes disclosed through text, such as gender, age, personality, income, location and occupation <ref type="bibr" target="#b24">(Rao et al., 2010;</ref><ref type="bibr" target="#b3">Burger et al., 2011;</ref><ref type="bibr" target="#b5">Feng et al., 2012;</ref><ref type="bibr" target="#b7">Jurgens, 2013;</ref><ref type="bibr" target="#b1">Bamman et al., 2014;</ref><ref type="bibr" target="#b18">Plank and Hovy, 2015;</ref><ref type="bibr" target="#b6">Flekova et al., 2016)</ref>. It is of interest to several applications including personalized machine translation, forensics, and marketing <ref type="bibr" target="#b12">(Mirkin et al., 2015;</ref><ref type="bibr" target="#b22">Rangel et al., 2015)</ref>.</p><p>Early approaches to gender prediction <ref type="bibr" target="#b8">(Koppel et al., 2002;</ref><ref type="bibr">Schler et al., 2006, e.g.)</ref> are inspired by pioneering work on authorship attribution <ref type="bibr" target="#b13">(Mosteller and Wallace, 1964)</ref>. Such stylometric models typically rely on carefully handselected sets of content-independent features to capture style beyond topic. Recently, open vocabulary approaches <ref type="bibr" target="#b29">(Schwartz et al., 2013)</ref>, where the entire linguistic production of an author is used, yielded substantial performance gains in on-line user-attribute prediction <ref type="bibr" target="#b14">(Nguyen et al., 2014;</ref><ref type="bibr" target="#b20">Preoţiuc-Pietro et al., 2015;</ref><ref type="bibr" target="#b4">Emmery et al., 2017)</ref>. Indeed, the best performing gender prediction models exploit chiefly lexical information <ref type="bibr" target="#b21">(Rangel et al., 2017;</ref><ref type="bibr" target="#b2">Basile et al., 2017)</ref>.</p><p>Relying heavily on the lexicon though has its limitations, as it results in models with limited portability. Moreover, performance might be overly optimistic due to topic bias <ref type="bibr" target="#b26">(Sarawgi et al., 2011)</ref>. Recent work on cross-lingual author profiling has proposed the use of solely language-independent features <ref type="bibr" target="#b10">(Ljubešić et al., 2017)</ref>, e.g., specific textual elements (percentage of emojis, URLs, etc) and users' meta-data/network (number of followers, etc), but this information is not always available.</p><p>We propose a novel approach where the actual text is still used, but bleached out and transformed into more abstract, and potentially better transferable features. One could view this as a method in between the open vocabulary strategy and the stylometric approach. It has the advantage of fading out content in favor of more shallow patterns still based on the original text, without introducing additional processing such as part-of-speech tagging. In particular, we investigate to what extent gender prediction can rely on generic non-lexical features (RQ1), and how predictive such models are when transferred to other languages (RQ2). We also glean insights from human judgments, and investigate how well people can perform cross-lingual gender prediction (RQ3). We focus on gender prediction for Twitter, motivated by data availability.</p><p>Contributions In this work i) we are the first to study cross-lingual gender prediction without relying on users' meta-data; ii) we propose a novel simple abstract feature representation which is surprisingly effective; and iii) we gauge human ability to perform cross-lingual gender detection, an angle of analysis which has not been studied thus far.  </p></div>
<div xmlns="http://www.tei-c.org/ns/1.0"><head n="2">Profiling with Abstract Features</head><p>Can we recover the gender of an author from bleached text, i.e., transformed text were the raw lexical strings are converted into abstract features? We investigate this question by building a series of predictive models to infer the gender of a Twitter user, in absence of additional user-specific metadata. Our approach can be seen as taking advantage of elements from a data-driven open-vocabulary approach, while trying to capture gender-specific style in text beyond topic.</p><p>To represent utterances in a more language agnostic way, we propose to simply transform the text into alternative textual representations, which deviate from the lexical form to allow for abstraction. We propose the following transformations, exemplified in <ref type="table" target="#tab_1">Table 1</ref>. They are mostly motivated by intuition and inspired by prior work, like the use of shape features from NER and parsing <ref type="bibr" target="#b16">(Petrov and Klein, 2007;</ref><ref type="bibr" target="#b28">Schnabel and Schütze, 2014;</ref><ref type="bibr" target="#b9">Limsopatham and Collier, 2016)</ref>:</p><p>• Frequency Each word is presented as its binned frequency in the training data; bins are sized by orders of magnitude.</p><p>• Length Number of characters (prefixed by 0 to avoid collision with the next transformation).</p><p>• PunctC Merges all consecutive alphanumeric characters to one 'W' and leaves all other characters as they are (C for conservative).</p><p>• PunctA Generalization of PunctC (A for aggressive), converting different types of punctuation to classes: emoticons 1 to 'E' and emojis 2 to 'J', other punctuation to 'P'.</p><p>• Shape Transforms uppercase characters to 'U', lowercase characters to 'L', digits to 'D' and all other characters to 'X'. Repetitions of transformed characters are condensed to a maximum of 2 for greater generalization.</p><p>• Vowel-Consonant To approximate vowels, while being able to generalize over (Indo-European) languages, we convert any of the 'aeiou' characters to 'V', other alphabetic character to 'C', and all other characters to 'O'.</p><p>• AllAbs A combination (concatenation) of all previously described features.</p></div>
<div xmlns="http://www.tei-c.org/ns/1.0"><head n="3">Experiments</head><p>In order to test whether abstract features are effective and transfer across languages, we set up experiments for gender prediction comparing lexicalized and bleached models for both in-and cross-language experiments. We compare them to a model using multilingual embeddings <ref type="bibr" target="#b25">(Ruder, 2017)</ref>. Finally, we elicit human judgments both within language and across language. The latter is to check whether a person with no prior knowledge of (the lexicon of) a given language can predict the gender of a user, and how that compares to an in-language setup and the machine. If humans can predict gender cross-lingually, they are likely to rely on aspects beyond lexical information.</p><p>Data We obtain data from the TWISTY corpus , a multi-lingual collection of Twitter users, for the languages with 500+ users, namely Dutch, French, Portuguese, and Spanish. We complement them with English, using data from a predecessor of TWISTY <ref type="bibr" target="#b18">(Plank and Hovy, 2015)</ref>. All datasets contain manually annotated gender information. To simplify interpretation for the cross-language experiments, we balance gender in all datasets by downsampling to the minority class. The datasets' final sizes are given in <ref type="table">Table 2</ref>. We use 200 tweets per user, as done by previous work . We leave the data untokenized to exclude any languagedependent processing, because original tokenization could preserve some signal. Apart from mapping usernames to 'USER' and urls to 'URL' we do not perform any further data pre-processing.</p></div>
<div xmlns="http://www.tei-c.org/ns/1.0"><head n="3.1">Lexical vs Bleached Models</head><p>We use the scikit-learn <ref type="bibr" target="#b15">(Pedregosa et al., 2011)</ref> implementation of a linear SVM with default parameters (e.g., L2 regularization). We use 10-fold cross validation for all in-language experiments. For the cross-lingual experiments, we train on all available source language data and test on all target language data. For the lexicalized experiments, we adopt the features from the best performing system at the latest PAN evaluation campaign 3 <ref type="bibr" target="#b2">(Basile et al., 2017)</ref> (word 1-2 grams and character 3-6 grams).</p><p>For the multilingual embeddings model we use the mean embedding representation from the system of <ref type="bibr" target="#b17">(Plank, 2017)</ref> and add max, std and coverage features. We create multilingual embeddings by projecting monolingual embeddings to a single multilingual space for all five languages using a recently proposed SVD-based projection method with a pseudo-dictionary <ref type="bibr" target="#b30">(Smith et al., 2017)</ref>. The monolingual embeddings are trained on large amounts of in-house Twitter data (as much data as we had access to, i.e., ranging from 30M tweets for French to 1,500M tweets in Dutch, with a word type coverage between 63 and 77%). This results in an embedding space with a vocabulary size of 16M word types. All code is available at https:// github.com/bplank/bleaching-text.</p><p>For the bleached experiments, we ran models with each feature set separately. In this paper, we report results for the model where all features are combined, as it proved to be the most robust across languages. We tuned the n-gram size of this model through in-language cross-validation, finding that n = 5 performs best.</p><p>When testing across languages, we report accuracy for two setups: average accuracy over each single-language model (AVG), and accuracy obtained when training on the concatenation of all languages but the target one (ALL). The latter setting is also used for the embeddings model. We report accuracy for all experiments.  Results and Analysis <ref type="table">Table 2</ref> shows results for both the cross-language and in-language experiments in the lexical and abstract-feature setting. Within language, the lexical features unsurprisingly work the best, achieving an average accuracy of 80.5% over all languages. The abstract features lose some information and score on average 11.8% lower, still beating the majority baseline (50%) by a large margin (68.7%). If we go across language, the lexical approaches break down (overall to 53.7% for LEX AVG/56.3% for ALL), except for Portuguese and Spanish, thanks to their similarities (see <ref type="table" target="#tab_4">Table 3</ref> for pair-wise results). The closelyrelated-language effect is also observed when training on all languages, as scores go up when the classifier has access to the related language. The same holds for the multilingual embeddings model. On average it reaches an accuracy of 59.8%.</p><p>The closeness effect for Portuguese and Spanish can also be observed in language-to-language experiments, where scores for ES →PT and PT →ES are the highest. Results for the lexical models are generally lower on English, which might be due to smaller amounts of data (see first column in <ref type="table">Table 2</ref> providing number of users per language).</p><p>The abstract features fare surprisingly well and   <ref type="table" target="#tab_6">Table 4</ref>, we can see that the use of an emoji (like ) and shape-based features are predictive of female users. Quotes, question marks and length features, for example, appear to be more predictive of male users.</p></div>
<div xmlns="http://www.tei-c.org/ns/1.0"><head n="3.2">Human Evaluation</head><p>We experimented with three different conditions, one within language and two across language. For the latter, we set up an experiment where native speakers of Dutch were presented with tweets written in Portuguese and were asked to guess the poster's gender. In the other experiment, we asked speakers of French to identify the gender of the writer when reading Dutch tweets. In both cases, the participants declared to have no prior knowledge of the target language. For the in-language experiment, we asked Dutch speakers to identify the gender of a user writing Dutch tweets. The  Dutch speakers who participated in the two experiments are distinct individuals. Participants were informed of the experiment's goal. Their identity is anonymized in the data.</p><p>We selected a random sample of 200 users from the Dutch and Portuguese data, preserving a 50/50 gender distribution. Each user was represented by twenty tweets. The answer key (F/M) order was randomized. For each of the three experiments we had six judges, balanced for gender, and obtained three annotations per target user.</p></div>
<div xmlns="http://www.tei-c.org/ns/1.0"><head>Results and Analysis</head><p>Inter-annotator agreement for the tasks was measured via Fleiss kappa (n = 3, N = 200), and was higher for the in-language experiment (K = 0.40) than for the cross-language tasks (NL →PT: K = 0.25; FR →NL: K = 0.28). <ref type="table" target="#tab_7">Table 5</ref> shows accuracy against the gold labels, comparing humans (average accuracy over three annotators) to lexical and bleached models on the exact same subset of 200 users. Systems were tested under two different conditions regarding the number of tweets per user for the target language: machine and human saw the exact same twenty tweets, or the full set of tweets (200) per user, as done during training (Section 3.1).</p><p>First of all, our results indicate that in-language performance of humans is 70.5%, which is quite in line with the findings of <ref type="bibr" target="#b6">Flekova et al. (2016)</ref>, who report an accuracy of 75% on English. Within language, lexicalized models are superior to humans if exposed to enough information (200 tweets setup). One explanation for this might lie in an observation by <ref type="bibr" target="#b6">Flekova et al. (2016)</ref>, according to which people tend to rely too much on stereotypical lexical indicators when assigning gender to the poster of a tweet, while machines model less evident patterns. Lexicalized models are also superior to the bleached ones, as already seen on the full datasets <ref type="table">(Table 2)</ref>.</p><p>We can also observe that the amount of information available to represent a user influences system's performance. Training on 200 tweets per user, but testing on 20 tweets only, decreases performance by 12 percentage points. This is likely due to the fact that inputs are sparser, especially since the bleached model is trained on 5-grams. 5 The bleached model, when given 200 tweets per user, yields a performance that is slightly higher than human accuracy.</p><p>In the cross-language setting, the picture is very different. Here, human performance is superior to the lexicalized models, independently of the amount of tweets per user at testing time. This seems to indicate that if humans cannot rely on the lexicon, they might be exploiting some other signal when guessing the gender of a user who tweets in a language unknown to them. Interestingly, the bleached models, which rely on non-lexical features, not only outperform the lexicalized ones in the cross-language experiments, but also neatly match the human scores.</p></div>
<div xmlns="http://www.tei-c.org/ns/1.0"><head n="4">Related Work</head><p>Most existing work on gender prediction exploits shallow lexical information based on the linguistic production of the users. Few studies investigate deeper syntactic information <ref type="bibr" target="#b8">(Koppel et al., 2002;</ref><ref type="bibr" target="#b5">Feng et al., 2012)</ref> or non-linguistic input, e.g., language-independent clues such as visual <ref type="bibr" target="#b0">(Alowibdi et al., 2013)</ref> or network information <ref type="bibr" target="#b7">(Jurgens, 2013;</ref><ref type="bibr" target="#b18">Plank and Hovy, 2015;</ref><ref type="bibr" target="#b10">Ljubešić et al., 2017)</ref>. A related angle is cross-genre profiling. In both settings lexical models have limited portability due to their bias towards the language/genre they have been trained on <ref type="bibr" target="#b23">(Rangel et al., 2016;</ref><ref type="bibr" target="#b32">Busger op Vollenbroek et al., 2016;</ref>.</p><p>Lexical bias has been shown to affect inlanguage human gender prediction, too. <ref type="bibr" target="#b6">Flekova et al. (2016)</ref> found that people tend to rely too much on stereotypical lexical indicators, while <ref type="bibr" target="#b14">Nguyen et al. (2014)</ref> show that more than 10% of the Twitter users do actually not employ words that the crowd associates with their biological sex. Our features abstract away from such lexical cues while retaining predictive signal.</p></div>
<div xmlns="http://www.tei-c.org/ns/1.0"><head n="5">Conclusions</head><p>Bleaching text into abstract features is surprisingly effective for predicting gender, though lexical infor- <ref type="bibr">5</ref> We experimented with training on 20 tweets rather than 200, and with different n-gram sizes (e.g., 1-4). Despite slightly better results, we decided to use the trained models as they were to employ the same settings across all experiments (200 tweets per users, n = 5), with no further tuning. mation is still more useful within language (RQ1). However, models based on lexical clues fail when transferred to other languages, or require large amounts of unlabeled data from a similar domain as our experiments with the multilingual embedding model indicate. Instead, our bleached models clearly capture some signal beyond the lexicon, and perform well in a cross-lingual setting (RQ2). We are well aware that we are testing our crosslanguage bleached models in the context of closely related languages. While some features (such as PunctA, or Frequency) might carry over to genetically more distant languages, other features (such as Vowels and Shape) would probably be meaningless. Future work on this will require a sensible setting from a language typology perspective for choosing and testing adequate features.</p><p>In our novel study on human proficiency for cross-lingual gender prediction, we discovered that people are also abstracting away from the lexicon. Indeed, we observe that they are able to detect gender by looking at tweets in a language they do not know (RQ3) with an accuracy of 60% on average.</p></div><figure xmlns="http://www.tei-c.org/ns/1.0" type="table" xml:id="tab_1" validated="false"><head>Table 1 :</head><label>1</label><figDesc>Abstract features example transformation.</figDesc><table></table></figure>
<figure xmlns="http://www.tei-c.org/ns/1.0" type="table" xml:id="tab_2" validated="false"><head></head><label></label><figDesc>TEST USERS LEXICAL ABSTRACT LEX AVG LEX ALL EMBEDS ABS AVG ABS ALLTable 2: Number of users per language and results for gender prediction (accuracy). IN-LANGUAGE: 10-fold cross-validation. CROSS-LANGUAGE: Testing on all test data in two setups: averages over single source models (AVG) or training a single model on all languages except the target (ALL).</figDesc><table>IN-LANGUAGE 
CROSS-LANGUAGE 

EN 
850 
69.3 
66.1 
51.8 
50.5 
61.6 
55.3 
59.8 
NL 
894 
81.3 
71.8 
52.3 
50.0 
56.8 
59.5 
69.2 
FR 
1,008 
80.8 
68.3 
53.4 
53.8 
50.0 
58.7 
65.4 
PT 
3,066 
86.0 
68.1 
55.3 
63.8 
59.5 
59.3 
58.9 
ES 
8,112 
85.3 
69.8 
55.6 
63.5 
71.3 
56.6 
66.0 

Comparison of 
lexical n-gram models (LEX), bleached models (ABS) and multilingual embeddings model (EMBEDS). 

</table></figure>
<figure xmlns="http://www.tei-c.org/ns/1.0" type="table" xml:id="tab_4" validated="false"><head>Table 3 :</head><label>3</label><figDesc>Pair-wise results for lexicalized models.</figDesc><table></table></figure>
<figure xmlns="http://www.tei-c.org/ns/1.0" type="table" xml:id="tab_6" validated="false"><head>Table 4 :</head><label>4</label><figDesc></figDesc><table>Ten most predictive features of the ABS 
model across all five languages. Features are 
ranked by how often they were in the top-ranked 
features for each language. Those prefixed with 0 
(line 9) are length features. The prefix is used to 
avoid clashes with the frequency features. 

work a lot better across languages. The perfor-
mance is on average 6% higher across all languages 
(57.9% for AVG, 63.9% for ALL) in comparison 
to their lexicalized counterparts, where ABS ALL 
results in the overall best model. For Spanish, the 
multilingual embedding model clearly outperforms 
ABS. However, the approach requires large Twitter-
specific embeddings. 4 
For our ABS model, if we investigate predictive 
features over all languages, cf. </table></figure>
<figure xmlns="http://www.tei-c.org/ns/1.0" type="table" xml:id="tab_7" validated="false"><head>Table 5 :</head><label>5</label><figDesc>Accuracy human versus machine.</figDesc><table></table></figure>
			<note xmlns="http://www.tei-c.org/ns/1.0" place="foot" n="1">Using the NLTK tokenizer http://www.nltk.org/ _modules/nltk/tokenize/casual.html 2 https://pypi.python.org/pypi/emoji/</note>
			<note xmlns="http://www.tei-c.org/ns/1.0" place="foot" n="3">http://pan.webis.de</note>
			<note xmlns="http://www.tei-c.org/ns/1.0" place="foot" n="4">We tested the approach with more generic (from Wikipedia) but smaller (in terms of vocabulary size) Polyglot embeddings resulting in inferior multilingual embeddings for our task.</note>
		</body>
		<back>

			<div type="acknowledgement">
<div xmlns="http://www.tei-c.org/ns/1.0"><head>Acknowledgments</head><p>We would like to thank the three anonymous reviewers and our colleagues for their useful feedback on earlier versions of this paper. Furthermore, we are grateful to Chloé Braud for helping with the French human evaluation part. We would like to thank all of our human participants.</p></div>
			</div>

			<div type="references">

				<listBibl>

<biblStruct xml:id="b0">
	<analytic>
		<title level="a" type="main">Language independent gender classification on twitter</title>
		<author>
			<persName xmlns="http://www.tei-c.org/ns/1.0"><forename type="first">S</forename><surname>Jalal</surname></persName>
		</author>
		<author>
			<persName xmlns="http://www.tei-c.org/ns/1.0"><forename type="first">Ugo</forename><forename type="middle">A</forename><surname>Alowibdi</surname></persName>
		</author>
		<author>
			<persName xmlns="http://www.tei-c.org/ns/1.0"><forename type="first">Philip</forename><surname>Buy</surname></persName>
		</author>
		<author>
			<persName xmlns="http://www.tei-c.org/ns/1.0"><surname>Yu</surname></persName>
		</author>
	</analytic>
	<monogr>
		<title level="m">Proceedings of the 2013 IEEE/ACM International Conference on Advances in Social Networks Analysis and Mining, ASONAM &apos;13</title>
		<meeting>the 2013 IEEE/ACM International Conference on Advances in Social Networks Analysis and Mining, ASONAM &apos;13<address><addrLine>New York, NY, USA</addrLine></address></meeting>
		<imprint>
			<publisher>ACM</publisher>
			<date type="published" when="2013" />
			<biblScope unit="page" from="739" to="743" />
		</imprint>
	</monogr>
</biblStruct>

<biblStruct xml:id="b1">
	<analytic>
		<title level="a" type="main">Gender identity and lexical variation in social media</title>
		<author>
			<persName xmlns="http://www.tei-c.org/ns/1.0"><forename type="first">David</forename><surname>Bamman</surname></persName>
		</author>
		<author>
			<persName xmlns="http://www.tei-c.org/ns/1.0"><forename type="first">Jacob</forename><surname>Eisenstein</surname></persName>
		</author>
		<author>
			<persName xmlns="http://www.tei-c.org/ns/1.0"><forename type="first">Tyler</forename><surname>Schnoebelen</surname></persName>
		</author>
	</analytic>
	<monogr>
		<title level="j">Journal of Sociolinguistics</title>
		<imprint>
			<biblScope unit="volume">18</biblScope>
			<biblScope unit="issue">2</biblScope>
			<biblScope unit="page" from="135" to="160" />
			<date type="published" when="2014" />
		</imprint>
	</monogr>
</biblStruct>

<biblStruct xml:id="b2">
	<analytic>
		<title level="a" type="main">N-gram: New groningen author-profiling model</title>
		<author>
			<persName xmlns="http://www.tei-c.org/ns/1.0"><forename type="first">Angelo</forename><surname>Basile</surname></persName>
		</author>
		<author>
			<persName xmlns="http://www.tei-c.org/ns/1.0"><forename type="first">Gareth</forename><surname>Dwyer</surname></persName>
		</author>
		<author>
			<persName xmlns="http://www.tei-c.org/ns/1.0"><forename type="first">Maria</forename><surname>Medvedeva</surname></persName>
		</author>
		<author>
			<persName xmlns="http://www.tei-c.org/ns/1.0"><forename type="first">Josine</forename><surname>Rawee</surname></persName>
		</author>
		<author>
			<persName xmlns="http://www.tei-c.org/ns/1.0"><forename type="first">Hessel</forename><surname>Haagsma</surname></persName>
		</author>
		<author>
			<persName xmlns="http://www.tei-c.org/ns/1.0"><forename type="first">Malvina</forename><surname>Nissim</surname></persName>
		</author>
	</analytic>
	<monogr>
		<title level="m">Proceedings of the CLEF 2017 Evaluation Labs and Workshop -Working Notes Papers</title>
		<meeting>the CLEF 2017 Evaluation Labs and Workshop -Working Notes Papers<address><addrLine>Dublin, Ireland</addrLine></address></meeting>
		<imprint>
			<date type="published" when="2017-09" />
			<biblScope unit="page" from="11" to="14" />
		</imprint>
	</monogr>
</biblStruct>

<biblStruct xml:id="b3">
	<analytic>
		<title level="a" type="main">Discriminating Gender on Twitter</title>
		<author>
			<persName xmlns="http://www.tei-c.org/ns/1.0"><forename type="first">John</forename><forename type="middle">D</forename><surname>Burger</surname></persName>
		</author>
		<author>
			<persName xmlns="http://www.tei-c.org/ns/1.0"><forename type="first">John</forename><surname>Henderson</surname></persName>
		</author>
		<author>
			<persName xmlns="http://www.tei-c.org/ns/1.0"><forename type="first">George</forename><surname>Kim</surname></persName>
		</author>
		<author>
			<persName xmlns="http://www.tei-c.org/ns/1.0"><forename type="first">Guido</forename><surname>Zarrella</surname></persName>
		</author>
	</analytic>
	<monogr>
		<title level="m">Proceedings of the 2011 Conference on Empirical Methods in Natural Language Processing</title>
		<meeting>the 2011 Conference on Empirical Methods in Natural Language Processing<address><addrLine>Edinburgh, Scotland, UK.</addrLine></address></meeting>
		<imprint>
			<date type="published" when="2011" />
			<biblScope unit="page" from="1301" to="1309" />
		</imprint>
	</monogr>
	<note>Association for Computational Linguistics</note>
</biblStruct>

<biblStruct xml:id="b4">
	<analytic>
		<title level="a" type="main">Simple queries as distant labels for predicting gender on twitter</title>
		<author>
			<persName xmlns="http://www.tei-c.org/ns/1.0"><forename type="first">Chris</forename><surname>Emmery</surname></persName>
		</author>
		<author>
			<persName xmlns="http://www.tei-c.org/ns/1.0"><forename type="first">Grzegorz</forename><surname>Chrupała</surname></persName>
		</author>
		<author>
			<persName xmlns="http://www.tei-c.org/ns/1.0"><forename type="first">Walter</forename><surname>Daele</surname></persName>
		</author>
	</analytic>
	<monogr>
		<title level="m">Proceedings of the 3rd Workshop on Noisy User-generated Text</title>
		<meeting>the 3rd Workshop on Noisy User-generated Text<address><addrLine>Copenhagen, Denmark</addrLine></address></meeting>
		<imprint>
			<date type="published" when="2017" />
			<biblScope unit="page" from="50" to="55" />
		</imprint>
	</monogr>
	<note>Association for Computational Linguistics</note>
</biblStruct>

<biblStruct xml:id="b5">
	<analytic>
		<title level="a" type="main">Characterizing stylistic elements in syntactic structure</title>
		<author>
			<persName xmlns="http://www.tei-c.org/ns/1.0"><forename type="first">Song</forename><surname>Feng</surname></persName>
		</author>
		<author>
			<persName xmlns="http://www.tei-c.org/ns/1.0"><forename type="first">Ritwik</forename><surname>Banerjee</surname></persName>
		</author>
		<author>
			<persName xmlns="http://www.tei-c.org/ns/1.0"><forename type="first">Yejin</forename><surname>Choi</surname></persName>
		</author>
	</analytic>
	<monogr>
		<title level="m">Proceedings of the 2012 Joint Conference on Empirical Methods in Natural Language Processing and Computational Natural Language Learning</title>
		<meeting>the 2012 Joint Conference on Empirical Methods in Natural Language Processing and Computational Natural Language Learning</meeting>
		<imprint>
			<publisher>Association for Computational Linguistics</publisher>
			<date type="published" when="2012" />
			<biblScope unit="page" from="1522" to="1533" />
		</imprint>
	</monogr>
</biblStruct>

<biblStruct xml:id="b6">
	<analytic>
		<title level="a" type="main">Analyzing biases in human perception of user age and gender from text</title>
		<author>
			<persName xmlns="http://www.tei-c.org/ns/1.0"><forename type="first">Lucie</forename><surname>Flekova</surname></persName>
		</author>
		<author>
			<persName xmlns="http://www.tei-c.org/ns/1.0"><forename type="first">Jordan</forename><surname>Carpenter</surname></persName>
		</author>
		<author>
			<persName xmlns="http://www.tei-c.org/ns/1.0"><forename type="first">Salvatore</forename><surname>Giorgi</surname></persName>
		</author>
		<author>
			<persName xmlns="http://www.tei-c.org/ns/1.0"><forename type="first">Lyle</forename><surname>Ungar</surname></persName>
		</author>
		<author>
			<persName xmlns="http://www.tei-c.org/ns/1.0"><forename type="first">Daniel</forename><surname>Preoţiuc-Pietro</surname></persName>
		</author>
	</analytic>
	<monogr>
		<title level="m">Proceedings of the 54th Annual Meeting of the Association for Computational Linguistics</title>
		<meeting>the 54th Annual Meeting of the Association for Computational Linguistics<address><addrLine>Berlin, Germany</addrLine></address></meeting>
		<imprint>
			<date type="published" when="2016" />
			<biblScope unit="volume">1</biblScope>
			<biblScope unit="page" from="843" to="854" />
		</imprint>
	</monogr>
	<note>Long Papers). Association for Computational Linguistics</note>
</biblStruct>

<biblStruct xml:id="b7">
	<analytic>
		<title level="a" type="main">That&apos;s what friends are for: Inferring location in online social media platforms based on social relationships</title>
		<author>
			<persName xmlns="http://www.tei-c.org/ns/1.0"><forename type="first">David</forename><surname>Jurgens</surname></persName>
		</author>
	</analytic>
	<monogr>
		<title level="j">ICWSM</title>
		<imprint>
			<biblScope unit="volume">13</biblScope>
			<biblScope unit="issue">13</biblScope>
			<biblScope unit="page" from="273" to="282" />
			<date type="published" when="2013" />
		</imprint>
	</monogr>
</biblStruct>

<biblStruct xml:id="b8">
	<monogr>
		<title level="m" type="main">Automatically categorizing written texts by author gender. Literary and Linguistic Computing</title>
		<author>
			<persName xmlns="http://www.tei-c.org/ns/1.0"><forename type="first">Moshe</forename><surname>Koppel</surname></persName>
		</author>
		<author>
			<persName xmlns="http://www.tei-c.org/ns/1.0"><forename type="first">Shlomo</forename><surname>Argamon</surname></persName>
		</author>
		<author>
			<persName xmlns="http://www.tei-c.org/ns/1.0"><forename type="first">Anat Rachel</forename><surname>Shimoni</surname></persName>
		</author>
		<imprint>
			<date type="published" when="2002" />
			<biblScope unit="volume">17</biblScope>
			<biblScope unit="page" from="401" to="412" />
		</imprint>
	</monogr>
</biblStruct>

<biblStruct xml:id="b9">
	<analytic>
		<title level="a" type="main">Bidirectional lstm for named entity recognition in twitter messages</title>
		<author>
			<persName xmlns="http://www.tei-c.org/ns/1.0"><forename type="first">Nut</forename><surname>Limsopatham</surname></persName>
		</author>
		<author>
			<persName xmlns="http://www.tei-c.org/ns/1.0"><forename type="first">Nigel</forename><surname>Collier</surname></persName>
		</author>
	</analytic>
	<monogr>
		<title level="m">Proceedings of the 2nd Workshop on Noisy User-generated Text (WNUT)</title>
		<meeting>the 2nd Workshop on Noisy User-generated Text (WNUT)<address><addrLine>Osaka, Japan</addrLine></address></meeting>
		<imprint>
			<date type="published" when="2016" />
			<biblScope unit="page" from="145" to="152" />
		</imprint>
	</monogr>
	<note>The COLING 2016 Organizing Committee</note>
</biblStruct>

<biblStruct xml:id="b10">
	<analytic>
		<title level="a" type="main">Language-independent gender prediction on twitter</title>
		<author>
			<persName xmlns="http://www.tei-c.org/ns/1.0"><forename type="first">Nikola</forename><surname>Ljubešić</surname></persName>
		</author>
		<author>
			<persName xmlns="http://www.tei-c.org/ns/1.0"><forename type="first">Darja</forename><surname>Fišer</surname></persName>
		</author>
		<author>
			<persName xmlns="http://www.tei-c.org/ns/1.0"><forename type="first">Tomaž</forename><surname>Erjavec</surname></persName>
		</author>
	</analytic>
	<monogr>
		<title level="m">Proceedings of the Second Workshop on NLP and Computational Social Science</title>
		<meeting>the Second Workshop on NLP and Computational Social Science<address><addrLine>Vancouver, Canada</addrLine></address></meeting>
		<imprint>
			<date type="published" when="2017" />
			<biblScope unit="page" from="1" to="6" />
		</imprint>
	</monogr>
	<note>Association for Computational Linguistics</note>
</biblStruct>

<biblStruct xml:id="b11">
	<analytic>
		<title level="a" type="main">An analysis of cross-genre and in-genre performance for author profiling in social media</title>
		<author>
			<persName xmlns="http://www.tei-c.org/ns/1.0"><forename type="first">Maria</forename><surname>Medvedeva</surname></persName>
		</author>
		<author>
			<persName xmlns="http://www.tei-c.org/ns/1.0"><forename type="first">Hessel</forename><surname>Haagsma</surname></persName>
		</author>
		<author>
			<persName xmlns="http://www.tei-c.org/ns/1.0"><forename type="first">Malvina</forename><surname>Nissim</surname></persName>
		</author>
	</analytic>
	<monogr>
		<title level="m">Experimental IR Meets Multilinguality, Multimodality, and Interaction -8th International Conference of the CLEF Association</title>
		<meeting><address><addrLine>Dublin, Ireland</addrLine></address></meeting>
		<imprint>
			<date type="published" when="2017-09-11" />
			<biblScope unit="page" from="211" to="223" />
		</imprint>
	</monogr>
</biblStruct>

<biblStruct xml:id="b12">
	<analytic>
		<title level="a" type="main">Motivating personality-aware machine translation</title>
		<author>
			<persName xmlns="http://www.tei-c.org/ns/1.0"><forename type="first">Shachar</forename><surname>Mirkin</surname></persName>
		</author>
		<author>
			<persName xmlns="http://www.tei-c.org/ns/1.0"><forename type="first">Scott</forename><surname>Nowson</surname></persName>
		</author>
		<author>
			<persName xmlns="http://www.tei-c.org/ns/1.0"><forename type="first">Caroline</forename><surname>Brun</surname></persName>
		</author>
		<author>
			<persName xmlns="http://www.tei-c.org/ns/1.0"><forename type="first">Julien</forename><surname>Perez</surname></persName>
		</author>
	</analytic>
	<monogr>
		<title level="m">Proceedings of the 2015 Conference on Empirical Methods in Natural Language Processing</title>
		<meeting>the 2015 Conference on Empirical Methods in Natural Language Processing</meeting>
		<imprint>
			<date type="published" when="2015" />
			<biblScope unit="page" from="1102" to="1108" />
		</imprint>
	</monogr>
</biblStruct>

<biblStruct xml:id="b13">
	<monogr>
		<title level="m" type="main">Inference and disputed authorship: The federalist</title>
		<author>
			<persName xmlns="http://www.tei-c.org/ns/1.0"><forename type="first">Frederick</forename><surname>Mosteller</surname></persName>
		</author>
		<author>
			<persName xmlns="http://www.tei-c.org/ns/1.0"><forename type="first">David</forename><surname>Wallace</surname></persName>
		</author>
		<imprint>
			<date type="published" when="1964" />
		</imprint>
	</monogr>
</biblStruct>

<biblStruct xml:id="b14">
	<analytic>
		<title level="a" type="main">Why gender and age prediction from tweets is hard: Lessons from a crowdsourcing experiment</title>
		<author>
			<persName xmlns="http://www.tei-c.org/ns/1.0"><forename type="first">Dong</forename><surname>Nguyen</surname></persName>
		</author>
		<author>
			<persName xmlns="http://www.tei-c.org/ns/1.0"><forename type="first">Dolf</forename><surname>Trieschnigg</surname></persName>
		</author>
		<author>
			<persName xmlns="http://www.tei-c.org/ns/1.0"><forename type="first">Rilana</forename><surname>Seza Dogruöz</surname></persName>
		</author>
		<author>
			<persName xmlns="http://www.tei-c.org/ns/1.0"><forename type="first">Mariët</forename><surname>Gravel</surname></persName>
		</author>
		<author>
			<persName xmlns="http://www.tei-c.org/ns/1.0"><forename type="first">Theo</forename><surname>Theune</surname></persName>
		</author>
		<author>
			<persName xmlns="http://www.tei-c.org/ns/1.0"><forename type="first">Franciska De Jong</forename><surname>Meder</surname></persName>
		</author>
	</analytic>
	<monogr>
		<title level="m">Proceedings of COLING 2014, the 25th International Conference on Computational Linguistics: Technical Papers</title>
		<meeting>COLING 2014, the 25th International Conference on Computational Linguistics: Technical Papers</meeting>
		<imprint>
			<date type="published" when="2014" />
			<biblScope unit="page" from="1950" to="1961" />
		</imprint>
	</monogr>
</biblStruct>

<biblStruct xml:id="b15">
	<analytic>
		<title level="a" type="main">Scikit-learn: Machine learning in Python</title>
		<author>
			<persName xmlns="http://www.tei-c.org/ns/1.0"><forename type="first">F</forename><surname>Pedregosa</surname></persName>
		</author>
		<author>
			<persName xmlns="http://www.tei-c.org/ns/1.0"><forename type="first">G</forename><surname>Varoquaux</surname></persName>
		</author>
		<author>
			<persName xmlns="http://www.tei-c.org/ns/1.0"><forename type="first">A</forename><surname>Gramfort</surname></persName>
		</author>
		<author>
			<persName xmlns="http://www.tei-c.org/ns/1.0"><forename type="first">V</forename><surname>Michel</surname></persName>
		</author>
		<author>
			<persName xmlns="http://www.tei-c.org/ns/1.0"><forename type="first">B</forename><surname>Thirion</surname></persName>
		</author>
		<author>
			<persName xmlns="http://www.tei-c.org/ns/1.0"><forename type="first">O</forename><surname>Grisel</surname></persName>
		</author>
		<author>
			<persName xmlns="http://www.tei-c.org/ns/1.0"><forename type="first">M</forename><surname>Blondel</surname></persName>
		</author>
		<author>
			<persName xmlns="http://www.tei-c.org/ns/1.0"><forename type="first">P</forename><surname>Prettenhofer</surname></persName>
		</author>
		<author>
			<persName xmlns="http://www.tei-c.org/ns/1.0"><forename type="first">R</forename><surname>Weiss</surname></persName>
		</author>
		<author>
			<persName xmlns="http://www.tei-c.org/ns/1.0"><forename type="first">V</forename><surname>Dubourg</surname></persName>
		</author>
		<author>
			<persName xmlns="http://www.tei-c.org/ns/1.0"><forename type="first">J</forename><surname>Vanderplas</surname></persName>
		</author>
		<author>
			<persName xmlns="http://www.tei-c.org/ns/1.0"><forename type="first">A</forename><surname>Passos</surname></persName>
		</author>
		<author>
			<persName xmlns="http://www.tei-c.org/ns/1.0"><forename type="first">D</forename><surname>Cournapeau</surname></persName>
		</author>
		<author>
			<persName xmlns="http://www.tei-c.org/ns/1.0"><forename type="first">M</forename><surname>Brucher</surname></persName>
		</author>
		<author>
			<persName xmlns="http://www.tei-c.org/ns/1.0"><forename type="first">M</forename><surname>Perrot</surname></persName>
		</author>
		<author>
			<persName xmlns="http://www.tei-c.org/ns/1.0"><forename type="first">E</forename><surname>Duchesnay</surname></persName>
		</author>
	</analytic>
	<monogr>
		<title level="j">Journal of Machine Learning Research</title>
		<imprint>
			<biblScope unit="volume">12</biblScope>
			<biblScope unit="page" from="2825" to="2830" />
			<date type="published" when="2011" />
		</imprint>
	</monogr>
</biblStruct>

<biblStruct xml:id="b16">
	<analytic>
		<title level="a" type="main">Improved inference for unlexicalized parsing</title>
		<author>
			<persName xmlns="http://www.tei-c.org/ns/1.0"><forename type="first">Slav</forename><surname>Petrov</surname></persName>
		</author>
		<author>
			<persName xmlns="http://www.tei-c.org/ns/1.0"><forename type="first">Dan</forename><surname>Klein</surname></persName>
		</author>
	</analytic>
	<monogr>
		<title level="m">Human Language Technologies 2007: The Conference of the North American Chapter of the Association for Computational Linguistics; Proceedings of the Main Conference</title>
		<meeting><address><addrLine>Rochester, New York</addrLine></address></meeting>
		<imprint>
			<publisher>Association for Computational Linguistics</publisher>
			<date type="published" when="2007" />
			<biblScope unit="page" from="404" to="411" />
		</imprint>
	</monogr>
</biblStruct>

<biblStruct xml:id="b17">
	<analytic>
		<title level="a" type="main">All-in-1 at ijcnlp-2017 task 4: Short text classification with one model for all languages</title>
		<author>
			<persName xmlns="http://www.tei-c.org/ns/1.0"><forename type="first">Barbara</forename><surname>Plank</surname></persName>
		</author>
	</analytic>
	<monogr>
		<title level="m">Proceedings of the IJCNLP 2017, Shared Tasks</title>
		<meeting>the IJCNLP 2017, Shared Tasks</meeting>
		<imprint>
			<date type="published" when="2017" />
			<biblScope unit="page" from="143" to="148" />
		</imprint>
	</monogr>
</biblStruct>

<biblStruct xml:id="b18">
	<analytic>
		<title level="a" type="main">Personality traits on twitter-or-how to get 1,500 personality tests in a week</title>
		<author>
			<persName xmlns="http://www.tei-c.org/ns/1.0"><forename type="first">Barbara</forename><surname>Plank</surname></persName>
		</author>
		<author>
			<persName xmlns="http://www.tei-c.org/ns/1.0"><forename type="first">Dirk</forename><surname>Hovy</surname></persName>
		</author>
	</analytic>
	<monogr>
		<title level="m">Proceedings of the 6th Workshop on Computational Approaches to Subjectivity, Sentiment and Social Media Analysis</title>
		<meeting>the 6th Workshop on Computational Approaches to Subjectivity, Sentiment and Social Media Analysis<address><addrLine>Lisboa, Portugal</addrLine></address></meeting>
		<imprint>
			<date type="published" when="2015" />
			<biblScope unit="page" from="92" to="98" />
		</imprint>
	</monogr>
	<note>Association for Computational Linguistics</note>
</biblStruct>

<biblStruct xml:id="b19">
	<analytic>
		<title level="a" type="main">Multilingual Part-of-Speech Tagging with Bidirectional Long Short-Term Memory Models and Auxiliary Loss</title>
		<author>
			<persName xmlns="http://www.tei-c.org/ns/1.0"><forename type="first">Barbara</forename><surname>Plank</surname></persName>
		</author>
		<author>
			<persName xmlns="http://www.tei-c.org/ns/1.0"><forename type="first">Anders</forename><surname>Søgaard</surname></persName>
		</author>
		<author>
			<persName xmlns="http://www.tei-c.org/ns/1.0"><forename type="first">Yoav</forename><surname>Goldberg</surname></persName>
		</author>
	</analytic>
	<monogr>
		<title level="m">Proceedings of the 54th Annual Meeting of the Association for Computational Linguistics</title>
		<meeting>the 54th Annual Meeting of the Association for Computational Linguistics</meeting>
		<imprint>
			<date type="published" when="2016" />
		</imprint>
	</monogr>
</biblStruct>

<biblStruct xml:id="b20">
	<analytic>
		<title level="a" type="main">An analysis of the user occupational class through twitter content</title>
		<author>
			<persName xmlns="http://www.tei-c.org/ns/1.0"><forename type="first">Daniel</forename><surname>Preoţiuc-Pietro</surname></persName>
		</author>
		<author>
			<persName xmlns="http://www.tei-c.org/ns/1.0"><forename type="first">Vasileios</forename><surname>Lampos</surname></persName>
		</author>
		<author>
			<persName xmlns="http://www.tei-c.org/ns/1.0"><forename type="first">Nikolaos</forename><surname>Aletras</surname></persName>
		</author>
	</analytic>
	<monogr>
		<title level="m">Proceedings of the 53rd Annual Meeting of the Association for Computational Linguistics and the 7th International Joint Conference on Natural Language Processing</title>
		<meeting>the 53rd Annual Meeting of the Association for Computational Linguistics and the 7th International Joint Conference on Natural Language Processing</meeting>
		<imprint>
			<date type="published" when="2015" />
			<biblScope unit="volume">1</biblScope>
			<biblScope unit="page" from="1754" to="1764" />
		</imprint>
	</monogr>
</biblStruct>

<biblStruct xml:id="b21">
	<monogr>
		<title level="m" type="main">Overview of the 5th author profiling task at pan 2017: Gender and language variety identification in twitter</title>
		<author>
			<persName xmlns="http://www.tei-c.org/ns/1.0"><forename type="first">Francisco</forename><surname>Rangel</surname></persName>
		</author>
		<author>
			<persName xmlns="http://www.tei-c.org/ns/1.0"><forename type="first">Paolo</forename><surname>Rosso</surname></persName>
		</author>
		<author>
			<persName xmlns="http://www.tei-c.org/ns/1.0"><forename type="first">Martin</forename><surname>Potthast</surname></persName>
		</author>
		<author>
			<persName xmlns="http://www.tei-c.org/ns/1.0"><forename type="first">Benno</forename><surname>Stein</surname></persName>
		</author>
		<imprint>
			<date type="published" when="2017" />
		</imprint>
	</monogr>
	<note>Working Notes Papers of the CLEF</note>
</biblStruct>

<biblStruct xml:id="b22">
	<analytic>
		<title level="a" type="main">Overview of the 3rd author profiling task at pan</title>
		<author>
			<persName xmlns="http://www.tei-c.org/ns/1.0"><forename type="first">Francisco</forename><surname>Rangel</surname></persName>
		</author>
		<author>
			<persName xmlns="http://www.tei-c.org/ns/1.0"><forename type="first">Paolo</forename><surname>Rosso</surname></persName>
		</author>
		<author>
			<persName xmlns="http://www.tei-c.org/ns/1.0"><forename type="first">Martin</forename><surname>Potthast</surname></persName>
		</author>
		<author>
			<persName xmlns="http://www.tei-c.org/ns/1.0"><forename type="first">Benno</forename><surname>Stein</surname></persName>
		</author>
		<author>
			<persName xmlns="http://www.tei-c.org/ns/1.0"><forename type="first">Walter</forename><surname>Daelemans</surname></persName>
		</author>
	</analytic>
	<monogr>
		<title level="m">CLEF</title>
		<imprint>
			<date type="published" when="2015" />
			<biblScope unit="page">2015</biblScope>
		</imprint>
	</monogr>
	<note>sn</note>
</biblStruct>

<biblStruct xml:id="b23">
	<analytic>
		<title level="a" type="main">Overview of the 4th Author Profiling Task at PAN 2016: Cross-genre Evaluations</title>
		<author>
			<persName xmlns="http://www.tei-c.org/ns/1.0"><forename type="first">Francisco</forename><surname>Rangel</surname></persName>
		</author>
		<author>
			<persName xmlns="http://www.tei-c.org/ns/1.0"><forename type="first">Paolo</forename><surname>Rosso</surname></persName>
		</author>
		<author>
			<persName xmlns="http://www.tei-c.org/ns/1.0"><forename type="first">Ben</forename><surname>Verhoeven</surname></persName>
		</author>
		<author>
			<persName xmlns="http://www.tei-c.org/ns/1.0"><forename type="first">Walter</forename><surname>Daelemans</surname></persName>
		</author>
		<author>
			<persName xmlns="http://www.tei-c.org/ns/1.0"><forename type="first">Martin</forename><surname>Potthast</surname></persName>
		</author>
		<author>
			<persName xmlns="http://www.tei-c.org/ns/1.0"><forename type="first">Benno</forename><surname>Stein</surname></persName>
		</author>
	</analytic>
	<monogr>
		<title level="m">Working Notes Papers of the CLEF 2016 Evaluation Labs. CEUR Workshop Proceedings. CLEF and CEUR-WS.org</title>
		<imprint>
			<date type="published" when="2016" />
		</imprint>
	</monogr>
</biblStruct>

<biblStruct xml:id="b24">
	<analytic>
		<title level="a" type="main">Classifying latent user attributes in twitter</title>
		<author>
			<persName xmlns="http://www.tei-c.org/ns/1.0"><forename type="first">Delip</forename><surname>Rao</surname></persName>
		</author>
		<author>
			<persName xmlns="http://www.tei-c.org/ns/1.0"><forename type="first">David</forename><surname>Yarowsky</surname></persName>
		</author>
		<author>
			<persName xmlns="http://www.tei-c.org/ns/1.0"><forename type="first">Abhishek</forename><surname>Shreevats</surname></persName>
		</author>
		<author>
			<persName xmlns="http://www.tei-c.org/ns/1.0"><forename type="first">Manaswi</forename><surname>Gupta</surname></persName>
		</author>
	</analytic>
	<monogr>
		<title level="m">Proceedings of the 2nd international workshop on Search and mining usergenerated contents</title>
		<meeting>the 2nd international workshop on Search and mining usergenerated contents</meeting>
		<imprint>
			<publisher>ACM</publisher>
			<date type="published" when="2010" />
			<biblScope unit="page" from="37" to="44" />
		</imprint>
	</monogr>
</biblStruct>

<biblStruct xml:id="b25">
	<monogr>
		<title level="m" type="main">A survey of cross-lingual embedding models</title>
		<author>
			<persName xmlns="http://www.tei-c.org/ns/1.0"><forename type="first">Sebastian</forename><surname>Ruder</surname></persName>
		</author>
		<idno type="arXiv">arXiv:1706.04902</idno>
		<imprint>
			<date type="published" when="2017" />
		</imprint>
	</monogr>
	<note type="report_type">arXiv preprint</note>
</biblStruct>

<biblStruct xml:id="b26">
	<analytic>
		<title level="a" type="main">Gender attribution: tracing stylometric evidence beyond topic and genre</title>
		<author>
			<persName xmlns="http://www.tei-c.org/ns/1.0"><forename type="first">Ruchita</forename><surname>Sarawgi</surname></persName>
		</author>
		<author>
			<persName xmlns="http://www.tei-c.org/ns/1.0"><forename type="first">Kailash</forename><surname>Gajulapalli</surname></persName>
		</author>
		<author>
			<persName xmlns="http://www.tei-c.org/ns/1.0"><forename type="first">Yejin</forename><surname>Choi</surname></persName>
		</author>
	</analytic>
	<monogr>
		<title level="m">Proceedings of the Fifteenth Conference on Computational Natural Language Learning</title>
		<meeting>the Fifteenth Conference on Computational Natural Language Learning</meeting>
		<imprint>
			<publisher>Association for Computational Linguistics</publisher>
			<date type="published" when="2011" />
			<biblScope unit="page" from="78" to="86" />
		</imprint>
	</monogr>
</biblStruct>

<biblStruct xml:id="b27">
	<analytic>
		<title level="a" type="main">Effects of Age and Gender on Blogging</title>
		<author>
			<persName xmlns="http://www.tei-c.org/ns/1.0"><forename type="first">Jonathan</forename><surname>Schler</surname></persName>
		</author>
		<author>
			<persName xmlns="http://www.tei-c.org/ns/1.0"><forename type="first">Moshe</forename><surname>Koppel</surname></persName>
		</author>
		<author>
			<persName xmlns="http://www.tei-c.org/ns/1.0"><forename type="first">Shlomo</forename><surname>Argamon</surname></persName>
		</author>
		<author>
			<persName xmlns="http://www.tei-c.org/ns/1.0"><forename type="first">James</forename><forename type="middle">W</forename><surname>Pennebaker</surname></persName>
		</author>
	</analytic>
	<monogr>
		<title level="m">AAAI Spring Symposium: Computational Approaches to Analyzing Weblogs</title>
		<imprint>
			<publisher>AAAI</publisher>
			<date type="published" when="2006" />
			<biblScope unit="page" from="199" to="205" />
		</imprint>
	</monogr>
</biblStruct>

<biblStruct xml:id="b28">
	<analytic>
		<title level="a" type="main">Flors: Fast and simple domain adaptation for part-ofspeech tagging</title>
		<author>
			<persName xmlns="http://www.tei-c.org/ns/1.0"><forename type="first">Tobias</forename><surname>Schnabel</surname></persName>
		</author>
		<author>
			<persName xmlns="http://www.tei-c.org/ns/1.0"><forename type="first">Hinrich</forename><surname>Schütze</surname></persName>
		</author>
	</analytic>
	<monogr>
		<title level="j">Transactions of the ACL</title>
		<imprint>
			<biblScope unit="volume">2</biblScope>
			<biblScope unit="page" from="15" to="26" />
			<date type="published" when="2014" />
		</imprint>
	</monogr>
</biblStruct>

<biblStruct xml:id="b29">
	<analytic>
		<title level="a" type="main">Personality, gender, and age in the language of social media: The open-vocabulary approach</title>
		<author>
			<persName xmlns="http://www.tei-c.org/ns/1.0"><forename type="first">Andrew</forename><surname>Schwartz</surname></persName>
		</author>
		<author>
			<persName xmlns="http://www.tei-c.org/ns/1.0"><forename type="first">Johannes</forename><forename type="middle">C</forename><surname>Eichstaedt</surname></persName>
		</author>
		<author>
			<persName xmlns="http://www.tei-c.org/ns/1.0"><forename type="first">Margaret</forename><forename type="middle">L</forename><surname>Kern</surname></persName>
		</author>
		<author>
			<persName xmlns="http://www.tei-c.org/ns/1.0"><forename type="first">Lukasz</forename><surname>Dziurzynski</surname></persName>
		</author>
		<author>
			<persName xmlns="http://www.tei-c.org/ns/1.0"><forename type="first">M</forename><surname>Stephanie</surname></persName>
		</author>
		<author>
			<persName xmlns="http://www.tei-c.org/ns/1.0"><forename type="first">Megha</forename><surname>Ramones</surname></persName>
		</author>
		<author>
			<persName xmlns="http://www.tei-c.org/ns/1.0"><forename type="first">Achal</forename><surname>Agrawal</surname></persName>
		</author>
		<author>
			<persName xmlns="http://www.tei-c.org/ns/1.0"><forename type="first">Michal</forename><surname>Shah</surname></persName>
		</author>
		<author>
			<persName xmlns="http://www.tei-c.org/ns/1.0"><forename type="first">David</forename><surname>Kosinski</surname></persName>
		</author>
		<author>
			<persName xmlns="http://www.tei-c.org/ns/1.0"><surname>Stillwell</surname></persName>
		</author>
		<author>
			<persName xmlns="http://www.tei-c.org/ns/1.0"><forename type="first">E</forename><forename type="middle">P</forename><surname>Martin</surname></persName>
		</author>
		<author>
			<persName xmlns="http://www.tei-c.org/ns/1.0"><surname>Seligman</surname></persName>
		</author>
	</analytic>
	<monogr>
		<title level="j">PloS one</title>
		<imprint>
			<biblScope unit="volume">8</biblScope>
			<biblScope unit="issue">9</biblScope>
			<biblScope unit="page">73791</biblScope>
			<date type="published" when="2013" />
		</imprint>
	</monogr>
</biblStruct>

<biblStruct xml:id="b30">
	<monogr>
				<author>
			<persName xmlns="http://www.tei-c.org/ns/1.0"><forename type="first">L</forename><surname>Samuel</surname></persName>
		</author>
		<author>
			<persName xmlns="http://www.tei-c.org/ns/1.0"><surname>Smith</surname></persName>
		</author>
		<author>
			<persName xmlns="http://www.tei-c.org/ns/1.0"><forename type="first">H</forename><forename type="middle">P</forename><surname>David</surname></persName>
		</author>
		<author>
			<persName xmlns="http://www.tei-c.org/ns/1.0"><forename type="first">Steven</forename><surname>Turban</surname></persName>
		</author>
		<author>
			<persName xmlns="http://www.tei-c.org/ns/1.0"><forename type="first">Nils</forename><forename type="middle">Y</forename><surname>Hamblin</surname></persName>
		</author>
		<author>
			<persName xmlns="http://www.tei-c.org/ns/1.0"><surname>Hammerla</surname></persName>
		</author>
		<idno type="arXiv">arXiv:1702.03859</idno>
		<title level="m">Offline bilingual word vectors, orthogonal transformations and the inverted softmax</title>
		<imprint>
			<date type="published" when="2017" />
		</imprint>
	</monogr>
	<note type="report_type">arXiv preprint</note>
</biblStruct>

<biblStruct xml:id="b31">
	<analytic>
		<title level="a" type="main">Twisty: A multilingual twitter stylometry corpus for gender and personality profiling</title>
		<author>
			<persName xmlns="http://www.tei-c.org/ns/1.0"><forename type="first">Ben</forename><surname>Verhoeven</surname></persName>
		</author>
		<author>
			<persName xmlns="http://www.tei-c.org/ns/1.0"><forename type="first">Walter</forename><surname>Daelemans</surname></persName>
		</author>
		<author>
			<persName xmlns="http://www.tei-c.org/ns/1.0"><forename type="first">Barbara</forename><surname>Plank</surname></persName>
		</author>
	</analytic>
	<monogr>
		<title level="m">Proceedings of the Tenth International Conference on Language Resources and Evaluation (LREC 2016)</title>
		<meeting>the Tenth International Conference on Language Resources and Evaluation (LREC 2016)<address><addrLine>Paris, France</addrLine></address></meeting>
		<imprint>
			<date type="published" when="2016" />
		</imprint>
	</monogr>
	<note>European Language Resources Association (ELRA</note>
</biblStruct>

<biblStruct xml:id="b32">
	<analytic>
		<title level="a" type="main">Gronup: Groningen user profiling notebook for PAN at CLEF</title>
		<author>
			<persName xmlns="http://www.tei-c.org/ns/1.0"><forename type="first">M</forename><surname>Busger Op Vollenbroek</surname></persName>
		</author>
		<author>
			<persName xmlns="http://www.tei-c.org/ns/1.0"><forename type="first">T</forename><surname>Carlotto</surname></persName>
		</author>
		<author>
			<persName xmlns="http://www.tei-c.org/ns/1.0"><forename type="first">T</forename><surname>Kreutz</surname></persName>
		</author>
		<author>
			<persName xmlns="http://www.tei-c.org/ns/1.0"><forename type="first">M</forename><surname>Medvedeva</surname></persName>
		</author>
		<author>
			<persName xmlns="http://www.tei-c.org/ns/1.0"><forename type="first">C</forename><surname>Pool</surname></persName>
		</author>
		<author>
			<persName xmlns="http://www.tei-c.org/ns/1.0"><forename type="first">J</forename><surname>Bjerva</surname></persName>
		</author>
		<author>
			<persName xmlns="http://www.tei-c.org/ns/1.0"><forename type="first">H</forename><surname>Haagsma</surname></persName>
		</author>
		<author>
			<persName xmlns="http://www.tei-c.org/ns/1.0"><forename type="first">M</forename><surname>Nissim</surname></persName>
		</author>
	</analytic>
	<monogr>
		<title level="m">CLEF 2016 Evaluation Labs and Workshop -Working Notes Papers</title>
		<imprint>
			<date type="published" when="2016" />
		</imprint>
	</monogr>
</biblStruct>

				</listBibl>
			</div>
		</back>
	</text>
</TEI>
