<?xml version="1.0" encoding="UTF-8"?>
<TEI xml:space="preserve" xmlns="http://www.tei-c.org/ns/1.0" 
xmlns:xsi="http://www.w3.org/2001/XMLSchema-instance" 
xsi:schemaLocation="http://www.tei-c.org/ns/1.0 /home/varun/Desktop/NLP/Projects/grobid-0.5.6/grobid-home/schemas/xsd/Grobid.xsd"
 xmlns:xlink="http://www.w3.org/1999/xlink">
	<teiHeader xml:lang="en">
		<fileDesc>
			<titleStmt>
				<title level="a" type="main">Classifying Temporal Relations by Bidirectional LSTM over Dependency Paths</title>
			</titleStmt>
			<publicationStmt>
				<publisher/>
				<availability status="unknown"><licence/></availability>
				<date>July 30 -August 4, 2017. July 30 -August 4, 2017</date>
			</publicationStmt>
			<sourceDesc>
				<biblStruct>
					<analytic>
						<author>
							<persName xmlns="http://www.tei-c.org/ns/1.0"><forename type="first">Fei</forename><surname>Cheng</surname></persName>
							<email>fei-cheng@nii.ac.jp</email>
							<affiliation key="aff0">
								<orgName type="department">Research Center for Financial Smart Data</orgName>
								<orgName type="institution">National Institute of Informatics</orgName>
								<address>
									<addrLine>2-1-2 Hitotsubashi, Chiyoda-ku</addrLine>
									<settlement>Tokyo</settlement>
									<country key="JP">Japan</country>
								</address>
							</affiliation>
						</author>
						<author>
							<persName xmlns="http://www.tei-c.org/ns/1.0"><forename type="first">Yusuke</forename><surname>Miyao</surname></persName>
							<email>yusuke@nii.ac.jp</email>
							<affiliation key="aff0">
								<orgName type="department">Research Center for Financial Smart Data</orgName>
								<orgName type="institution">National Institute of Informatics</orgName>
								<address>
									<addrLine>2-1-2 Hitotsubashi, Chiyoda-ku</addrLine>
									<settlement>Tokyo</settlement>
									<country key="JP">Japan</country>
								</address>
							</affiliation>
						</author>
						<title level="a" type="main">Classifying Temporal Relations by Bidirectional LSTM over Dependency Paths</title>
					</analytic>
					<monogr>
						<title level="m">Proceedings of the 55th Annual Meeting of the Association for Computational Linguistics (Short Papers)</title>
						<meeting>the 55th Annual Meeting of the Association for Computational Linguistics (Short Papers) <address><addrLine>Vancouver, Canada; Vancouver, Canada</addrLine></address>
						</meeting>
						<imprint>
							<biblScope unit="page" from="1" to="6"/>
							<date type="published">July 30 -August 4, 2017. July 30 -August 4, 2017</date>
						</imprint>
					</monogr>
					<idno type="DOI">10.18653/v1/P17-2001</idno>
				</biblStruct>
			</sourceDesc>
		</fileDesc>

		<encodingDesc>
			<appInfo>
				<application version="0.5.6" ident="GROBID" when="2020-04-20T14:52+0000">
					<ref target="https://github.com/kermitt2/grobid">GROBID - A machine learning software for extracting information from scholarly documents</ref>
				</application>
			</appInfo>
		</encodingDesc>		<profileDesc>
			<abstract>
<div xmlns="http://www.tei-c.org/ns/1.0"><p>Temporal relation classification is becoming an active research field. Lots of methods have been proposed, while most of them focus on extracting features from external resources. Less attention has been paid to a significant advance in a closely related task: relation extraction. In this work, we borrow a state-of-the-art method in relation extraction by adopting bidirectional long short-term memory (Bi-LSTM) along dependency paths (DP). We make a "common root" assumption to extend DP representations of cross-sentence links. In the final comparison to two stateof-the-art systems on TimeBank-Dense, our model achieves comparable performance, without using external knowledge and manually annotated attributes of entities (class, tense, polarity, etc.).</p></div>
			</abstract>
		</profileDesc>
	</teiHeader>
	<text xml:lang="en">
		<body>
<div xmlns="http://www.tei-c.org/ns/1.0"><head n="1">Introduction</head><p>Recently, the need for extracting temporal information from text is motivated rapidly by many NLP tasks such as: question answering (QA), information extraction (IE), etc. Along with the TimeBank 1 <ref type="bibr" target="#b17">(Pustejovsky et al., 2003)</ref> and other temporal information annotated corpora, a series of temporal evaluation challenges (TempEval-1,2,3) <ref type="bibr" target="#b21">(Verhagen et al., 2009</ref><ref type="bibr" target="#b22">(Verhagen et al., , 2010</ref><ref type="bibr" target="#b20">UzZaman et al., 2012)</ref> are attracting growing research efforts.</p><p>Temporal relation classification is a task to identify the pairs of temporal entities (events or temporal expressions) that have a temporal link and classify the temporal relations between them. For instance, we show an event-event (E-E) link with 'DURING' type in (i), an event-time (E-T) link 1 https://catalog.ldc.upenn.edu/LDC2006T08 with 'INCLUDES' type in (ii) and an event-DCT (document creation time, E-D) with 'BEFORE' type in (iii).</p><p>(i) There was no hint of trouble in the last conversation between controllers and TWA pilot Steven Snyder.</p><p>(ii) In Washington today, the Federal Aviation Administration released air traffic control tapes.</p><p>(iii) The U.S. Navy has 27 ships in the maritime barricade of Iraq. <ref type="bibr" target="#b11">Marcu and Echihabi (2002)</ref> propose an approach considering word-based pairs as useful features. The following researchers <ref type="bibr" target="#b9">(Laokulrat et al., 2013;</ref><ref type="bibr" target="#b10">Mani et al., 2006;</ref><ref type="bibr" target="#b4">D'Souza and Ng, 2013)</ref> focus on extracting lexical, syntactic or semantic information from various external knowledge bases such as: <ref type="bibr">Word-Net (Miller, 1995)</ref> and VerbOcean <ref type="bibr" target="#b3">(Chklovski and Pantel, 2004)</ref>. However, these feature based methods rely on hand-crafted efforts and external resources. In addition, these works require the features of entity attributes (class, tense, polarity, etc.), which are manually annotated to achieve high performance. Consequently, they are hard to obtain in practical application scenarios.</p><p>In relation extraction, there is an explosion of the works done with the dependency path (DP) based methods, which employ various models along dependency paths <ref type="bibr" target="#b0">(Bunescu and Mooney, 2005;</ref><ref type="bibr" target="#b16">Plank and Moschitti, 2013)</ref>. In recent years, the DP-based neural networks <ref type="bibr" target="#b18">(Socher et al., 2011;</ref><ref type="bibr">Xu et al., 2015a,b)</ref> show state-of-the-art performance, with less requirements on explicit features. Intuitively, the DP-based approaches have the potential to classify temporal relations.</p><p>Both relation extraction and temporal relation classification require the identification of relation- ship between entities in texts. However, temporal relation classification is more challenging, since it includes three different type of entities: 'event', 'time expression' and DCT. Cross-sentence links also add additional complexity into the task. Due to the outstanding performance of DP-based neural networks revealed in relation extraction, we borrow this state-of-the-art approach to temporal relation classification.</p><p>In Section 2 of this paper, we review related work and introduce TimeBank-Dense. We discuss the cross-sentence link problem and the architectures of our E-E, E-T and E-D classifiers in Section 3. In Section 4, the experiments are performed on TimeBank-Dense and we compare our model to the baseline and two state-of-the-art systems. The final conclusion is made in Section 5.</p></div>
<div xmlns="http://www.tei-c.org/ns/1.0"><head n="2">Background</head></div>
<div xmlns="http://www.tei-c.org/ns/1.0"><head n="2.1">Related Work</head><p>Current state-of-the-art temporal relation classifiers exploit a variety of features. <ref type="bibr" target="#b9">Laokulrat et al. (2013)</ref>;  extract lexical and morphological features derived from Word-Net synsets. <ref type="bibr" target="#b10">Mani et al. (2006)</ref>; D'Souza and Ng (2013) incorporate semantic relations between verbs from VerbOcean as features. In addition, most of the systems include the entity attributes ( <ref type="figure" target="#fig_0">Figure 1</ref>) specified in TimeML 2 as basic features, which actually need heavy human annotations.</p><p>In this work, we push this work into a more practical level by using only word, part-of-speech (POS), dependency parsing information, without incorporating entity attributes, as well as any other external resources.</p><p>In relation extraction, <ref type="bibr" target="#b0">Bunescu and Mooney (2005)</ref> propose an observation that a relation can be captured by the shortest dependency path 2 http://timeml.org/ Figure 2: An example of the DP representation of a cross-sentence link between the two sentences in <ref type="figure" target="#fig_0">Figure 1</ref>.</p><p>(SDP) between the two entities in the entire dependency graph. Plank and Moschitti (2013) extract syntactic and semantic information in a tree kernel. Following this line, researchers <ref type="bibr" target="#b18">(Socher et al., 2011;</ref><ref type="bibr">Xu et al., 2015a,b)</ref> achieve state-of-the-art performance by building various neural networks over dependency path.</p><p>Our system is similar to the work by <ref type="bibr" target="#b24">Xu et al. (2015b)</ref>. They perform LSTM with max pooling separately on each feature channel along dependency path. In contrast, our system adopts bidirectional LSTM on the concatenation of feature embeddings.</p></div>
<div xmlns="http://www.tei-c.org/ns/1.0"><head n="2.2">TimeBank-Dense</head><p>In the original TimeBank, temporal links have been created on those pairs with semantic connections, which led to a sparse annotation style.   <ref type="bibr">3</ref> propose a mechanism to force annotators to create complete graphs over the entities in neighboring sentences. Compared to 6,418 links in 183 TimeBank documents, TimeBank-Dense achieves greater density with 12,715 links in 36 documents.</p><p>We follow a similar experiment setting to the other two systems <ref type="bibr" target="#b15">(Mirza and Tonelli, 2016;</ref> with the same 9 documents as test data and the others as training data (15% of training data is split as validation data for early stopping).</p></div>
<div xmlns="http://www.tei-c.org/ns/1.0"><head n="3">The Proposed Method</head></div>
<div xmlns="http://www.tei-c.org/ns/1.0"><head n="3.1">Cross-sentence Dependency Paths</head><p>Intuitively, the dependency path based idea can be introduced into the temporal relation classification task. However, around 64% E-E, E-T links in TimeBank-Dense are with the ends in two neighboring sentences, called cross-sentence links.</p><p>A crucial obstacle is how to represent the dependency path of a cross-sentence link. In this work, we make a naive assumption that two neighboring sentences share a "common root". Therefore, a cross-sentence dependency path can be represented as two shortest dependency path branches from the ends to the "common root", as shown in <ref type="figure">Figure 2</ref>.</p><p>Stanford CoreNLP 4 is used to parsing syntactic structures of sentences in this work.</p></div>
<div xmlns="http://www.tei-c.org/ns/1.0"><head n="3.2">Temporal Relation Classifiers</head><p>Long short-term memory (LSTM) (Hochreiter and Schmidhuber, 1997) is a natural choice for processing sequential dependency paths. As the reversed order also takes useful information, a backward representation can be achieved by feeding LSTM with the same input in reverse. We adopt the concatenation of the forward and backward LSTMs outputs, referred to as bidirectional LSTM <ref type="bibr" target="#b5">(Graves and Schmidhuber, 2005)</ref>. <ref type="figure" target="#fig_1">Figure 3a</ref> shows the neural network architecture of our E-E, E-T classifier. Given an E-E or E-T temporal link, our system first generates two SDP branches: 1) the source entity to common root, 2) the target entity to common root. For each word along a SDP branch, concatenation of word, POS and dependency relation (DEP) embeddings (word-level) is fed into Bi-LSTM. The forward and backward outputs of both source and target branches are all concatenated, and fed into a fully connected hidden units layer. The final Softmax layer generates multi-class predictions. Since an E-D link contains single event SDP branch, our system applies a similar architecture, but with single branch Bi-LSTM with outputs fed into the penultimate hidden layer, as shown in <ref type="figure" target="#fig_1">Figure 3b</ref>.</p><p>In this work, we use word2vec 5 <ref type="bibr">(Mikolov et</ref>  </p></div>
<div xmlns="http://www.tei-c.org/ns/1.0"><head n="4">Experiments</head></div>
<div xmlns="http://www.tei-c.org/ns/1.0"><head n="4.1">Hyper-parameters and Cross-validation</head><p>The grid search exploring a full hyper-parameter space takes time for three classifiers (E-E, E-T and E-D). Empirically, we set each single LSTM output with the same dimensions (equal to 300) as the concatenation of word, POS, DEP embeddings. The hidden layer is set as 200-dimensions.</p><p>Our system adopts dependency paths as input, which means that the entities in the same sentences contain highly covered word sequence input. Simple cross-validation (CV) on links can not reflect the generalization ability of our model correctly. We use a grouped 5-fold CV based on the source entity ids (document id + sentence id) of links. This schema can reduce bias separately in either the source SDP or the target SDP. Although document level CV can avoid this issue, it's not feasible for TimeBank-Dense because it contains only 27 training documents.</p><p>Early stopping is used to save the best model based on the validation data. In each run of the 5-fold cross-validation, we split 80% of 'original training' as 'tentative training' and 20% as 'tentative test'. 85% of 'tentative training' is used to learning and 15% is used for validation. We also adopt early stopping in the final system on the validation data (15% of 'original training'). The patience is set as 10.</p><p>Dropout <ref type="bibr" target="#b19">(Srivastava et al., 2014)</ref> recently is proved to be an useful approach to prevent neural networks from over-fitting. We adopt dropout   separately after the following layers: embeddings, LSTM, and hidden layer to investigate the impact of dropout on performance. <ref type="table">Table 1</ref> shows the best CV results recorded in tuning dropout. The hyperparameter setting with the best CV performance is adopted in the final system.</p></div>
<div xmlns="http://www.tei-c.org/ns/1.0"><head n="4.2">Overall Performance</head><p>Recently, <ref type="bibr" target="#b15">Mirza and Tonelli (2016)</ref> report state-ofthe-art performance on TimeBank-Dense. They show the new attempt to mine the value of lowdimensions word embeddings by concatenating them with sparse traditional features. Their traditional features include entity attributes, temporal signals, semantic information of WordNet, etc., which means it's a hard setting for challenging their performance. In <ref type="table" target="#tab_2">Table 2</ref> and 3, 'Mirza' denotes their system.  The final comparison is shown in <ref type="table" target="#tab_4">Table 3</ref>. An one-layer fully connected hidden units baseline (200-dimensions) with word, POS embeddings as input (without any dependency information) is provided. The significant out-performance of our proposed model over the baseline indicates the effectiveness of the dependency path information and our Bi-LSTM in classifying temporal links. As a hybrid system, 'CAEVO'  includes hand-crafted rules for their E-T and E-D classifiers. For instance, the temporal prepositions in, on, over, during, and within indicate 'IN INCLUDED' relations. Their system is superior in E-T and E-D. 'Miza' takes the pure feature-based methods and performs slightly better in E-E and overall, compared to 'CAEVO'. Our system shows the highest scores in E-E and overall among the four systems. In general, our system achieves comparable performance to two state-ofthe-art systems, without using any hand-crafted features, rules, or external resources.</p></div>
<div xmlns="http://www.tei-c.org/ns/1.0"><head n="5">Conclusion</head><p>We borrow the idea of the dependency path based neural networks into temporal relation classification. A "common root" assumption adapts our model to cross-sentence links. Our model adopts bidirectional LSTM for capturing both forward and backward orders information. We observe the significant benefit of the DP-based Bi-LSTM model by comparing it to the baseline. Our model achieves comparable performance to two state-ofthe-art systems without using any explicit features (class, tense, polarity, etc.) or external resources, which indicates that our model can capture such information automatically.</p></div><figure xmlns="http://www.tei-c.org/ns/1.0" xml:id="fig_0"><head>Figure 1 :</head><label>1</label><figDesc>An example of the sentences with entity attributes annotated in TimeBank.</figDesc></figure>
<figure xmlns="http://www.tei-c.org/ns/1.0" xml:id="fig_1"><head>Figure 3 :</head><label>3</label><figDesc>The DP-based Bi-LSTM temporal relation classifier.</figDesc></figure>
<figure xmlns="http://www.tei-c.org/ns/1.0" type="table" xml:id="tab_2" validated="false"><head>Table 2 :</head><label>2</label><figDesc></figDesc><table>The detailed comparison of E-E and E-T 
against relation types to Mirza and Tonelli (2016) 
(Micro-average Overall F1-score) on test data. 

</table></figure>
<figure xmlns="http://www.tei-c.org/ns/1.0" type="table" xml:id="tab_4" validated="false"><head>Table 3 :</head><label>3</label><figDesc>The final comparison of E-E, E-T and E-D to the baseline and two state-of-the-art systems on test data. their work. Our system achieves higher performance on 'AFTER', 'VAGUE', while lower on 'BEFORE', 'INCLUDES' (5% of all data) and 'IS INCLUDED' (4% of all data). It is likely that their rich traditional features help the classifiers to capture more minority-class links. On the whole, our system reaches better 'Overall' on both E-E and E-D. As their E-T classifier does not include word embeddings, the E-T results are not listed.</figDesc><table></table></figure>
			<note xmlns="http://www.tei-c.org/ns/1.0" place="foot" n="3">https://www.usna.edu/Users/cs/nchamber/caevo</note>
		</body>
		<back>

			<div type="acknowledgement">
<div xmlns="http://www.tei-c.org/ns/1.0"><head n="6">Acknowledgments</head><p>We thank the anonymous reviewers for the insightful comments.</p></div>
			</div>

			<div type="references">

				<listBibl>

<biblStruct xml:id="b0">
	<analytic>
		<title level="a" type="main">A shortest path dependency kernel for relation extraction</title>
		<author>
			<persName xmlns="http://www.tei-c.org/ns/1.0"><forename type="first">Razvan</forename><surname>Bunescu</surname></persName>
		</author>
		<author>
			<persName xmlns="http://www.tei-c.org/ns/1.0"><forename type="first">Raymond</forename><surname>Mooney</surname></persName>
		</author>
		<ptr target="http://www.aclweb.org/anthology/H/H05/H05-1091" />
	</analytic>
	<monogr>
		<title level="m">Proceedings of Human Language Technology Conference and Conference on Empirical Methods in Natural Language Processing</title>
		<meeting>Human Language Technology Conference and Conference on Empirical Methods in Natural Language Processing<address><addrLine>British Columbia, Canada</addrLine></address></meeting>
		<imprint>
			<publisher>Vancouver</publisher>
			<date type="published" when="2005" />
			<biblScope unit="page" from="724" to="731" />
		</imprint>
	</monogr>
</biblStruct>

<biblStruct xml:id="b1">
	<analytic>
		<title level="a" type="main">An annotation framework for dense event ordering</title>
		<author>
			<persName xmlns="http://www.tei-c.org/ns/1.0"><forename type="first">Taylor</forename><surname>Cassidy</surname></persName>
		</author>
		<author>
			<persName xmlns="http://www.tei-c.org/ns/1.0"><forename type="first">Bill</forename><surname>Mcdowell</surname></persName>
		</author>
		<author>
			<persName xmlns="http://www.tei-c.org/ns/1.0"><forename type="first">Nathanael</forename><surname>Chambers</surname></persName>
		</author>
		<author>
			<persName xmlns="http://www.tei-c.org/ns/1.0"><forename type="first">Steven</forename><surname>Bethard</surname></persName>
		</author>
		<ptr target="http://www.aclweb.org/anthology/P14-2082" />
	</analytic>
	<monogr>
		<title level="m">Proceedings of the 52nd Annual Meeting of the Association for Computational Linguistics</title>
		<meeting>the 52nd Annual Meeting of the Association for Computational Linguistics<address><addrLine>Baltimore, Maryland</addrLine></address></meeting>
		<imprint>
			<publisher>Association for Computational Linguistics</publisher>
			<date type="published" when="2014" />
			<biblScope unit="volume">2</biblScope>
			<biblScope unit="page" from="501" to="506" />
		</imprint>
	</monogr>
	<note>Short Papers)</note>
</biblStruct>

<biblStruct xml:id="b2">
	<analytic>
		<title level="a" type="main">Dense event ordering with a multi-pass architecture</title>
		<author>
			<persName xmlns="http://www.tei-c.org/ns/1.0"><forename type="first">Nathanael</forename><surname>Chambers</surname></persName>
		</author>
		<author>
			<persName xmlns="http://www.tei-c.org/ns/1.0"><forename type="first">Taylor</forename><surname>Cassidy</surname></persName>
		</author>
		<author>
			<persName xmlns="http://www.tei-c.org/ns/1.0"><forename type="first">Bill</forename><surname>Mcdowell</surname></persName>
		</author>
		<author>
			<persName xmlns="http://www.tei-c.org/ns/1.0"><forename type="first">Steven</forename><surname>Bethard</surname></persName>
		</author>
		<ptr target="http://aclweb.org/anthology/Q/Q14/Q14-1022.pdf" />
	</analytic>
	<monogr>
		<title level="j">Transactions of the Association for Computational Linguistics</title>
		<imprint>
			<biblScope unit="volume">2</biblScope>
			<biblScope unit="page" from="273" to="284" />
			<date type="published" when="2014" />
		</imprint>
	</monogr>
</biblStruct>

<biblStruct xml:id="b3">
	<analytic>
		<title level="a" type="main">Verbocean: Mining the web for fine-grained semantic verb relations</title>
		<author>
			<persName xmlns="http://www.tei-c.org/ns/1.0"><forename type="first">Timothy</forename><surname>Chklovski</surname></persName>
		</author>
		<author>
			<persName xmlns="http://www.tei-c.org/ns/1.0"><forename type="first">Patrick</forename><surname>Pantel</surname></persName>
		</author>
		<ptr target="https://www.aclweb.org/anthology/W/W04/W04-3205.pdf" />
	</analytic>
	<monogr>
		<title level="m">Proceedings of EMNLP 2004. Association for Computational Linguistics</title>
		<editor>Dekang Lin and Dekai Wu</editor>
		<meeting>EMNLP 2004. Association for Computational Linguistics<address><addrLine>Barcelona, Spain</addrLine></address></meeting>
		<imprint>
			<date type="published" when="2004" />
			<biblScope unit="page" from="33" to="40" />
		</imprint>
	</monogr>
</biblStruct>

<biblStruct xml:id="b4">
	<analytic>
		<title level="a" type="main">Classifying temporal relations with rich linguistic knowledge</title>
		<author>
			<persName xmlns="http://www.tei-c.org/ns/1.0"><forename type="first">D&amp;apos;</forename><surname>Jennifer</surname></persName>
		</author>
		<author>
			<persName xmlns="http://www.tei-c.org/ns/1.0"><forename type="first">Vincent</forename><surname>Souza</surname></persName>
		</author>
		<author>
			<persName xmlns="http://www.tei-c.org/ns/1.0"><surname>Ng</surname></persName>
		</author>
		<ptr target="http://www.aclweb.org/anthology/N13-1112" />
	</analytic>
	<monogr>
		<title level="m">Proceedings of the 2013 Conference of the North American Chapter of the Association for Computational Linguistics: Human Language Technologies. Association for Computational Linguistics</title>
		<meeting>the 2013 Conference of the North American Chapter of the Association for Computational Linguistics: Human Language Technologies. Association for Computational Linguistics<address><addrLine>Atlanta, Georgia</addrLine></address></meeting>
		<imprint>
			<date type="published" when="2013" />
			<biblScope unit="page" from="918" to="927" />
		</imprint>
	</monogr>
</biblStruct>

<biblStruct xml:id="b5">
	<monogr>
		<title level="m" type="main">Framewise phoneme classification with bidirectional lstm and other neural network architectures</title>
		<author>
			<persName xmlns="http://www.tei-c.org/ns/1.0"><forename type="first">Alex</forename><surname>Graves</surname></persName>
		</author>
		<author>
			<persName xmlns="http://www.tei-c.org/ns/1.0"><forename type="first">Jürgen</forename><surname>Schmidhuber</surname></persName>
		</author>
		<imprint>
			<date type="published" when="2005" />
		</imprint>
	</monogr>
</biblStruct>

<biblStruct xml:id="b6">
	<analytic>
		<title/>
	</analytic>
	<monogr>
		<title level="j">Neural Networks</title>
		<imprint>
			<biblScope unit="volume">18</biblScope>
			<biblScope unit="issue">5</biblScope>
			<biblScope unit="page" from="602" to="610" />
		</imprint>
	</monogr>
</biblStruct>

<biblStruct xml:id="b7">
	<analytic>
		<title level="a" type="main">Long short-term memory</title>
		<idno type="DOI">10.1016/j.neunet.2005.06.042</idno>
		<ptr target="https://doi.org/10.1016/j.neunet.2005.06.042" />
	</analytic>
	<monogr>
		<title level="m">Sepp Hochreiter and Jürgen Schmidhuber</title>
		<imprint>
			<date type="published" when="1997" />
			<biblScope unit="volume">9</biblScope>
			<biblScope unit="page" from="1735" to="1780" />
		</imprint>
	</monogr>
</biblStruct>

<biblStruct xml:id="b8">
	<monogr>
		<title/>
		<idno type="DOI">10.1162/neco.1997.9.8.1735</idno>
		<ptr target="https://doi.org/10.1162/neco.1997.9.8.1735" />
		<imprint/>
	</monogr>
</biblStruct>

<biblStruct xml:id="b9">
	<analytic>
		<title level="a" type="main">Uttime: Temporal relation classification using deep syntactic features</title>
		<author>
			<persName xmlns="http://www.tei-c.org/ns/1.0"><forename type="first">Natsuda</forename><surname>Laokulrat</surname></persName>
		</author>
		<author>
			<persName xmlns="http://www.tei-c.org/ns/1.0"><forename type="first">Makoto</forename><surname>Miwa</surname></persName>
		</author>
		<author>
			<persName xmlns="http://www.tei-c.org/ns/1.0"><forename type="first">Yoshimasa</forename><surname>Tsuruoka</surname></persName>
		</author>
		<author>
			<persName xmlns="http://www.tei-c.org/ns/1.0"><forename type="first">Takashi</forename><surname>Chikayama</surname></persName>
		</author>
		<ptr target="http://aclweb.org/anthology/S/S13/S13-2015.pdf" />
	</analytic>
	<monogr>
		<title level="m">Second Joint Conference on Lexical and Computational Semantics (* SEM)</title>
		<imprint>
			<date type="published" when="2013" />
			<biblScope unit="volume">2</biblScope>
			<biblScope unit="page" from="88" to="92" />
		</imprint>
	</monogr>
</biblStruct>

<biblStruct xml:id="b10">
	<analytic>
		<title level="a" type="main">Machine learning of temporal relations</title>
		<author>
			<persName xmlns="http://www.tei-c.org/ns/1.0"><forename type="first">Inderjeet</forename><surname>Mani</surname></persName>
		</author>
		<author>
			<persName xmlns="http://www.tei-c.org/ns/1.0"><forename type="first">Marc</forename><surname>Verhagen</surname></persName>
		</author>
		<author>
			<persName xmlns="http://www.tei-c.org/ns/1.0"><forename type="first">Ben</forename><surname>Wellner</surname></persName>
		</author>
		<author>
			<persName xmlns="http://www.tei-c.org/ns/1.0"><forename type="first">Chong</forename><forename type="middle">Min</forename><surname>Lee</surname></persName>
		</author>
		<author>
			<persName xmlns="http://www.tei-c.org/ns/1.0"><forename type="first">James</forename><surname>Pustejovsky</surname></persName>
		</author>
		<idno type="DOI">10.3115/1220175.1220270</idno>
		<ptr target="https://doi.org/10.3115/1220175.1220270" />
	</analytic>
	<monogr>
		<title level="m">Proceedings of the 21st International Conference on Computational Linguistics and 44th Annual Meeting of the Association for Computational Linguistics. Association for Computational Linguistics</title>
		<meeting>the 21st International Conference on Computational Linguistics and 44th Annual Meeting of the Association for Computational Linguistics. Association for Computational Linguistics<address><addrLine>Sydney, Australia</addrLine></address></meeting>
		<imprint>
			<date type="published" when="2006" />
			<biblScope unit="page" from="753" to="760" />
		</imprint>
	</monogr>
</biblStruct>

<biblStruct xml:id="b11">
	<analytic>
		<title level="a" type="main">An unsupervised approach to recognizing discourse relations</title>
		<author>
			<persName xmlns="http://www.tei-c.org/ns/1.0"><forename type="first">Daniel</forename><surname>Marcu</surname></persName>
		</author>
		<author>
			<persName xmlns="http://www.tei-c.org/ns/1.0"><forename type="first">Abdessamad</forename><surname>Echihabi</surname></persName>
		</author>
		<idno type="DOI">10.3115/1073083.1073145</idno>
		<ptr target="https://doi.org/10.3115/1073083.1073145" />
	</analytic>
	<monogr>
		<title level="m">Proceedings of 40th Annual Meeting of the Association for Computational Linguistics</title>
		<meeting>40th Annual Meeting of the Association for Computational Linguistics<address><addrLine>Philadelphia, Pennsylvania, USA</addrLine></address></meeting>
		<imprint>
			<publisher>Association for Computational Linguistics</publisher>
			<date type="published" when="2002" />
			<biblScope unit="page" from="368" to="375" />
		</imprint>
	</monogr>
</biblStruct>

<biblStruct xml:id="b12">
	<monogr>
		<title level="m" type="main">Efficient estimation of word representations in vector space</title>
		<author>
			<persName xmlns="http://www.tei-c.org/ns/1.0"><forename type="first">Tomas</forename><surname>Mikolov</surname></persName>
		</author>
		<author>
			<persName xmlns="http://www.tei-c.org/ns/1.0"><forename type="first">Kai</forename><surname>Chen</surname></persName>
		</author>
		<author>
			<persName xmlns="http://www.tei-c.org/ns/1.0"><forename type="first">Greg</forename><surname>Corrado</surname></persName>
		</author>
		<author>
			<persName xmlns="http://www.tei-c.org/ns/1.0"><forename type="first">Jeffrey</forename><surname>Dean</surname></persName>
		</author>
		<idno type="arXiv">arXiv:1301.3781</idno>
		<imprint>
			<date type="published" when="2013" />
		</imprint>
	</monogr>
	<note type="report_type">arXiv preprint</note>
</biblStruct>

<biblStruct xml:id="b13">
	<analytic>
		<title level="a" type="main">Distributed representations of words and phrases and their compositionality</title>
		<author>
			<persName xmlns="http://www.tei-c.org/ns/1.0"><forename type="first">Tomas</forename><surname>Mikolov</surname></persName>
		</author>
		<author>
			<persName xmlns="http://www.tei-c.org/ns/1.0"><forename type="first">Ilya</forename><surname>Sutskever</surname></persName>
		</author>
		<author>
			<persName xmlns="http://www.tei-c.org/ns/1.0"><forename type="first">Kai</forename><surname>Chen</surname></persName>
		</author>
		<author>
			<persName xmlns="http://www.tei-c.org/ns/1.0"><forename type="first">Greg</forename><forename type="middle">S</forename><surname>Corrado</surname></persName>
		</author>
		<author>
			<persName xmlns="http://www.tei-c.org/ns/1.0"><forename type="first">Jeff</forename><surname>Dean</surname></persName>
		</author>
		<ptr target="https://arxiv.org/pdf/1310.4546.pdf" />
	</analytic>
	<monogr>
		<title level="m">Advances in neural information processing systems</title>
		<imprint>
			<date type="published" when="2013" />
			<biblScope unit="page" from="3111" to="3119" />
		</imprint>
	</monogr>
</biblStruct>

<biblStruct xml:id="b14">
	<analytic>
		<title level="a" type="main">Wordnet: a lexical database for english</title>
		<author>
			<persName xmlns="http://www.tei-c.org/ns/1.0"><forename type="first">A</forename><surname>George</surname></persName>
		</author>
		<author>
			<persName xmlns="http://www.tei-c.org/ns/1.0"><surname>Miller</surname></persName>
		</author>
		<idno type="DOI">10.1145/219717.219748</idno>
		<ptr target="https://doi.org/10.1145/219717.219748" />
	</analytic>
	<monogr>
		<title level="j">Communications of the ACM</title>
		<imprint>
			<biblScope unit="volume">38</biblScope>
			<biblScope unit="issue">11</biblScope>
			<biblScope unit="page" from="39" to="41" />
			<date type="published" when="1995" />
		</imprint>
	</monogr>
</biblStruct>

<biblStruct xml:id="b15">
	<analytic>
		<title level="a" type="main">On the contribution of word embeddings to temporal relation classification</title>
		<author>
			<persName xmlns="http://www.tei-c.org/ns/1.0"><forename type="first">Paramita</forename><surname>Mirza</surname></persName>
		</author>
		<author>
			<persName xmlns="http://www.tei-c.org/ns/1.0"><forename type="first">Sara</forename><surname>Tonelli</surname></persName>
		</author>
		<ptr target="http://aclweb.org/anthology/C16-1265" />
	</analytic>
	<monogr>
		<title level="m">Proceedings of COLING 2016, the 26th International Conference on Computational Linguistics: Technical Papers. The COLING 2016 Organizing Committee</title>
		<meeting>COLING 2016, the 26th International Conference on Computational Linguistics: Technical Papers. The COLING 2016 Organizing Committee<address><addrLine>Osaka, Japan</addrLine></address></meeting>
		<imprint>
			<date type="published" when="2016" />
			<biblScope unit="page" from="2818" to="2828" />
		</imprint>
	</monogr>
</biblStruct>

<biblStruct xml:id="b16">
	<analytic>
		<title level="a" type="main">Embedding semantic similarity in tree kernels for domain adaptation of relation extraction</title>
		<author>
			<persName xmlns="http://www.tei-c.org/ns/1.0"><forename type="first">Barbara</forename><surname>Plank</surname></persName>
		</author>
		<author>
			<persName xmlns="http://www.tei-c.org/ns/1.0"><forename type="first">Alessandro</forename><surname>Moschitti</surname></persName>
		</author>
		<ptr target="http://www.aclweb.org/anthology/P13-1147" />
	</analytic>
	<monogr>
		<title level="m">Proceedings of the 51st Annual Meeting of the Association for Computational Linguistics</title>
		<meeting>the 51st Annual Meeting of the Association for Computational Linguistics<address><addrLine>Sofia, Bulgaria</addrLine></address></meeting>
		<imprint>
			<publisher>Association for Computational Linguistics</publisher>
			<date type="published" when="2013" />
			<biblScope unit="volume">1</biblScope>
			<biblScope unit="page" from="1498" to="1507" />
		</imprint>
	</monogr>
	<note>Long Papers)</note>
</biblStruct>

<biblStruct xml:id="b17">
	<analytic>
		<title level="a" type="main">The timebank corpus</title>
		<author>
			<persName xmlns="http://www.tei-c.org/ns/1.0"><forename type="first">James</forename><surname>Pustejovsky</surname></persName>
		</author>
		<author>
			<persName xmlns="http://www.tei-c.org/ns/1.0"><forename type="first">Patrick</forename><surname>Hanks</surname></persName>
		</author>
		<author>
			<persName xmlns="http://www.tei-c.org/ns/1.0"><forename type="first">Roser</forename><surname>Sauri</surname></persName>
		</author>
		<author>
			<persName xmlns="http://www.tei-c.org/ns/1.0"><forename type="first">Andrew</forename><surname>See</surname></persName>
		</author>
		<author>
			<persName xmlns="http://www.tei-c.org/ns/1.0"><forename type="first">Robert</forename><surname>Gaizauskas</surname></persName>
		</author>
		<author>
			<persName xmlns="http://www.tei-c.org/ns/1.0"><forename type="first">Andrea</forename><surname>Setzer</surname></persName>
		</author>
		<author>
			<persName xmlns="http://www.tei-c.org/ns/1.0"><forename type="first">Dragomir</forename><surname>Radev</surname></persName>
		</author>
		<author>
			<persName xmlns="http://www.tei-c.org/ns/1.0"><forename type="first">Beth</forename><surname>Sundheim</surname></persName>
		</author>
		<author>
			<persName xmlns="http://www.tei-c.org/ns/1.0"><forename type="first">David</forename><surname>Day</surname></persName>
		</author>
		<author>
			<persName xmlns="http://www.tei-c.org/ns/1.0"><forename type="first">Lisa</forename><surname>Ferro</surname></persName>
		</author>
		<ptr target="https://catalog.ldc.upenn.edu/LDC2006T08" />
	</analytic>
	<monogr>
		<title level="m">Corpus linguistics</title>
		<imprint>
			<date type="published" when="2003" />
			<biblScope unit="page">40</biblScope>
		</imprint>
	</monogr>
</biblStruct>

<biblStruct xml:id="b18">
	<analytic>
		<title level="a" type="main">Semi-supervised recursive autoencoders for predicting sentiment distributions</title>
		<author>
			<persName xmlns="http://www.tei-c.org/ns/1.0"><forename type="first">Richard</forename><surname>Socher</surname></persName>
		</author>
		<author>
			<persName xmlns="http://www.tei-c.org/ns/1.0"><forename type="first">Jeffrey</forename><surname>Pennington</surname></persName>
		</author>
		<author>
			<persName xmlns="http://www.tei-c.org/ns/1.0"><forename type="first">Eric</forename><forename type="middle">H</forename><surname>Huang</surname></persName>
		</author>
		<author>
			<persName xmlns="http://www.tei-c.org/ns/1.0"><forename type="first">Andrew</forename><forename type="middle">Y</forename><surname>Ng</surname></persName>
		</author>
		<author>
			<persName xmlns="http://www.tei-c.org/ns/1.0"><forename type="first">Christopher</forename><forename type="middle">D</forename><surname>Manning</surname></persName>
		</author>
		<ptr target="http://www.aclweb.org/anthology/D11-1014" />
	</analytic>
	<monogr>
		<title level="m">Proceedings of the 2011 Conference on Empirical Methods in Natural Language Processing. Association for Computational Linguistics</title>
		<meeting>the 2011 Conference on Empirical Methods in Natural Language Processing. Association for Computational Linguistics<address><addrLine>Edinburgh, Scotland, UK.</addrLine></address></meeting>
		<imprint>
			<date type="published" when="2011" />
			<biblScope unit="page" from="151" to="161" />
		</imprint>
	</monogr>
</biblStruct>

<biblStruct xml:id="b19">
	<analytic>
		<title level="a" type="main">Dropout: a simple way to prevent neural networks from overfitting</title>
		<author>
			<persName xmlns="http://www.tei-c.org/ns/1.0"><forename type="first">Nitish</forename><surname>Srivastava</surname></persName>
		</author>
		<author>
			<persName xmlns="http://www.tei-c.org/ns/1.0"><forename type="first">Geoffrey</forename><forename type="middle">E</forename><surname>Hinton</surname></persName>
		</author>
		<author>
			<persName xmlns="http://www.tei-c.org/ns/1.0"><forename type="first">Alex</forename><surname>Krizhevsky</surname></persName>
		</author>
		<author>
			<persName xmlns="http://www.tei-c.org/ns/1.0"><forename type="first">Ilya</forename><surname>Sutskever</surname></persName>
		</author>
		<author>
			<persName xmlns="http://www.tei-c.org/ns/1.0"><forename type="first">Ruslan</forename><surname>Salakhutdinov</surname></persName>
		</author>
	</analytic>
	<monogr>
		<title level="j">Journal of Machine Learning Research</title>
		<imprint>
			<biblScope unit="volume">15</biblScope>
			<biblScope unit="issue">1</biblScope>
			<biblScope unit="page" from="1929" to="1958" />
			<date type="published" when="2014" />
		</imprint>
	</monogr>
</biblStruct>

<biblStruct xml:id="b20">
	<monogr>
				<author>
			<persName xmlns="http://www.tei-c.org/ns/1.0"><forename type="first">Naushad</forename><surname>Uzzaman</surname></persName>
		</author>
		<author>
			<persName xmlns="http://www.tei-c.org/ns/1.0"><forename type="first">Hector</forename><surname>Llorens</surname></persName>
		</author>
		<author>
			<persName xmlns="http://www.tei-c.org/ns/1.0"><forename type="first">James</forename><surname>Allen</surname></persName>
		</author>
		<author>
			<persName xmlns="http://www.tei-c.org/ns/1.0"><forename type="first">Leon</forename><surname>Derczynski</surname></persName>
		</author>
		<author>
			<persName xmlns="http://www.tei-c.org/ns/1.0"><forename type="first">Marc</forename><surname>Verhagen</surname></persName>
		</author>
		<author>
			<persName xmlns="http://www.tei-c.org/ns/1.0"><forename type="first">James</forename><surname>Pustejovsky</surname></persName>
		</author>
		<idno type="arXiv">arXiv:1206.5333</idno>
		<title level="m">Tempeval-3: Evaluating events, time expressions, and temporal relations</title>
		<imprint>
			<date type="published" when="2012" />
		</imprint>
	</monogr>
	<note type="report_type">arXiv preprint</note>
</biblStruct>

<biblStruct xml:id="b21">
	<monogr>
		<title level="m" type="main">The tempeval challenge: identifying temporal relations in text. Language Resources and Evaluation</title>
		<author>
			<persName xmlns="http://www.tei-c.org/ns/1.0"><forename type="first">Marc</forename><surname>Verhagen</surname></persName>
		</author>
		<author>
			<persName xmlns="http://www.tei-c.org/ns/1.0"><forename type="first">Robert</forename><surname>Gaizauskas</surname></persName>
		</author>
		<author>
			<persName xmlns="http://www.tei-c.org/ns/1.0"><forename type="first">Frank</forename><surname>Schilder</surname></persName>
		</author>
		<author>
			<persName xmlns="http://www.tei-c.org/ns/1.0"><forename type="first">Mark</forename><surname>Hepple</surname></persName>
		</author>
		<author>
			<persName xmlns="http://www.tei-c.org/ns/1.0"><forename type="first">Jessica</forename><surname>Moszkowicz</surname></persName>
		</author>
		<author>
			<persName xmlns="http://www.tei-c.org/ns/1.0"><forename type="first">James</forename><surname>Pustejovsky</surname></persName>
		</author>
		<idno type="DOI">10.1007/s10579-009-9086-z</idno>
		<ptr target="https://doi.org/10.1007/s10579-009-9086-z" />
		<imprint>
			<date type="published" when="2009" />
			<biblScope unit="volume">43</biblScope>
			<biblScope unit="page" from="161" to="179" />
		</imprint>
	</monogr>
</biblStruct>

<biblStruct xml:id="b22">
	<analytic>
		<title level="a" type="main">Semeval-2010 task 13: Tempeval-2</title>
		<author>
			<persName xmlns="http://www.tei-c.org/ns/1.0"><forename type="first">Marc</forename><surname>Verhagen</surname></persName>
		</author>
		<author>
			<persName xmlns="http://www.tei-c.org/ns/1.0"><forename type="first">Roser</forename><surname>Sauri</surname></persName>
		</author>
		<author>
			<persName xmlns="http://www.tei-c.org/ns/1.0"><forename type="first">Tommaso</forename><surname>Caselli</surname></persName>
		</author>
		<author>
			<persName xmlns="http://www.tei-c.org/ns/1.0"><forename type="first">James</forename><surname>Pustejovsky</surname></persName>
		</author>
		<ptr target="http://www.aclweb.org/anthology/S10-1010" />
	</analytic>
	<monogr>
		<title level="m">Proceedings of the 5th international workshop on semantic evaluation. Association for Computational Linguistics</title>
		<meeting>the 5th international workshop on semantic evaluation. Association for Computational Linguistics</meeting>
		<imprint>
			<date type="published" when="2010" />
			<biblScope unit="page" from="57" to="62" />
		</imprint>
	</monogr>
</biblStruct>

<biblStruct xml:id="b23">
	<analytic>
		<title level="a" type="main">Semantic relation classification via convolutional neural networks with simple negative sampling</title>
		<author>
			<persName xmlns="http://www.tei-c.org/ns/1.0"><forename type="first">Kun</forename><surname>Xu</surname></persName>
		</author>
		<author>
			<persName xmlns="http://www.tei-c.org/ns/1.0"><forename type="first">Yansong</forename><surname>Feng</surname></persName>
		</author>
		<author>
			<persName xmlns="http://www.tei-c.org/ns/1.0"><forename type="first">Songfang</forename><surname>Huang</surname></persName>
		</author>
		<author>
			<persName xmlns="http://www.tei-c.org/ns/1.0"><forename type="first">Dongyan</forename><surname>Zhao</surname></persName>
		</author>
		<ptr target="http://aclweb.org/anthology/D15-1062" />
	</analytic>
	<monogr>
		<title level="m">Proceedings of the 2015 Conference on Empirical Methods in Natural Language Processing. Association for Computational Linguistics</title>
		<meeting>the 2015 Conference on Empirical Methods in Natural Language Processing. Association for Computational Linguistics<address><addrLine>Lisbon, Portugal</addrLine></address></meeting>
		<imprint>
			<date type="published" when="2015" />
			<biblScope unit="page" from="536" to="540" />
		</imprint>
	</monogr>
</biblStruct>

<biblStruct xml:id="b24">
	<analytic>
		<title level="a" type="main">Classifying relations via long short term memory networks along shortest dependency paths</title>
		<author>
			<persName xmlns="http://www.tei-c.org/ns/1.0"><forename type="first">Yan</forename><surname>Xu</surname></persName>
		</author>
		<author>
			<persName xmlns="http://www.tei-c.org/ns/1.0"><forename type="first">Lili</forename><surname>Mou</surname></persName>
		</author>
		<author>
			<persName xmlns="http://www.tei-c.org/ns/1.0"><forename type="first">Ge</forename><surname>Li</surname></persName>
		</author>
		<author>
			<persName xmlns="http://www.tei-c.org/ns/1.0"><forename type="first">Yunchuan</forename><surname>Chen</surname></persName>
		</author>
		<author>
			<persName xmlns="http://www.tei-c.org/ns/1.0"><forename type="first">Hao</forename><surname>Peng</surname></persName>
		</author>
		<author>
			<persName xmlns="http://www.tei-c.org/ns/1.0"><forename type="first">Zhi</forename><surname>Jin</surname></persName>
		</author>
		<ptr target="http://aclweb.org/anthology/D15-1206" />
	</analytic>
	<monogr>
		<title level="m">Proceedings of the 2015 Conference on Empirical Methods in Natural Language Processing</title>
		<meeting>the 2015 Conference on Empirical Methods in Natural Language Processing<address><addrLine>Lisbon, Portugal</addrLine></address></meeting>
		<imprint>
			<publisher>Association for Computational Linguistics</publisher>
			<date type="published" when="2015" />
			<biblScope unit="page" from="1785" to="1794" />
		</imprint>
	</monogr>
</biblStruct>

				</listBibl>
			</div>
		</back>
	</text>
</TEI>
