<?xml version="1.0" encoding="UTF-8"?>
<TEI xml:space="preserve" xmlns="http://www.tei-c.org/ns/1.0" 
xmlns:xsi="http://www.w3.org/2001/XMLSchema-instance" 
xsi:schemaLocation="http://www.tei-c.org/ns/1.0 /home/varun/Desktop/NLP/Projects/grobid-0.5.6/grobid-home/schemas/xsd/Grobid.xsd"
 xmlns:xlink="http://www.w3.org/1999/xlink">
	<teiHeader xml:lang="en">
		<fileDesc>
			<titleStmt>
				<title level="a" type="main">Learning Overlapping Representations for the Estimation of Individualized Treatment Effects</title>
			</titleStmt>
			<publicationStmt>
				<publisher/>
				<availability status="unknown"><licence/></availability>
			</publicationStmt>
			<sourceDesc>
				<biblStruct>
					<analytic>
						<author>
							<persName xmlns="http://www.tei-c.org/ns/1.0"><forename type="first">Yao</forename><surname>Zhang</surname></persName>
							<affiliation key="aff0">
								<orgName type="institution" key="instit1">University of Cambridge University of Cambridge</orgName>
								<orgName type="institution" key="instit2">The Alan Turing Institute University of Cambridge</orgName>
								<orgName type="institution" key="instit3">UCLA The Alan Turing Institute</orgName>
							</affiliation>
						</author>
						<author>
							<persName xmlns="http://www.tei-c.org/ns/1.0"><forename type="first">Alexis</forename><surname>Bellot</surname></persName>
							<affiliation key="aff0">
								<orgName type="institution" key="instit1">University of Cambridge University of Cambridge</orgName>
								<orgName type="institution" key="instit2">The Alan Turing Institute University of Cambridge</orgName>
								<orgName type="institution" key="instit3">UCLA The Alan Turing Institute</orgName>
							</affiliation>
						</author>
						<author>
							<persName xmlns="http://www.tei-c.org/ns/1.0"><forename type="first">Mihaela</forename><surname>Van Der Schaar</surname></persName>
							<affiliation key="aff0">
								<orgName type="institution" key="instit1">University of Cambridge University of Cambridge</orgName>
								<orgName type="institution" key="instit2">The Alan Turing Institute University of Cambridge</orgName>
								<orgName type="institution" key="instit3">UCLA The Alan Turing Institute</orgName>
							</affiliation>
						</author>
						<title level="a" type="main">Learning Overlapping Representations for the Estimation of Individualized Treatment Effects</title>
					</analytic>
					<monogr>
						<imprint>
							<date/>
						</imprint>
					</monogr>
				</biblStruct>
			</sourceDesc>
		</fileDesc>

		<encodingDesc>
			<appInfo>
				<application version="0.5.6" ident="GROBID" when="2020-04-20T13:49+0000">
					<ref target="https://github.com/kermitt2/grobid">GROBID - A machine learning software for extracting information from scholarly documents</ref>
				</application>
			</appInfo>
		</encodingDesc>		<profileDesc>
			<abstract>
<div xmlns="http://www.tei-c.org/ns/1.0"><p>The choice of making an intervention depends on its potential benefit or harm in comparison to alternatives. Estimating the likely outcome of alternatives from observational data is a challenging problem as all outcomes are never observed, and selection bias precludes the direct comparison of differently intervened groups. Despite their empirical success, we show that algorithms that learn domain-invariant representations of inputs (on which to make predictions) are often inappropriate, and develop generalization bounds that demonstrate the dependence on domain overlap and highlight the need for invertible latent maps. Based on these results, we develop a deep kernel regression algorithm and posterior regularization framework that substantially outperforms the state-of-the-art on a variety of benchmarks data sets.</p></div>
			</abstract>
		</profileDesc>
	</teiHeader>
	<text xml:lang="en">
		<body>
<div xmlns="http://www.tei-c.org/ns/1.0"><head n="1">Introduction</head><p>Counterfactual estimation poses the question of what would have been the outcome, if a different intervention had been applied. In order to make decisions in complex domains, making predictions on the causal effects of different actions and how these may vary across individuals is critical. In this paper we focus on the problem of making these predictions based on observational data, which is increasingly available in many domains such as medicine, public policy and advertising. In this setting, past actions, outcomes and context are available, but not knowledge of the treatment assignment policy -we do not know why a given individual was intervened Proceedings of the 23 rd International Conference on Artificial Intelligence and Statistics (AISTATS) 2020, Palermo, Italy. PMLR: Volume 108. Copyright 2020 by the author(s). on or not. The treatment assignment mechanism will often be causally affected by context variables that also causally influence the outcome. As an example, motivated unemployed individuals are more likely to both take advantage of government training programs and find a new job soon.</p><p>Learning from observational data requires adjusting for the covariate shift that exists between groups of individuals that are observed to have received different interventions. The challenge is how to untangle confounding factors and make valid counterfactual predictions -the response if a different treatment had been applied. Recent methods have predominantly focused on learning representations regularized to balance these confounding factors by enforcing domain invariance with distributional distances <ref type="bibr" target="#b10">[11,</ref><ref type="bibr" target="#b11">12,</ref><ref type="bibr" target="#b19">20]</ref>. In this paper we argue that domain invariance is often too strict a requirement; overlapping support is sufficient for identifiability of the causal effect and equality in densities is not necessary. We interpret the loss in predictive power of domain-invariant representations as loss of information in the input variables that causally influence the treatment assignment, which is also often highly predictive of the treatment effect. Consider the example above for illustration: it is precisely because motivation is predictive of job outcomes that it confounds the treatment effect.</p><p>We introduce an optimization framework based on regularizing posterior distributions of the treatment effect that includes existing representation learning algorithms for different choices of regularization terms. We take advantage of this framework to introduce a novel type of regularization criteria for the problem of treatment effect estimation: the posterior counterfactual variance for enforcing domain overlap, and invertible representations to preserve the information content of the underlying context. Such an objective enjoys much better generalization in small sample regimes, smoother representation surfaces with respect to the outcomes, as can be seen in <ref type="figure">Figure 1</ref>, and a Bayesian treatment of paramaters which allows consistent uncer- <ref type="figure">Figure 1</ref>: T-SNE visualizations of the learned embeddings for the control potential outcomes Y (0) of the IHDP dataset. Each panel shows representations regularized by different criteria and the colored heatmap represents different outcome magnitudes with different colors. The left panel shows representations regularized by the Wasserstein distributional distance and results in poor discrimination. The middle panel shows representations optimized only for the factual data with the Gaussian likelihood. The right panel shows representations regularized by the counterfactual variance, our proposed criteria. Much better separation in outcomes is obtained by regularizing for the predictive variance, in contrast to using integral probability metrics such as the Wasserstein distance. Similar plots for a comparison between the control and treated group, and the treated potential outcome Y (1) can be found in Appendix 5.3. tainty estimation in predictions.</p><p>We summarize our contributions as follows:</p><p>1. We develop a theory that justifies regularizing for the posterior variance to improve generalization error and establish the limitations of distributional distances.</p><p>2. We propose to use deep kernels and posterior regularization as a general framework to learn individualized treatment effects for arbitrary regularization terms.</p><p>3. We provide an instantiation of this algorithm informed by novel generalization bounds that substantially improves upon the performance of stateof-the-art prediction algorithms.</p></div>
<div xmlns="http://www.tei-c.org/ns/1.0"><head n="1.1">Related work</head><p>Due to the ability of deep neural nets to learn rich representations, recent advances in predicting individualized treatment effects have focused on learning representations invariant to the treatment assignment policy that achieve a small error on the factual data. The hope is that the learnt representation and prediction function can generalize to prediction of counterfactual outcomes. Several methods follow this approach. <ref type="bibr" target="#b10">[11]</ref> proposed learning a representation of the data that makes the treated and control distributions more similar, fitting a linear ridge-regression model on top of it. <ref type="bibr" target="#b16">[17]</ref> built on their approach to derive a more flexible family of algorithms including non-linear hypotheses. However, both algorithms insist on quantifying divergence between treated and control groups with integral probability metrics.</p><p>In this work, we share the need for good representations but argue for enforcing support overlap rather than equality in densities. <ref type="bibr" target="#b19">[20]</ref>, inspired by nearestneighbour methods, learn representation that preserve local similarity information in feature space and were able to show a decrease in the generalization error in counterfactual estimation.</p><p>Adapting Bayesian algorithms for the problem of individualized treatment effects has attracted a lot of interest, in particular in the field of medicine where quantifying uncertainty is important. <ref type="bibr" target="#b0">[1]</ref> regularize counterfactual predictions through their posterior variance and similarly stress the importance to provide confidence in their estimates using credible intervals, but did not investigate the generalization properties of their algorithm and only allowed for limited expressiveness in their algorithm. Similarly, <ref type="bibr" target="#b9">[10]</ref> used posterior variance regularization to learn from unlabeled data in situations where labeled data is scarce for improved performance.</p><p>Our work has also strong connections with work on domain adaptation. In particular, estimating ITE requires predictions of outcomes over a different distribution from the observed one. Our ITE error upper bound has similarities with generalization bounds in domain adaptation given by <ref type="bibr" target="#b10">[11,</ref><ref type="bibr" target="#b11">12]</ref>. <ref type="bibr" target="#b11">[12]</ref> and <ref type="bibr" target="#b20">[21]</ref> have similarly argued against enforcing domain-invariance, and related the loss of predictive power of those representations to the loss of information due to the non-invertibility of learned representations.</p></div>
<div xmlns="http://www.tei-c.org/ns/1.0"><head n="2">ITE Problem formulation</head><p>To estimate what would happen under different interventions, we first frame the causal problem as a statistical one. We build upon the potential outcomes framework <ref type="bibr" target="#b15">[16]</ref>, this gives us a formal mathematical representation of the potential outcome using the notation Y (a), which reads as observing Y if we do a.</p><p>Set up. Consider a population of individuals with each individual i described by a context X i ∈ X (typically R d ). An intervention T is applied to subjects in the population. An important special case is when interventions are binary, T ∈ {0, 1}: individual i's response to the intervention is a random variable denoted by Y i (1), whereas i's natural response when no intervention is applied is denoted by Y i (0). The two random variables, Y i (1), Y i (0) ∈ R, are known as the potential outcomes. As discussed, in observational data intervention assignments generally depend on the subjects' features, i.e. T i ⊥ ⊥ X i . This dependence is quantified via the conditional distribution p(T i |X i ), also known as the propensity score of subject i.</p></div>
<div xmlns="http://www.tei-c.org/ns/1.0"><head>Assumption 1 (Consistency, ignorability and overlap).</head><p>For any individual i, assigned to intervention t i , we observe Y i = Y (t i ). Further, {Y (t)} t∈T and the datagenerating process p(X, T, Y ) satisfy strong ignorability: Y (0), Y (1) |= T |X and overlap: ∀x, 0 &lt; p(T |X) &lt; 1.</p><p>Assumption 1 is a sufficient condition for causal identifiability <ref type="bibr" target="#b15">[16]</ref>. Ignorability is also known as the no hidden confounders assumption, indicating that all variables that cause both T and Y are assumed to be measured. Under ignorability therefore, any domain shift in p(X) cannot be due to variables that causally influence T and Y , other than through X. Under Assumption 1, potential outcomes equal conditional expectations:</p><formula xml:id="formula_0">E[Y (t)|X = x] = E[Y |X = x, T = t]</formula><p>, and we may predict Y (t) by regression.</p><p>Objective. We attempt to learn predictors f t :</p><formula xml:id="formula_1">X → Y such that f t (x) approximates E[Y |X = x, T = t].</formula><p>Predictors f t = w t • φ are formed by composing a function w t : Z → Y that operates in a feature space Z defined by a representation φ : X → Z.</p><p>The individual effect of an intervention T = 1 in context X is measured by the conditional average treatment</p><formula xml:id="formula_2">effect (CATE), τ (x) = E[Y (1) − Y (0)|X = x]</formula><p>, and the error in estimation is given by the empirical precision in estimating heterogeneous effects PEHE , defined as the mean squared error in the estimation of the treatment effect τ (x),</p><formula xml:id="formula_3">PEHE = (τ (x) − τ (x)) 2 p(x)dx<label>(1)</label></formula><p>Predicting τ for unobserved units involves prediction of both potential outcomes, but since we only observe the "factual" outcome for a specific treatment assignment, and never observe the corresponding "counterfactual" outcome, we never observe any samples of the true treatment effect in an observational dataset. This makes the problem of causal inference fundamentally different from standard supervised learning.</p><p>Notation. We analyse the generalization properties of predictors f t and underlying representations φ with respect to PEHE in the next section. To do so we will make use of the following notation.</p><p>Let P x,t denote the input data distribution p(x, t),</p><formula xml:id="formula_4">P t = p(y t |x)p(x, t) the joint factual distribution of x and y t , P 1−t = p(y t |x)p(x, 1 − t) the joint counterfac- tual distribution of x and y t . Each instance in the observed (factual) dataset D t = {(x i,t , y i,t )} Nt i=1</formula><p>, is assumed to be sampled i.i.d from P t . D t−1 will be used to denote the unobserved (counterfactual) data set that results from flipping the treatment assignment for each instance. While we assume φ to be deterministic, in the following section we let w t be a vector of weights with prior distribution π t = N (0, λ −1 t I), λ t &gt; 0. In this sense, π t defines the hypothesis space F of f t and we writeρ t for the posterior distribution of f t , itself a random variable. We write µ(x i |D t , Θ t ) and σ 2 (x i |D t , Θ t ) for its posterior mean and variance given context x i . Θ t includes all hyperparameters (both shared parameters (in φ) and specific parameters to each treatment group).</p></div>
<div xmlns="http://www.tei-c.org/ns/1.0"><head n="3">Intuition and theoretical results</head><p>Inherent to the approach of learning representations for counterfactual inference is that the representation must trade-off between containing predictive information about factual outcomes while mitigating the information content that drives the treatment selection policy to ensure good generalization on counterfactuals. In this section, we make several observations about the deficiencies of enforcing domain invariance for this purpose and propose alternatives based on the posterior counterfactual variance. We start with a simple example that illustrates the inadequacy of distributional distances and the benefits of counterfactual variance minimization.</p><p>Toy example -Counterfactual variance vs. distributional distances. In the middle panels of <ref type="figure">Figure 2</ref> we show two simulated datasets. The left-hand/red dataset arises from truncated normal distributions with <ref type="figure">Figure 2</ref>: Toy example illustrating the shortcomings of distributional distances, like IPMs, for regularizing representations in causal inference. Despite the fact that sufficient support is satisfied in the red population and not in the green population, IPMs (bottom) give the opposite result, with larger discrepancy between groups in the red population than in the green population. In contrast, the counterfactual variance (top) accurately describes the lack of support of the green population.</p><p>large overlap in the tails; the right-hand/green dataset arises from ordinary normal distributions with small overlap in the tails. In both cases, we show treated and control outcomes in different shades. In both cases, the outcome is y = sinc(4x). The red population satisfies sufficient assumptions for identifiability of causal effects; the green population does not. However, as shown in the bottom panels, both the MMD and Wasserstein distances are smaller in the green population than in the red population. In contrast, the top panel shows that the predictive variance of the counterfactual outcomes much better describes this lack of overlap. Counterfactual variance is adaptive to the prediction problem of interest (given that it is obtained from a fitted model), providing a data-dependent measure to quantify distances in the underlying function class, perhaps more precise when the underlying function to be estimated are unknown. IPMs are defined as worst-case distances dependent on a function class to be specified a priori. We make the observation also that IPMs need to be approximated in practice which may be inaccurate for high-dimensional representations and small training data samples <ref type="bibr" target="#b1">[2]</ref>.</p></div>
<div xmlns="http://www.tei-c.org/ns/1.0"><head n="3.1">Generalization bounds</head><p>In this subsection, we develop a PAC-Bayes generalization bound <ref type="bibr" target="#b13">[14]</ref> for the empirical precision in estimating heterogeneous effects PEHE , that shows specifically why minimizing counterfactual variance can improve generalization performance. Theorem 1. With the assumption that the squared loss function L : F × X × Y → R is sub-gaussian under π t and P t , and using the notation introduced above, the following holds. With probability at least 1 − δ and for any posterior distributionρ t on F, PEHE is upper-bounded by</p><formula xml:id="formula_5">1 t=0 2D ∞ Lρ t (X t , Y t ) + (D ∞ + 1)Varρ t (X t ) + Varρ t (X 1−t ) + C t,1 (N t , N 1−t ) N t N 1−t KL(ρ t π t ) + C t,2 (N t , N 1−t ) N t N 1−t 1 δ + C t,3 (2) C t,1 (N t , N 1−t ), C t,2 (N t , N 1−t ) are linear function in their arguments, C t,3 is constant, D ∞ (P x,1−t P x,t ) = sup x p(x,1−t) p(x,t) , Lρ t (X, Y) = 1 N N i=1 µ(x i |D t , Θ t ) − y i 2 is the posterior prediction loss, Varρ t (X)</formula><p>is the posterior variance on X, Varρ t (X) = 1 N N i=1 σ 2 (x i |D t , Θ t ),D ∞ = D ∞ (P x,1−t P x,t ) + 1, and finally KL(· ·) is the Kullback-Leibler divergence.</p><p>Observe the dependence on the variance with respect to the distribution of the observed data of the counterfactual outcomes Varρ t (X 1−t ). By minimizing the counterfactual variance we can expect the representations φ of counterfactual data to encode a relatively smoother prediction function w • φ(x), as can be seen in <ref type="figure">Figure 1</ref>. The estimation of treatment effects is inherently a label-scarce problem as counterfactual data is not observed, representations resulting in smooth prediction curves are especially important to generalize beyond the factual data. This view of the problem of estimating treatment effects emphasizes the need of regularization for good generalization. We note that the sub-gaussian assumption on the loss function may not hold in some cases e.g. large noise. In this case, we may relax this assumption to sub-exponential with all results and proofs otherwise unchanged <ref type="bibr" target="#b7">[8]</ref>.</p></div>
<div xmlns="http://www.tei-c.org/ns/1.0"><head n="3.1.1">Why distributional distances may be inadequate?</head><p>While the toy example clearly illustrates the inability of distributional distances to capture domain overlap, we argue that by enforcing equality in full marginals, optimizing for distributional distances may also overly penalize the model's ability to predict factual observations when sufficient data is available, that is, when domain overlap is satisfied.</p><p>In the following Theorem, we provide a bound on the generalization error on counterfactual data that illustrates the interplay between distribution mismatch and prediction loss on factual data. We show that distribution mismatch becomes decreasingly relevant with increasing data set size.</p><p>Theorem 2. Assume the notation introduced above, for any posterior distributionρ t on F, the expected counterfactual Gibbs risk 1 R P1−t (Gρ t ) is bounded above by,</p><formula xml:id="formula_6">1 2 D Px,1−t (Gρ t ) + D ∞ (P x,1−t P x,t )L Pt (Gρ t ). (3) where D Px,1−t (ρ t ) = E x∼Px,1−t σ 2 (x|D t , Θ t ) is the expected counterfactual variance, L Pt (ρ t ) = E (x,y)∼Pt µ(x|D t , Θ t ) − y 2 + 1 2 σ 2 (x|D t , Θ t ) is the expected factual loss, and finally D ∞ (P x,1−t P x,t ) = sup x p(x,1−t) p(x,t) .</formula><p>The bound in Equation <ref type="formula">(3)</ref> describes the interaction between the distribution mismatch and the prediction error on factual data L Pt (Gρ t ). D ∞ (P x,1−t P x,t ) is large if, for some x, P x,t has small density while P x,1−t has large density (that is when there is poor overlap between them), which understandably, makes minimizing the counterfactual risk R P1−t (Gρ t ) harder because few examples from the other population are observed for a given context. However, note that D ∞ (P x,1−t P x,t ) is multiplied by the expected factual loss L Pt (Gρ t ) (which decreases as the number of factual samples increases, see Equation (10) in Theorem 7 of Appendix 1.3). The distribution mismatch D ∞ (P x,1−t P x,t ) thus becomes less important for generalization, if we can minimize the expected factual loss L Pt (Gρ t ) arbitrarily well. This suggests that optimizing for distributional distances between treated and control data at the expense of prediction error on the factual data may be counterproductive. Representations regularized with distributional distances may thus shrink the hypothesis space and converge on solutions that, although balanced across treatment groups, loose their predictive power.</p><p>Here again, we note the presence of the counterfactual variance L Pt (ρ t ) in equation <ref type="formula">(3)</ref> which is not considered by methods optimizing for the distributional difference only. <ref type="bibr" target="#b0">1</ref> The expected counterfactual Gibbs risk is an upper bound of the expected Bayesian counterfactual risk, a detailed discussion of Gibbs and Bayesian risk is given in Appendix 1.2.</p></div>
<div xmlns="http://www.tei-c.org/ns/1.0"><head n="3.2">Why encourage preserving information content?</head><p>Assumption 1 gives sufficient conditions for unbiased estimation of the treatment effect using observational data, but identifiability need not hold with respect to the feature representation Z = φ(X), even if it does with respect to X. For instance consider φ −1 (z) := {x : φ(x) = z}, then,</p><formula xml:id="formula_7">p(Y |φ(x), t) = x∈φ −1 (z) p(Y |x, t)p(x|t) x∈φ −1 (z) p(x|t) = x∈φ −1 (z) p(Y |x)p(x|t) x∈φ −1 (z) p(x|t) = p(Y |φ(x))<label>(4)</label></formula><p>in general, with equality only if φ is invertible. The conditional independence in the strong ignorability assumption, Y (0), Y (1) |= T |φ(X), required for estimating the treatment effect need not hold for non-invertible transformations. In this sense, we may be introducing unobserved confounders in representation space we hypothesize by the information lost in the map φ. Observe also that our objective, the conditional average treatment ef-</p><formula xml:id="formula_8">fect τ (x) = E[Y (1)−Y (0)|X = x], is expressed in terms of expectations. Similarly, it holds that in feature space, E[Y (1) − Y (0)|φ(x)] = x∈φ −1 (z) E[Y (1) − Y (0)|x]dx</formula><p>will in general not be equal to our quantity of interest</p><formula xml:id="formula_9">τ (x) = E[Y (1) − Y (0)|x] unless φ is invertible.</formula></div>
<div xmlns="http://www.tei-c.org/ns/1.0"><head n="4">Algorithms</head><p>In this section, we describe a model for counterfactual estimation, called DKLITE 2 (Deep Kernel Learning for Individualized Treatment Effects), motivated by our analysis. Our proposed prediction algorithm works in a feature space induced by φ indirectly via a kernel function K : X × X → R, that intuitively models the correlation between inputs x, x ∈ X in a possibly high-dimensional feature space. We extend the expressiveness of K by transforming the inputs through a non-linear mapping φ : X → R d φ to form k(φ(x), φ(x )), a deep kernel <ref type="bibr" target="#b18">[19]</ref>. The dimension d φ of φ(x) can be chosen arbitrarily, and may therefore differ from the dimension of x. We let φ θ be parameterized by a neural network with parameters θ to encode a the information content of input variables.</p><p>Prediction model. The potential outcomes given individuals covariates are assumed to take the form,</p><formula xml:id="formula_10">y i,t = f t (x i ) + i,t , t ∈ {0, 1}<label>(5)</label></formula><p>where f t (x i ) = w t φ(x i ) is given as a linear combination of feature representations φ(·). w t ∈ R d is a weight vector, φ(·) the representation layer and i,t ∼ N (0, β −1 t ) is a noise variable, t = 0, 1. We specify our uncertainty in parameter values through the specification of prior distributions. Combined with the likelihood of observed data, these determine the posterior distribution of parameters and predictive distributions of treatment effects. For each component of the weight vector, independently, we assume w t ∼ N (0, λ −1 t ). With knowledge of φ, the posterior of w t is given by,</p><formula xml:id="formula_11">p(w t |D t , Θ t ) = N (m wt , K −1 wt ) (6) where Θ t = {φ, β t , λ t }, the posterior mean m wt = β t K −1 wt Φ t Y t , the posterior covariance K −1 wt = β t Φ t Φ t + λ t I d φ ×d φ and Φ t the representation of X t .</formula><p>However, it can be difficult to encode our knowledge about good representation spaces for counterfactual estimation in a Bayesian prior. Posterior regularization offers a more direct and flexible mechanism for guiding and controlling the posterior distribution.</p><p>Regularized Bayes. The regularized posterior is the solution of the following optimization problem <ref type="bibr" target="#b21">[22,</ref><ref type="bibr" target="#b9">10]</ref>:</p><formula xml:id="formula_12">inf q(f |D) L(q(f |D)) + Ω(q(f |D)) (7)</formula><p>where L(q(f |D)) is the (KL-divergence between the approximate posterior q(f |D) and the true posterior p(f |D), and Ω(q(f |D)) is a regularizer of the approximate posterior q(f |D). We attempt therefore to learn a posterior distribution as close as possible to the true posterior while also fulfilling the requirements imposed by the regularization term.</p><p>Inference. The predictive distribution for a testing point x is obtained by marginalising over the posterior w t . It is given by</p><formula xml:id="formula_13">f t (x) ∼ N µ(x|D t , Θ t ), σ 2 (x|D t , Θ t ) (8) where µ(x|D t , Θ t ) = m wt φ(x) and σ 2 (x|D t , Θ t ) = φ(x) K −1 wt φ(x)</formula><p>. Point estimates are given for example by the posterior mean or median, optimal for minimizing squared loss or absolute loss, respectively. Note also that knowledge of the full posterior allows us to quantify our uncertainty around point estimates through credible intervals, especially useful in medicine and public policy, for example.</p></div>
<div xmlns="http://www.tei-c.org/ns/1.0"><head n="4.1">Learning φ</head><p>The framework of regularized Bayes described in <ref type="formula">(7)</ref> provides us with a flexible optimization objective, many previous algorithms for treatment effects can be reduced to specific instantiations of this problem. In this section we describe the likelihood and regularization terms that we use to encode the intuition and insights derived from section 3. In Appendix 2, we show that the final loss function we derive can be reformulated a specific instance of problem <ref type="bibr" target="#b6">(7)</ref>.</p><p>Likelihood of the factual data. Assuming the discriminative model introduced in 5, we encourage good prediction of the factual data by optimizing for the negative log-likelihood of the factual data,</p><formula xml:id="formula_14">L lik = − 1 t=0 log(p(Y t |X t , Θ t ))<label>(9)</label></formula><p>Observe that we may re-write the negative loglikelihood, L lik , as</p><formula xml:id="formula_15">L lik = 1 t=0 N t 2 ln(2πβ −1 t ) + KL(ρ t π t ) + N t β t 2 Varρ t (X t ) + Lρ t (X t , Y t )<label>(10)</label></formula><p>From Theorem 1, we see that the empirically estimable quantities to optimize for in the upperbound (2), are</p><formula xml:id="formula_16">Varρ t (X 1−t ), Varρ t (X t ), Lρ t (X t , Y t ) and KL(ρ t π t ).</formula><p>The latter three already exist in our objective L lik , as shown in Equation <ref type="formula" target="#formula_3">(10)</ref>.</p><p>Posterior variance as regularization. Therefore, by including an empirical estimate of the counterfactual variance Varρ t (X 1−t ) as a regularizer in our objective we are effectively optimizing for all terms given by the PAC-Bayes upperbound in equation <ref type="bibr" target="#b1">(2)</ref>. We write this regularization term as,</p><formula xml:id="formula_17">L var = 1 t=0 1 N 1−t N1−t i=1 σ 2 (x i,1−t |D t , Θ t )<label>(11)</label></formula><p>Since the deep kernel parameters are jointly learned, the neural net φ is encouraged to learn a feature representation in which the counterfactual examples are close to the factual examples, thereby reducing the variance on our predictions. The implication is that we are optimizing for representations where counterfactual data tend to cluster around the representations of factual data. This is a way to see how intuitively that we are encouraging overlap in support in representation space without enforcing equality in densities (i.e. the size of the factual and counterfactual "clusters" need not coincide).</p><p>Invertibility as regularization. While the loss due to non-invertible representations is not directly observable, we may associate it with the information content of x lost in φ(x) and we found it to be an important source of gain in performance, empirically. We can encourage information content preservation with an  additional decoder ψ : R d φ → X -a neural network with the reversed structure of network φ (the encoder in this sense) -trained to reconstruct the input x from φ(x). The reconstruction loss is given as,</p><formula xml:id="formula_18">IHDP ( √ˆ PEHE ) Twins ( √˜ PEHE ) Jobs (R pol (π f ))</formula><formula xml:id="formula_19">L rec = 1 t=0 1 N t Nt i=1 x i,t − ψ(φ(x i,t )) 2 2<label>(12)</label></formula><p>We remark that some recent density estimation approaches, e.g. normalization flows <ref type="bibr" target="#b14">[15]</ref> and non-volume preserving transformation <ref type="bibr" target="#b6">[7]</ref>, can be used as an alternative method to achieve invertibility.</p><p>Final loss function. Based on the objectives described above, our final loss trades-off between maximizing the likelihood of the observed (factual) data under our model, minimizing the predictive variance of the counterfactual outcomes and minimizing the reconstruction loss of the representations. The loss is given as follows,</p><formula xml:id="formula_20">L f in = L lik + α 1 L var + α 2 L rec<label>(13)</label></formula><p>α 1 &gt; 0 and α 2 &gt; 0 are hyperparameter. Standard methods for hyperparameter selection are not generally applicable for choosing hyperparameters because counterfactuals are never observed. As an approximation scheme, we replace the missing counterfactuals with their nearest factual neighbour to compute the treatment effects in cross-validation <ref type="bibr" target="#b16">[17]</ref>.</p></div>
<div xmlns="http://www.tei-c.org/ns/1.0"><head n="5">Experiments</head><p>The primary focus of our experiments will be on the comparison of prediction performance on benchmark tasks, the use of the posterior variance for decisionmaking and, a deeper analysis of learned representations and source of performance gain. In the following, we start by introducing competing prediction algorithms before giving a brief description of the data and appropriate performance metrics.</p><p>Competing algorithms. We compare DKLITE with a total of 11 algorithms. First we evaluate least squares regression using treatment as an additional input feature OLS/LR 1 ), we consider separate least squares regressions for each treatment (OLS/LR 2 ), we evaluate balancing linear regression (BLR) <ref type="bibr" target="#b10">[11]</ref>, k-nearest neighbor (k-NN) <ref type="bibr" target="#b4">[5]</ref>, Bayesian additive regression trees (BART) <ref type="bibr" target="#b3">[4]</ref>, random forests (R-Forest) <ref type="bibr" target="#b2">[3]</ref>, causal forests (C-Forest) <ref type="bibr" target="#b17">[18]</ref>, balancing neural networks (BNN) <ref type="bibr" target="#b10">[11]</ref>, treatment-agnostic representation network (TARNET), counterfactual regression with Wasserstein distance (CAR WASS ) <ref type="bibr" target="#b16">[17]</ref>, and multi-task gaussian process (CMGP) <ref type="bibr" target="#b0">[1]</ref>.</p><p>Data. Causal inference models are often impossible to reliably validate using real-world data due to the absence of counterfactual outcomes. Various established approaches for evaluating causal models have been proposed, which we use for our analysis. We describe these briefly below and refer the reader to the accompanying references and section 5 of Appendix for further details. Additional results (e.g. average treatment effect estimation) are included in the same Appendix section. We consider IHDP ( 747 instances described by 25 covariates) <ref type="bibr" target="#b8">[9,</ref><ref type="bibr" target="#b0">1,</ref><ref type="bibr" target="#b16">17,</ref><ref type="bibr" target="#b19">20]</ref> in which counterfactual outcomes are randomly generated via a predefined probabilistic model; Twins (11300 instances described by 30 covariates), in which outcomes are observed but the treatment assignment is simulated; and finally, Jobs (3212 instances described by 7 covariates) <ref type="bibr" target="#b16">[17,</ref><ref type="bibr" target="#b12">13,</ref><ref type="bibr" target="#b5">6]</ref> which is constructed from a mixture of experimental and observational data with the treatment.</p><p>Metrics. The metrics used to evaluate each data set differ slightly depending on the available outcome (real or simulated) and the available treatment assignment mechanisms (known or unknown). For the IHDP, we use the empirical precision in estimating treatment ef-</p><formula xml:id="formula_21">fectsˆ PEHE = 1 N N i=1 (τ (x i )−τ (x i )) 2 .</formula><p>For Twins, we use the observed precision in estimating heterogeneous effects,</p><formula xml:id="formula_22">˜ PEHE = 1 N N i=1 (y i,1 −y i,0 −τ (x i )) 2 .</formula><p>For Jobs, we use the policy risk that measures the expected loss if the treatment is taken according to the ITE policy prescribed by the algorithm, R pol = 1 − E[Y (1)|π(x) = 1]P (π(x) = 1) + E[Y (0)|π(x) = 0]P (π(x) = 0) where π(x) = 1 ifŷ(1) −ŷ(0) &gt; 0 and π(x) = 0, otherwise.</p></div>
<div xmlns="http://www.tei-c.org/ns/1.0"><head n="5.1">Prediction performance results</head><p>We report in-sample and out-of-sample performance in <ref type="table" target="#tab_1">Table 1</ref>. DKLITE targets aspects of the treatment effect estimation problem that have not been considered before. Learning with such an objective significantly outperforms all competing algorithms and does so on all benchmark data sets. The most relevant comparison is perhaps with BNN <ref type="bibr" target="#b10">[11]</ref> and CAR WASS <ref type="bibr" target="#b16">[17]</ref>, neural network models that enforces domain invariance through distributional distances. The performance gain highlights the predictive power of our representations.  In this section, we analyze more deeply the contribution to the performance gain of each component of our loss. We evaluate DKLITE optimized for different components of L f in = L lik + α 1 L var + α 2 L rec . As can be seen in <ref type="table" target="#tab_3">Table 2</ref>, including regularization based on the counterfactual variance (L lik + α 1 L var ) and reconstruction loss (L lik + α 2 L rec ), each evaluated separately, already provides a significant gain in performance with respect to optimization on the factual data only (L lik ). Importantly though, combining them (L f in ) improves performance further by an order of magnitude (see DKLITE in <ref type="table" target="#tab_1">Table 1</ref>), which suggests that L var and L rec capture to some extent "orthogonal" sources of gain. The gain is especially important on relatively smaller data sets, such as IHDP with 747 individuals, and to a lesser extent on bigger data sets. These results illustrate the behaviour suggested by Equation 3</p></div>
<div xmlns="http://www.tei-c.org/ns/1.0"><head n="5.2">Source of gain</head><p>in Theorem 2: distribution mismatch between groups becomes decreasingly relevant with increasing data set size. In this setting, the error on the factual data (L lik ) drives generalization performance.</p></div>
<div xmlns="http://www.tei-c.org/ns/1.0"><head n="5.3">Leveraging the predicted uncertainty</head><p>Data-driven solutions for decision support have most often been proposed without methods to quantify and control their uncertainty in a decision. In contrast, in medicine for example, a physician knows whether she is uncertain about a case and will consult more experienced colleagues if needed. We use this idea to show that uncertainty informed treatment effect estimation can improve performance. An instantiation of this approach, termed DKLITE-U, is given by referring the 10 % most uncertain predictions for further scrutiny. Performance in comparison to DKLITE is given in <ref type="table">Ta</ref>  </p></div>
<div xmlns="http://www.tei-c.org/ns/1.0"><head n="6">Discussion</head><p>In many domains understanding the effect of interventions at an individual level is crucial, but prediction of those potential outcomes is challenging. Despite their empirical success, we find that algorithms enforcing representations to satisfy domain invariance is often too strong a requirement for causal predictions. This stems from the fact that overlapping support is sufficient for identifiability of the causal effect and equality in densities is not necessary.</p><p>We have proposed a bound on generalization performance that shows the dependence on domain overlap through the counterfactual variance which we interpret as a proxy for domain overlap, and highlighted the need for invertible latent maps. These results motivated novel regularization criteria that we incorporated in a deep kernel learning framework through posterior regularization. We hypothesize that many existing models, both frequentist (through representer theorems if optimized with empirical risk minimization) and Bayesian, can be reduced to specific instances of our framework with different regularization terms. We leave a formal derivation of this unifying theory for future work.</p></div><figure xmlns="http://www.tei-c.org/ns/1.0" type="table" xml:id="tab_1" validated="false"><head>Table 1 :</head><label>1</label><figDesc>Mean performance (lower better) of individualized treatment effect estimation and standard deviation.</figDesc><table></table></figure>
<figure xmlns="http://www.tei-c.org/ns/1.0" type="table" xml:id="tab_3" validated="false"><head>Table 2 :</head><label>2</label><figDesc>Source of performance gain.</figDesc><table></table></figure>
<figure xmlns="http://www.tei-c.org/ns/1.0" type="table" xml:id="tab_4" validated="false"><head></head><label></label><figDesc>ble 3. Note that especially on small data sets, such as IHDP, predictions can be significantly improved.</figDesc><table>DKLITE 
DKLITE-U 
IHDP 
In-sample 
.52 ± .02 
.46 ± .02 
Out-sample 
.60 ± .03 
.53 ± .02 
Twins 
In-sample 
.288 ± .001 
.287 ± .001 
Out-sample 
.293 ± .003 
.292 ± .002 
Jobs 
In-sample 
.13 ± .01 
.13 ± .01 
Out-sample 
.14 ± .01 
.14 ± .01 

</table></figure>
<figure xmlns="http://www.tei-c.org/ns/1.0" type="table" xml:id="tab_5" validated="false"><head>Table 3 :</head><label>3</label><figDesc>Performance of DKLITE-U on all data sets.</figDesc><table></table></figure>
			<note xmlns="http://www.tei-c.org/ns/1.0" place="foot" n="2">An implementation of DKLITE is available at https://bitbucket.org/mvdschaar/mlforhealthlabpub.</note>
		</body>
		<back>

			<div type="acknowledgement">
<div xmlns="http://www.tei-c.org/ns/1.0"><head>Acknowledgements</head><p>We thank the anonymous reviewers for valuable feedback. This work was supported by GlaxoSmithKline (GSK), the Alan Turing Institute under the EP-SRC grant EP/N510129/1, the US Office of Naval Research (ONR), and the National Science Foundation (NSF): grant numbers ECCS1462245, ECCS1533983, and ECCS1407712.</p></div>
			</div>

			<div type="references">

				<listBibl>

<biblStruct xml:id="b0">
	<analytic>
		<title level="a" type="main">Bayesian inference of individualized treatment effects using multi-task gaussian processes</title>
		<author>
			<persName xmlns="http://www.tei-c.org/ns/1.0"><forename type="first">A</forename><forename type="middle">M</forename><surname>Alaa</surname></persName>
		</author>
		<author>
			<persName xmlns="http://www.tei-c.org/ns/1.0"><forename type="first">M</forename><surname>Van Der Schaar</surname></persName>
		</author>
	</analytic>
	<monogr>
		<title level="m">Advances in Neural Information Processing Systems</title>
		<imprint>
			<date type="published" when="2017" />
			<biblScope unit="page" from="3424" to="3432" />
		</imprint>
	</monogr>
</biblStruct>

<biblStruct xml:id="b1">
	<analytic>
		<title level="a" type="main">On the mean speed of convergence of empirical and occupation measures in wasserstein distance</title>
		<author>
			<persName xmlns="http://www.tei-c.org/ns/1.0"><forename type="first">E</forename><surname>Boissard</surname></persName>
		</author>
		<author>
			<persName xmlns="http://www.tei-c.org/ns/1.0"><forename type="first">T</forename><forename type="middle">Le</forename><surname>Gouic</surname></persName>
		</author>
	</analytic>
	<monogr>
		<title level="m">Annales de l&apos;IHP Probabilités et statistiques</title>
		<imprint>
			<date type="published" when="2014" />
			<biblScope unit="volume">50</biblScope>
			<biblScope unit="page" from="539" to="563" />
		</imprint>
	</monogr>
</biblStruct>

<biblStruct xml:id="b2">
	<monogr>
		<title level="m" type="main">Random forests. Machine learning</title>
		<author>
			<persName xmlns="http://www.tei-c.org/ns/1.0"><forename type="first">L</forename><surname>Breiman</surname></persName>
		</author>
		<imprint>
			<date type="published" when="2001" />
			<biblScope unit="volume">45</biblScope>
			<biblScope unit="page" from="5" to="32" />
		</imprint>
	</monogr>
</biblStruct>

<biblStruct xml:id="b3">
	<analytic>
		<title level="a" type="main">Bayesian additive regression trees</title>
		<author>
			<persName xmlns="http://www.tei-c.org/ns/1.0"><forename type="first">H</forename><forename type="middle">A</forename><surname>Chipman</surname></persName>
		</author>
		<author>
			<persName xmlns="http://www.tei-c.org/ns/1.0"><forename type="first">E</forename><forename type="middle">I</forename><surname>George</surname></persName>
		</author>
		<author>
			<persName xmlns="http://www.tei-c.org/ns/1.0"><forename type="first">R</forename><forename type="middle">E</forename><surname>Mcculloch</surname></persName>
		</author>
	</analytic>
	<monogr>
		<title level="j">The Annals of Applied Statistics</title>
		<imprint>
			<biblScope unit="volume">4</biblScope>
			<biblScope unit="issue">1</biblScope>
			<biblScope unit="page" from="266" to="298" />
			<date type="published" when="2010" />
		</imprint>
	</monogr>
</biblStruct>

<biblStruct xml:id="b4">
	<analytic>
		<title level="a" type="main">Nonparametric tests for treatment effect heterogeneity</title>
		<author>
			<persName xmlns="http://www.tei-c.org/ns/1.0"><forename type="first">R</forename><forename type="middle">K</forename><surname>Crump</surname></persName>
		</author>
		<author>
			<persName xmlns="http://www.tei-c.org/ns/1.0"><forename type="first">V</forename><forename type="middle">J</forename><surname>Hotz</surname></persName>
		</author>
		<author>
			<persName xmlns="http://www.tei-c.org/ns/1.0"><forename type="first">G</forename><forename type="middle">W</forename><surname>Imbens</surname></persName>
		</author>
		<author>
			<persName xmlns="http://www.tei-c.org/ns/1.0"><forename type="first">O</forename><forename type="middle">A</forename><surname>Mitnik</surname></persName>
		</author>
	</analytic>
	<monogr>
		<title level="j">The Review of Economics and Statistics</title>
		<imprint>
			<biblScope unit="volume">90</biblScope>
			<biblScope unit="issue">3</biblScope>
			<biblScope unit="page" from="389" to="405" />
			<date type="published" when="2008" />
		</imprint>
	</monogr>
</biblStruct>

<biblStruct xml:id="b5">
	<analytic>
		<title level="a" type="main">Propensity scorematching methods for nonexperimental causal studies</title>
		<author>
			<persName xmlns="http://www.tei-c.org/ns/1.0"><forename type="first">R</forename><forename type="middle">H</forename><surname>Dehejia</surname></persName>
		</author>
		<author>
			<persName xmlns="http://www.tei-c.org/ns/1.0"><forename type="first">S</forename><surname>Wahba</surname></persName>
		</author>
	</analytic>
	<monogr>
		<title level="j">Review of Economics and statistics</title>
		<imprint>
			<biblScope unit="volume">84</biblScope>
			<biblScope unit="issue">1</biblScope>
			<biblScope unit="page" from="151" to="161" />
			<date type="published" when="2002" />
		</imprint>
	</monogr>
</biblStruct>

<biblStruct xml:id="b6">
	<monogr>
		<title level="m" type="main">Density estimation using real nvp</title>
		<author>
			<persName xmlns="http://www.tei-c.org/ns/1.0"><forename type="first">L</forename><surname>Dinh</surname></persName>
		</author>
		<author>
			<persName xmlns="http://www.tei-c.org/ns/1.0"><forename type="first">J</forename><surname>Sohl-Dickstein</surname></persName>
		</author>
		<author>
			<persName xmlns="http://www.tei-c.org/ns/1.0"><forename type="first">S</forename><surname>Bengio</surname></persName>
		</author>
		<idno type="arXiv">arXiv:1605.08803</idno>
		<imprint>
			<date type="published" when="2016" />
		</imprint>
	</monogr>
	<note type="report_type">arXiv preprint</note>
</biblStruct>

<biblStruct xml:id="b7">
	<analytic>
		<title level="a" type="main">Pac-bayesian theory meets bayesian inference</title>
		<author>
			<persName xmlns="http://www.tei-c.org/ns/1.0"><forename type="first">P</forename><surname>Germain</surname></persName>
		</author>
		<author>
			<persName xmlns="http://www.tei-c.org/ns/1.0"><forename type="first">F</forename><surname>Bach</surname></persName>
		</author>
		<author>
			<persName xmlns="http://www.tei-c.org/ns/1.0"><forename type="first">A</forename><surname>Lacoste</surname></persName>
		</author>
		<author>
			<persName xmlns="http://www.tei-c.org/ns/1.0"><forename type="first">S</forename><surname>Lacoste-Julien</surname></persName>
		</author>
	</analytic>
	<monogr>
		<title level="m">Advances in Neural Information Processing Systems</title>
		<imprint>
			<date type="published" when="2016" />
			<biblScope unit="page" from="1884" to="1892" />
		</imprint>
	</monogr>
</biblStruct>

<biblStruct xml:id="b8">
	<analytic>
		<title level="a" type="main">Bayesian nonparametric modeling for causal inference</title>
		<author>
			<persName xmlns="http://www.tei-c.org/ns/1.0"><forename type="first">J</forename><forename type="middle">L</forename><surname>Hill</surname></persName>
		</author>
	</analytic>
	<monogr>
		<title level="j">Journal of Computational and Graphical Statistics</title>
		<imprint>
			<biblScope unit="volume">20</biblScope>
			<biblScope unit="issue">1</biblScope>
			<biblScope unit="page" from="217" to="240" />
			<date type="published" when="2011" />
		</imprint>
	</monogr>
</biblStruct>

<biblStruct xml:id="b9">
	<analytic>
		<title level="a" type="main">Semi-supervised deep kernel learning: Regression with unlabeled data by minimizing predictive variance</title>
		<author>
			<persName xmlns="http://www.tei-c.org/ns/1.0"><forename type="first">N</forename><surname>Jean</surname></persName>
		</author>
		<author>
			<persName xmlns="http://www.tei-c.org/ns/1.0"><forename type="first">S</forename><forename type="middle">M</forename><surname>Xie</surname></persName>
		</author>
		<author>
			<persName xmlns="http://www.tei-c.org/ns/1.0"><forename type="first">S</forename><surname>Ermon</surname></persName>
		</author>
	</analytic>
	<monogr>
		<title level="m">Advances in Neural Information Processing Systems</title>
		<imprint>
			<date type="published" when="2018" />
			<biblScope unit="page" from="5322" to="5333" />
		</imprint>
	</monogr>
</biblStruct>

<biblStruct xml:id="b10">
	<analytic>
		<title level="a" type="main">Learning representations for counterfactual inference</title>
		<author>
			<persName xmlns="http://www.tei-c.org/ns/1.0"><forename type="first">F</forename><surname>Johansson</surname></persName>
		</author>
		<author>
			<persName xmlns="http://www.tei-c.org/ns/1.0"><forename type="first">U</forename><surname>Shalit</surname></persName>
		</author>
		<author>
			<persName xmlns="http://www.tei-c.org/ns/1.0"><forename type="first">D</forename><surname>Sontag</surname></persName>
		</author>
	</analytic>
	<monogr>
		<title level="j">In International conference on machine learning</title>
		<imprint>
			<biblScope unit="page" from="3020" to="3029" />
			<date type="published" when="2016" />
		</imprint>
	</monogr>
</biblStruct>

<biblStruct xml:id="b11">
	<monogr>
		<title level="m" type="main">Learning weighted representations for generalization across designs</title>
		<author>
			<persName xmlns="http://www.tei-c.org/ns/1.0"><forename type="first">F</forename><forename type="middle">D</forename><surname>Johansson</surname></persName>
		</author>
		<author>
			<persName xmlns="http://www.tei-c.org/ns/1.0"><forename type="first">N</forename><surname>Kallus</surname></persName>
		</author>
		<author>
			<persName xmlns="http://www.tei-c.org/ns/1.0"><forename type="first">U</forename><surname>Shalit</surname></persName>
		</author>
		<author>
			<persName xmlns="http://www.tei-c.org/ns/1.0"><forename type="first">D</forename><surname>Sontag</surname></persName>
		</author>
		<idno type="arXiv">arXiv:1802.08598</idno>
		<imprint>
			<date type="published" when="2018" />
		</imprint>
	</monogr>
	<note type="report_type">arXiv preprint</note>
</biblStruct>

<biblStruct xml:id="b12">
	<monogr>
		<title level="m" type="main">Evaluating the econometric evaluations of training programs with experimental data. The American economic review</title>
		<author>
			<persName xmlns="http://www.tei-c.org/ns/1.0"><forename type="first">R</forename><forename type="middle">J</forename><surname>Lalonde</surname></persName>
		</author>
		<imprint>
			<date type="published" when="1986" />
			<biblScope unit="page" from="604" to="620" />
		</imprint>
	</monogr>
</biblStruct>

<biblStruct xml:id="b13">
	<analytic>
		<title level="a" type="main">Some pac-bayesian theorems</title>
		<author>
			<persName xmlns="http://www.tei-c.org/ns/1.0"><forename type="first">D</forename><forename type="middle">A</forename><surname>Mcallester</surname></persName>
		</author>
	</analytic>
	<monogr>
		<title level="m">Machine Learning</title>
		<imprint>
			<date type="published" when="1999" />
			<biblScope unit="volume">37</biblScope>
			<biblScope unit="page" from="355" to="363" />
		</imprint>
	</monogr>
</biblStruct>

<biblStruct xml:id="b14">
	<monogr>
				<author>
			<persName xmlns="http://www.tei-c.org/ns/1.0"><forename type="first">D</forename><forename type="middle">J</forename><surname>Rezende</surname></persName>
		</author>
		<author>
			<persName xmlns="http://www.tei-c.org/ns/1.0"><forename type="first">S</forename><surname>Mohamed</surname></persName>
		</author>
		<idno type="arXiv">arXiv:1505.05770</idno>
		<title level="m">Variational inference with normalizing flows</title>
		<imprint>
			<date type="published" when="2015" />
		</imprint>
	</monogr>
	<note type="report_type">arXiv preprint</note>
</biblStruct>

<biblStruct xml:id="b15">
	<analytic>
		<title level="a" type="main">Causal inference using potential outcomes: Design, modeling, decisions</title>
		<author>
			<persName xmlns="http://www.tei-c.org/ns/1.0"><forename type="first">D</forename><forename type="middle">B</forename><surname>Rubin</surname></persName>
		</author>
	</analytic>
	<monogr>
		<title level="j">Journal of the American Statistical Association</title>
		<imprint>
			<biblScope unit="volume">100</biblScope>
			<biblScope unit="issue">469</biblScope>
			<biblScope unit="page" from="322" to="331" />
			<date type="published" when="2005" />
		</imprint>
	</monogr>
</biblStruct>

<biblStruct xml:id="b16">
	<analytic>
		<title level="a" type="main">Estimating individual treatment effect: generalization bounds and algorithms</title>
		<author>
			<persName xmlns="http://www.tei-c.org/ns/1.0"><forename type="first">U</forename><surname>Shalit</surname></persName>
		</author>
		<author>
			<persName xmlns="http://www.tei-c.org/ns/1.0"><forename type="first">F</forename><forename type="middle">D</forename><surname>Johansson</surname></persName>
		</author>
		<author>
			<persName xmlns="http://www.tei-c.org/ns/1.0"><forename type="first">D</forename><surname>Sontag</surname></persName>
		</author>
	</analytic>
	<monogr>
		<title level="m">Proceedings of the 34th International Conference on Machine Learning</title>
		<meeting>the 34th International Conference on Machine Learning</meeting>
		<imprint>
			<date type="published" when="2017" />
			<biblScope unit="volume">70</biblScope>
			<biblScope unit="page" from="3076" to="3085" />
		</imprint>
	</monogr>
</biblStruct>

<biblStruct xml:id="b17">
	<analytic>
		<title level="a" type="main">Estimation and inference of heterogeneous treatment effects using random forests</title>
		<author>
			<persName xmlns="http://www.tei-c.org/ns/1.0"><forename type="first">S</forename><surname>Wager</surname></persName>
		</author>
		<author>
			<persName xmlns="http://www.tei-c.org/ns/1.0"><forename type="first">S</forename><surname>Athey</surname></persName>
		</author>
	</analytic>
	<monogr>
		<title level="j">Journal of the American Statistical Association</title>
		<imprint>
			<biblScope unit="volume">113</biblScope>
			<biblScope unit="issue">523</biblScope>
			<biblScope unit="page" from="1228" to="1242" />
			<date type="published" when="2018" />
		</imprint>
	</monogr>
</biblStruct>

<biblStruct xml:id="b18">
	<analytic>
		<title level="a" type="main">Deep kernel learning</title>
		<author>
			<persName xmlns="http://www.tei-c.org/ns/1.0"><forename type="first">A</forename><forename type="middle">G</forename><surname>Wilson</surname></persName>
		</author>
		<author>
			<persName xmlns="http://www.tei-c.org/ns/1.0"><forename type="first">Z</forename><surname>Hu</surname></persName>
		</author>
		<author>
			<persName xmlns="http://www.tei-c.org/ns/1.0"><forename type="first">R</forename><surname>Salakhutdinov</surname></persName>
		</author>
		<author>
			<persName xmlns="http://www.tei-c.org/ns/1.0"><forename type="first">E</forename><forename type="middle">P</forename><surname>Xing</surname></persName>
		</author>
	</analytic>
	<monogr>
		<title level="m">Artificial Intelligence and Statistics</title>
		<imprint>
			<date type="published" when="2016" />
			<biblScope unit="page" from="370" to="378" />
		</imprint>
	</monogr>
</biblStruct>

<biblStruct xml:id="b19">
	<analytic>
		<title level="a" type="main">Representation learning for treatment effect estimation from observational data</title>
		<author>
			<persName xmlns="http://www.tei-c.org/ns/1.0"><forename type="first">L</forename><surname>Yao</surname></persName>
		</author>
		<author>
			<persName xmlns="http://www.tei-c.org/ns/1.0"><forename type="first">S</forename><surname>Li</surname></persName>
		</author>
		<author>
			<persName xmlns="http://www.tei-c.org/ns/1.0"><forename type="first">Y</forename><surname>Li</surname></persName>
		</author>
		<author>
			<persName xmlns="http://www.tei-c.org/ns/1.0"><forename type="first">M</forename><surname>Huai</surname></persName>
		</author>
		<author>
			<persName xmlns="http://www.tei-c.org/ns/1.0"><forename type="first">J</forename><surname>Gao</surname></persName>
		</author>
		<author>
			<persName xmlns="http://www.tei-c.org/ns/1.0"><forename type="first">A</forename><surname>Zhang</surname></persName>
		</author>
	</analytic>
	<monogr>
		<title level="m">Advances in Neural Information Processing Systems</title>
		<imprint>
			<date type="published" when="2018" />
			<biblScope unit="page" from="2633" to="2643" />
		</imprint>
	</monogr>
</biblStruct>

<biblStruct xml:id="b20">
	<monogr>
		<title level="m" type="main">On learning invariant representation for domain adaptation</title>
		<author>
			<persName xmlns="http://www.tei-c.org/ns/1.0"><forename type="first">H</forename><surname>Zhao</surname></persName>
		</author>
		<author>
			<persName xmlns="http://www.tei-c.org/ns/1.0"><forename type="first">R</forename><forename type="middle">T</forename><surname>Combes</surname></persName>
		</author>
		<author>
			<persName xmlns="http://www.tei-c.org/ns/1.0"><forename type="first">K</forename><surname>Zhang</surname></persName>
		</author>
		<author>
			<persName xmlns="http://www.tei-c.org/ns/1.0"><forename type="first">G</forename><forename type="middle">J</forename><surname>Gordon</surname></persName>
		</author>
		<idno type="arXiv">arXiv:1901.09453</idno>
		<imprint>
			<date type="published" when="2019" />
		</imprint>
	</monogr>
	<note type="report_type">arXiv preprint</note>
</biblStruct>

<biblStruct xml:id="b21">
	<analytic>
		<title level="a" type="main">Bayesian inference with posterior regularization and applications to infinite latent svms</title>
		<author>
			<persName xmlns="http://www.tei-c.org/ns/1.0"><forename type="first">J</forename><surname>Zhu</surname></persName>
		</author>
		<author>
			<persName xmlns="http://www.tei-c.org/ns/1.0"><forename type="first">N</forename><surname>Chen</surname></persName>
		</author>
		<author>
			<persName xmlns="http://www.tei-c.org/ns/1.0"><forename type="first">E</forename><forename type="middle">P</forename><surname>Xing</surname></persName>
		</author>
	</analytic>
	<monogr>
		<title level="j">The Journal of Machine Learning Research</title>
		<imprint>
			<biblScope unit="volume">15</biblScope>
			<biblScope unit="issue">1</biblScope>
			<biblScope unit="page" from="1799" to="1847" />
			<date type="published" when="2014" />
		</imprint>
	</monogr>
</biblStruct>

				</listBibl>
			</div>
		</back>
	</text>
</TEI>
