<?xml version="1.0" encoding="UTF-8"?>
<TEI xml:space="preserve" xmlns="http://www.tei-c.org/ns/1.0" 
xmlns:xsi="http://www.w3.org/2001/XMLSchema-instance" 
xsi:schemaLocation="http://www.tei-c.org/ns/1.0 /home/varun/Desktop/NLP/Projects/grobid-0.5.6/grobid-home/schemas/xsd/Grobid.xsd"
 xmlns:xlink="http://www.w3.org/1999/xlink">
	<teiHeader xml:lang="en">
		<fileDesc>
			<titleStmt>
				<title level="a" type="main">Detect Rumors in Microblog Posts Using Propagation Structure via Kernel Learning</title>
			</titleStmt>
			<publicationStmt>
				<publisher/>
				<availability status="unknown"><licence/></availability>
				<date>July 30 -August 4, 2017. July 30 -August 4, 2017</date>
			</publicationStmt>
			<sourceDesc>
				<biblStruct>
					<analytic>
						<author>
							<persName xmlns="http://www.tei-c.org/ns/1.0"><forename type="first">Jing</forename><surname>Ma</surname></persName>
							<affiliation key="aff0">
								<orgName type="institution">The Chinese University of Hong Kong</orgName>
								<address>
									<settlement>Hong Kong SAR</settlement>
								</address>
							</affiliation>
						</author>
						<author>
							<persName xmlns="http://www.tei-c.org/ns/1.0"><forename type="first">Wei</forename><surname>Gao</surname></persName>
							<affiliation key="aff1">
								<orgName type="institution">Qatar Computing Research Institute</orgName>
								<address>
									<settlement>Doha</settlement>
									<country key="QA">Qatar</country>
								</address>
							</affiliation>
						</author>
						<author role="corresp">
							<persName xmlns="http://www.tei-c.org/ns/1.0"><forename type="first">Kam-Fai</forename><surname>Wong</surname></persName>
							<email>kfwong@se.cuhk.edu.hk</email>
							<affiliation key="aff0">
								<orgName type="institution">The Chinese University of Hong Kong</orgName>
								<address>
									<settlement>Hong Kong SAR</settlement>
								</address>
							</affiliation>
							<affiliation key="aff2">
								<orgName type="department">MoE Key Laboratory of High Confidence Software Technologies</orgName>
								<address>
									<country key="CN">China</country>
								</address>
							</affiliation>
						</author>
						<title level="a" type="main">Detect Rumors in Microblog Posts Using Propagation Structure via Kernel Learning</title>
					</analytic>
					<monogr>
						<title level="m">Proceedings of the 55th Annual Meeting of the Association for Computational Linguistics</title>
						<meeting>the 55th Annual Meeting of the Association for Computational Linguistics <address><addrLine>Vancouver, Canada; Vancouver, Canada</addrLine></address>
						</meeting>
						<imprint>
							<biblScope unit="page" from="708" to="717"/>
							<date type="published">July 30 -August 4, 2017. July 30 -August 4, 2017</date>
						</imprint>
					</monogr>
					<idno type="DOI">10.18653/v1/P17-1066</idno>
				</biblStruct>
			</sourceDesc>
		</fileDesc>

		<encodingDesc>
			<appInfo>
				<application version="0.5.6" ident="GROBID" when="2020-04-20T12:37+0000">
					<ref target="https://github.com/kermitt2/grobid">GROBID - A machine learning software for extracting information from scholarly documents</ref>
				</application>
			</appInfo>
		</encodingDesc>		<profileDesc>
			<abstract>
<div xmlns="http://www.tei-c.org/ns/1.0"><p>How fake news goes viral via social media? How does its propagation pattern differ from real stories? In this paper, we attempt to address the problem of identifying rumors, i.e., fake information, out of microblog posts based on their propagation structure. We firstly model microblog posts diffusion with propagation trees, which provide valuable clues on how an original message is transmitted and developed over time. We then propose a kernel-based method called Propagation Tree Kernel, which captures high-order patterns differentiating different types of rumors by evaluating the similarities between their propagation tree structures. Experimental results on two real-world datasets demonstrate that the proposed kernel-based approach can detect rumors more quickly and accurately than state-ofthe-art rumor detection models.</p></div>
			</abstract>
		</profileDesc>
	</teiHeader>
	<text xml:lang="en">
		<body>
<div xmlns="http://www.tei-c.org/ns/1.0"><head n="1">Introduction</head><p>On November 9th, 2016, Eric Tucker, a grassroots user who had just about 40 followers on Twitter, tweeted his unverified observations about paid protesters being bused to attend anti-Trump demonstration in Austin, Texas. The tweet, which was proved false later, was shared over 16 thousand times on Twitter and 350 thousand times on Facebook within a couple of days, fueling a nation-wide conspiracy theory 1 . The diffusion of the story is illustrated as <ref type="figure" target="#fig_0">Figure 1</ref> which gives the key spreading points of the story along the time line. We can see that after the initial post, the tweet was shared or promoted by some influential online communities and users (including Trump himself), resulting in its wide spread.</p><p>A widely accepted definition of rumor is "unverified and instrumentally relevant information statements in circulation" <ref type="bibr" target="#b3">(DiFonzo and Bordia, 2007)</ref>. This unverified information may eventually turn out to be true, or partly or entirely false. In today's ever-connected world, rumors can arise and spread at lightening speed thanks to social media platforms, which could not only be wrong, but be misleading and dangerous to the public society. Therefore, it is crucial to track and debunk such rumors in timely manner.</p><p>Journalists and fact-checking websites such as snopes.com have made efforts to track and detect rumors. However, such endeavor is manual, thus prone to poor coverage and low speed. Feature-based methods <ref type="bibr" target="#b0">(Castillo et al., 2011;</ref><ref type="bibr" target="#b22">Yang et al., 2012;</ref><ref type="bibr" target="#b11">Ma et al., 2015)</ref> achieved certain success by employing large feature sets crafted from message contents, user profiles and holistic statistics of diffusion patterns (e.g., number of retweets, propagation time, etc.). But such an approach was over simplified as they ignored the dynamics of rumor propagation. Existing studies considering propagation characteristics mainly focused on the temporal features <ref type="bibr" target="#b7">(Kwon et al., 2013</ref><ref type="bibr" target="#b6">(Kwon et al., , 2017</ref> rather than the structure of propagation.</p><p>So, can the propagation structure make any difference for differentiating rumors from nonrumors? Recent studies showed that rumor spreaders are persons who want to get attention and popularity <ref type="bibr" target="#b20">(Sunstein, 2014)</ref>. However, popular users who get more attention on Twitter (e.g., with more followers) are actually less likely to spread rumor in a sense that the high audience size might hinder a user from participating in propagating unverified information <ref type="bibr" target="#b6">(Kwon et al., 2017)</ref>. Intuitively, for "successful" rumors being propagated as widely as popular real news, initial spreaders (typically lack of popularity) must attract certain amount of broadcasting power, e.g., attention of influential users or communities that have a lot of audiences joining in promoting the propagation. We refer to this as a constrained mode propagation, relative to the open mode propagation of normal messages that everyone is open to share. Such different modes of propagation may imply some distinct propagation structures between rumors and nonrumors and even among different types of rumors.</p><p>Due to the complex nature of information diffusion, explicitly defining discriminant features based on propagation structure is difficult and biased. <ref type="figure">Figure 2</ref> exemplifies the propagation structures of two Twitter posts, a rumor and a nonrumor, initiated by two users shown as the root nodes (in green color). The information flows here illustrate that the rumorous tweet is first posted by a low-impact user, then some popular users joining in who boost the spreading, but the non-rumorous tweet is initially posted by a popular user and directly spread by many general users; contentbased signal like various users' stance <ref type="bibr" target="#b24">(Zhao et al., 2015)</ref> and edge-based signal such as relative influence <ref type="bibr" target="#b6">(Kwon et al., 2017)</ref> can also suggest the different nature of source tweets. Many of such implicit distinctions throughout message propagation are hard to hand craft specifically using flat summary of statistics as previous work did. In addition, unlike representation learning for plain text, learning for representation of structures such as networks is not well studied in general. Therefore, traditional and latest text-based models (Castillo (a) A rumor (b) A non-rumor <ref type="figure">Figure 2</ref>: Fragments of the propagation for two source tweets. Node size: denotes the popularity of the user who tweet the post (represented by # of followers); Red, black, blue node: content-wise the user express doubt/denial, support, neutrality in the tweet, respectively; Solid (dotted) edge: information flow from a more (less) popular user to a less (more) popular user; Dashed concentric circles: time stamps. <ref type="bibr" target="#b11">Ma et al., 2015</ref><ref type="bibr" target="#b10">Ma et al., , 2016</ref> cannot be applied easily on such complex, dynamic structures. To capture high-order propagation patterns for rumor detection, we firstly represent the propagation of each source tweet with a propagation tree which is formed by harvesting user's interactions to one another triggered by the source tweet. Then, we propose a kernel-based data-driven method called Propagation Tree Kernel (PTK) to generate relevant features (i.e., subtrees) automatically for estimating the similarity between two propagation trees. Unlike traditional tree kernel <ref type="bibr" target="#b14">(Moschitti, 2006;</ref><ref type="bibr" target="#b23">Zhang et al., 2008)</ref> for modeling syntactic structure based on parse tree, our propagation tree consists of nodes corresponding to microblog posts, each represented as a continuous vector, and edges representing the direction of propagation and providing the context to individual posts. The basic idea is to find and capture the salient substructures in the propagation trees indicative of rumors. We also extend PTK into a context-enriched PTK (cPTK) to enhance the model by considering different propagation paths from source tweet to the roots of subtrees, which capture the context of transmission. Extensive experiments on two real-world Twitter datasets show that the proposed methods outperform state-of-the-art rumor detection models with large margin.</p><p>Moreover, most existing approaches regard rumor detection as a binary classification problem, which predicts a candidate hypothesis as rumor or not. Since a rumor often begins as unverified and later turns out to be confirmed as true or false, or remains unverified <ref type="bibr" target="#b26">(Zubiaga et al., 2016)</ref>, here we consider a set of more practical, finer-grained classes: false rumor, true rumor, unverified rumor, and non-rumor, which becomes an even more challenging problem.</p></div>
<div xmlns="http://www.tei-c.org/ns/1.0"><head n="2">Related Work</head><p>Tracking misinformation or debunking rumors has been a hot research topic in multiple disciplines <ref type="bibr" target="#b3">(DiFonzo and Bordia, 2007;</ref><ref type="bibr" target="#b12">Morris et al., 2012;</ref><ref type="bibr" target="#b17">Rosnow, 1991)</ref>. <ref type="bibr" target="#b0">Castillo et al. (2011)</ref> studied information credibility on Twitter using a wide range of hand-crafted features. Following that, various features corresponding to message contents, user profiles and statistics of propagation patterns were proposed in many studies <ref type="bibr" target="#b22">(Yang et al., 2012;</ref><ref type="bibr" target="#b21">Wu et al., 2015;</ref><ref type="bibr" target="#b19">Sun et al., 2013;</ref><ref type="bibr" target="#b8">Liu et al., 2015)</ref>. <ref type="bibr" target="#b24">Zhao et al. (2015)</ref> focused on early rumor detection by using regular expressions for finding questing and denying tweets as the key for debunking rumor. All such approaches are over simplistic because they ignore the dynamic propagation patterns given the rich structures of social media data.</p><p>Some studies focus on finding temporal patterns for understanding rumor diffusion. <ref type="bibr">Kown et al. (2013;</ref><ref type="bibr" target="#b6">2017)</ref> introduced a time-series fitting model based on the temporal properties of tweet volume. <ref type="bibr" target="#b11">Ma et al. (2015)</ref> extended the model using time series to capture the variation of features over time. <ref type="bibr" target="#b4">Friggeri et al. (2014)</ref> and <ref type="bibr" target="#b5">Hannak et al. (2014)</ref> studied the structure of misinformation cascades by analyzing comments linking to rumor debunking websites. More recently, <ref type="bibr" target="#b10">Ma et al. (2016)</ref> used recurrent neural networks to learn the representations of rumor signals from tweet text at different times. Our work will consider temporal, structural and linguistic signals in a unified framework based on propagation tree kernel.</p><p>Most previous work formulated the task as classification at event level where an event is comprised of a number of source tweets, each being associated with a group of retweets and replies. Here we focus on classifying a given source tweet regarding a claim which is a finer-grained task. Similar setting was also considered in <ref type="bibr" target="#b21">(Wu et al., 2015;</ref><ref type="bibr" target="#b16">Qazvinian et al., 2011)</ref>.</p><p>Kernel methods are designed to evaluate the similarity between two objects, and tree kernel specifically addresses structured data which has been successfully applied for modeling syntactic information in many natural language tasks such as syntactic parsing <ref type="bibr" target="#b1">(Collins and Duffy, 2001)</ref>, question-answering <ref type="bibr" target="#b14">(Moschitti, 2006)</ref>, semantic analysis <ref type="bibr" target="#b13">(Moschitti, 2004)</ref>, relation extraction <ref type="bibr" target="#b23">(Zhang et al., 2008)</ref> and machine translation <ref type="bibr" target="#b18">(Sun et al., 2010)</ref>. These kernels are not suitable for modeling the social media propagation structures because the nodes are not given as discrete values like part-of-speech tags, but are represented as high dimensional real-valued vectors. Our proposed method is a substantial extension of tree kernel for modeling such structures.</p></div>
<div xmlns="http://www.tei-c.org/ns/1.0"><head n="3">Representation of Tweets Propagation</head><p>On microblogging platforms, the follower/friend relationship embeds shared interests among the users. Once a user has posted a tweet, all his followers will receive the tweet. Furthermore, Twitter allows a user to retweet or comment another user's post, so that the information could reach beyond the network of the original creator.</p><p>We model the propagation of each source tweet as a tree structure T (r) = V, E , where r is the source tweet as well as the root of the tree, V refers to a set of nodes each representing a responsive post (i.e., retweet or reply) of a user at a certain time to the source tweet r which initiates the circulation, and E is a set of directed edges corresponding to the response relation among the nodes in V . If there exists a directed edge from v i to v j , it means v j is a direct response to v i .</p><p>More specifically, each node v ∈ V is represented as a tuple v = (u v , c v , t v ), which provides the following information: u v is the creator of the post, c v represents the text content of the post, and t v is the time lag between the source tweet r and v. In our case, u v contains attributes of the user such as # of followers/friends, verification status, # of history posts, etc., c v is a vector of binary features based on uni-grams and/or bi-grams representing the post's content.</p></div>
<div xmlns="http://www.tei-c.org/ns/1.0"><head n="4">Propagation Tree Kernel Modeling</head><p>In this section, we describe our rumor detection model based on propagation trees using kernel method called Propagation Tree Kernel (PTK). Our task is, given a propagation tree T (r) of a source tweet r, to predict the label of r.</p></div>
<div xmlns="http://www.tei-c.org/ns/1.0"><head n="4.1">Background of Tree Kernel</head><p>Before presenting our proposed algorithm, we briefly present the traditional tree kernel, which our PTK model is based on.</p><p>Tree kernel was designed to compute the syntactic and semantic similarity between two natural language sentences by implicitly counting the number of common subtrees between their corresponding parse trees. Given a syntactic parse tree, each node with its children is associated with a grammar production rule. <ref type="figure" target="#fig_1">Figure 3</ref> illustrates the syntactic parse tree of "cut a tree" and its subtrees. A subtree is defined as any subgraph which has more than one nodes, with the restriction that entire (not partial) rule productions must be included. For example, the fragment [NP [D a]] is excluded because it contains only part of the production NP → D N <ref type="bibr" target="#b1">(Collins and Duffy, 2001)</ref>.</p><p>Following <ref type="bibr" target="#b1">Collins and Duffy (2001)</ref>, given two parse trees T 1 and T 2 , the kernel function</p><formula xml:id="formula_0">K(T 1 , T 2 ) is defined as: v i ∈V 1 v j ∈V 2 ∆(v i , v j )<label>(1)</label></formula><p>where V 1 and V 2 are the sets of all nodes respectively in T 1 and T 2 , and each node is associated with a production rule, and ∆(v i , v j ) evaluates the common subtrees rooted at v i and v j . ∆(v i , v j ) can be computed using the following recursive procedure <ref type="bibr" target="#b1">(Collins and Duffy, 2001)</ref>:</p><formula xml:id="formula_1">1) if the production rules at v i and v j are differ- ent, then ∆(v i , v j ) = 0;</formula><p>2) else if the production rules at v i and v j are same, and v i and v j have only leaf children (i.e., they are pre-terminal symbols), then</p><formula xml:id="formula_2">∆(v i , v j ) = λ; 3) else ∆(v i , v j ) = λ min(nc(v i ),nc(v j )) k=1 (1 + ∆(ch(v i , k), ch(v j , k))).</formula><p>where nc(v) is the number of children of node v, ch(v, k) is the k-th child of node v, and λ (0 &lt; λ ≤ 1) is a decay factor. λ = 1 yields the number of common subtrees; λ &lt; 1 down weighs the contribution of larger subtrees to make the kernel value less variable with respect to subtree size.</p></div>
<div xmlns="http://www.tei-c.org/ns/1.0"><head n="4.2">Our PTK Model</head><p>To classify propagation trees, we can calculate the similarity between the trees, which is supposed to reflect the distinction of different types of rumors and non-rumors based on structural, linguistic and temporal properties. However, existing tree kernels cannot be readily applied on propagation trees because 1) unlike parse tree where the node is represented by enumerable nominal value (e.g., part-of-speech tag), the propagation tree node is given as a vector of continuous numerical values representing the basic properties of the node; 2) the similarity of two parse trees is based on the count of common subtrees, for which the commonality of subtrees is evaluated by checking if the same production rules and the same children are associated with the nodes in two subtrees being compared, whereas in our context the similarity function should be defined softly since hardly two nodes from different propagation trees are same.</p><p>With the representation of propagation tree, we first define a function f to evaluate the similarity between two nodes v i and v j (we simplify the node representation for instance v i = (u i , c i , t i )) as the following:</p><formula xml:id="formula_3">f (v i , v j ) = e −t (αE(u i , u j ) + (1 − α)J (c i , c j ))</formula><p>where t = |t i − t j | is the absolute difference between the time lags of v i and v j , E and J are user-based similarity and content-based similarity, respectively, and α is the trade-off parameter. The intuition of using exponential function of t to scale down the similarity is to capture the discriminant signals or patterns at the different stages of propagation. For example, a questioning message posted very early may signal a false rumor while the same posted far later from initial post may indicate the rumor is still unverified, despite that the two messages are semantically similar.</p><p>The user-based similarity is defined as an Euclidean distance E(u i , u j ) = ||u i − u j || 2 , where u i and u j are the user vectors of node v i and v j and || • || 2 is the 2-norm of a vector. Here E is used to capture the characteristics of users participating in spreading rumors as discriminant signals, throughout the entire stage of propagation.</p><p>Contentwise, we use Jaccard coefficient to measure the similarity of post content:</p><formula xml:id="formula_4">J (c i , c j ) = |N gram(c i ) ∩ N gram(c j )| |N gram(c i ) ∪ N gram(c j )|</formula><p>where c i and c j are the sets of content words in two nodes. For n-grams here, we adopt both uni-grams and bi-grams. It can capture cue terms e.g., 'false', 'debunk', 'not true', etc. commonly occurring in rumors but not in non-rumors. Given two propagation trees T 1 = V 1 , E 1 and T 2 = V 2 , E 2 , PTK aims to compute the similarity between T 1 and T 2 iteratively based on enumerating all pairs of most similar subtrees. First, for each node v i ∈ V 1 , we obtain v i ∈ V 2 , the most similar node of v i from V 2 :</p><formula xml:id="formula_5">v i = arg max v j ∈V 2 f (v i , v j ) Similarly, for each v j ∈ V 2 , we obtain v j ∈ V 1 : v j = arg max v i ∈V 1 f (v i , v j )</formula><p>Then, the propagation tree kernel K P (T 1 , T 2 ) is defined as:</p><formula xml:id="formula_6">v i ∈V 1 Λ(v i , v i ) + v j ∈V 2 Λ(v j , v j )<label>(2)</label></formula><p>where Λ(v, v ) evaluates the similarity of two subtrees rooted at v and v , which is computed recursively as follows:</p><formula xml:id="formula_7">1) if v or v are leaf nodes, then Λ(v, v ) = f (v, v ); 2) else Λ(v, v ) = f (v, v ) min(nc(v),nc(v )) k=1</formula><p>(1 + Λ(ch(v, k), ch(v , k))) Note that unlike traditional tree kernel, in PTK the node similarity f ∈ [0, 1] is used for softly counting similar subtrees instead of common subtrees. Also, λ in tree kernel is not needed as subtree size is not an issue here thanks to node similarity f . PTK aims to capture discriminant patterns from propagation trees inclusive of user, content and temporal traits, which is inspired by prior analyses on rumors spreading, e.g., user information can be a strong clue in the initial broadcast, content features are important throughout entire propagation periods, and structural and temporal patterns help for longitudinal diffusion <ref type="bibr" target="#b26">(Zubiaga et al., 2016;</ref><ref type="bibr" target="#b6">Kwon et al., 2017)</ref>.</p></div>
<div xmlns="http://www.tei-c.org/ns/1.0"><head n="4.3">Context-Sensitive Extension of PTK</head><p>One defect of PTK is that it ignores the clues outside the subtrees, e.g., how the information propagates from source post to the current subtree. Intuitively, propagation paths provide further clue for determining the truthfulness of information since they embed the route and context of how the propagation happens. Therefore, we propose contextsensitive PTK (cPTK) by considering the propagation paths from the root of the tree to the roots of subtrees, which shares similar intuition with the context-sensitive tree kernel <ref type="bibr" target="#b25">(Zhou et al., 2007)</ref>.</p><p>For a propagation tree node v ∈ T (r), let L r v be the length (i.e., # of nodes) of the propagation path from root r to v, and v[x] be the x-th ancestor of v on the path starting from</p><formula xml:id="formula_8">v (0 ≤ x &lt; L r v , v[0] = v, v[L r v − 1] = r)</formula><p>. cPTK evaluates the similarity between two trees T 1 (r 1 ) and T 2 (r 2 ) as follows:</p><formula xml:id="formula_9">v i ∈V 1 L r 1 v i −1 x=0 Λ x (v i , v i ) + v j ∈V 2 L r 2 v j −1 x=0 Λ x (v j , v j ) (3) where Λ x (v, v ) measures the similarity of sub- trees rooted at v[x]</formula><p>and v [x] for context-sensitive evaluation, which is computed as follows:</p><formula xml:id="formula_10">1) if x &gt; 0, Λ x (v, v ) = f (v[x], v [x]), where v[x] and v [x]</formula><p>are the x-th ancestor nodes of v and v on the respective propagation path.</p><formula xml:id="formula_11">2) else Λ x (v, v ) = Λ(v, v ), namely PTK.</formula><p>Clearly, PTK is a special case of cPTK when x = 0 (see equation 3). cPTK evaluates the oc-currence of both context-free (without considering ancestors on propagation paths) and contextsensitive cases.</p></div>
<div xmlns="http://www.tei-c.org/ns/1.0"><head n="4.4">Rumor Detection via Kernel Learning</head><p>The advantage of kernel-based method is that we can avoid painstakingly engineering the features. This is possible because the kernel function can explore an implicit feature space when calculating the similarity between two objects <ref type="bibr" target="#b2">(Culotta and Sorensen, 2004)</ref>. We incorporate the proposed tree kernel functions, i.e., PTK (equation 2) or cPTK (equation 3), into a supervised learning framework, for which we utilize a kernel-based SVM classifier. We treat each tree as an instance, and its similarity values with all training instances as feature space. Therefore, the kernel matrix of training set is m × m and that of test set is n × m where m and n are the sizes of training and test sets, respectively.</p><p>For our multi-class task, we perform a one-vsall classification for each label and then assign the one with the highest likelihood among the four, i.e., non-rumor, false rumor, true rumor or unverified rumor. We choose this method due to interpretability of results, similar to recent work on occupational class classification <ref type="bibr" target="#b15">(Preotiuc-Pietro et al., 2015;</ref><ref type="bibr" target="#b9">Lukasik et al., 2015)</ref>.</p></div>
<div xmlns="http://www.tei-c.org/ns/1.0"><head n="5">Experiments and Results</head></div>
<div xmlns="http://www.tei-c.org/ns/1.0"><head n="5.1">Data Sets</head><p>To our knowledge, there is no public large dataset available for classifying propagation trees, where we need a good number of source tweets, more accurately, the tree roots together with the corresponding propagation structure, to be appropriately annotated with ground truth.</p><p>We constructed our datasets based on a couple of reference datasets, namely Twitter15 <ref type="bibr" target="#b8">(Liu et al., 2015)</ref> and Twitter16 <ref type="bibr" target="#b10">(Ma et al., 2016)</ref>. The original datasets were released and used for binary classification of rumor and non-rumor with respect to given events that contain their relevant tweets.</p><p>First, we extracted the popular source tweets 2 that are highly retweeted or replied. We then collected all the propagation threads (i.e., retweets and replies) for these source tweets. Because Twitter API cannot retrieve the retweets or replies, we gathered the retweet users for a given tweet from 2 Though unpopular tweets could be false, we ignore them as they do not draw much attention and are hardly impactful Twrench 3 and crawled the replies through Twitter's web interface. Finally, we annotated the source tweets by referring to the labels of the events they are from. We first turned the label of each event in Twitter15 and Twitter16 from binary to quaternary according to the veracity tag of the article in rumor debunking websites (e.g., snopes.com, Emergent.info, etc). Then we labeled the source tweets by following these rules: 1) Source tweets from unverified rumor events or non-rumor events are labeled the same as the corresponding event's label; 2) For a source tweet in false rumor event, we flip over the label and assign true to the source tweet if it expresses denial type of stance; otherwise, the label is assigned as false; 3) The analogous flip-over/nochange rule applies to the source tweets from true rumor events.</p><p>We make the datasets produced publicly accessible 4 . <ref type="table" target="#tab_0">Table 1</ref> gives statistics on the resulting datasets.</p></div>
<div xmlns="http://www.tei-c.org/ns/1.0"><head n="5.2">Experimental Setup</head><p>We compare our kernel-based method against the following baselines:</p><p>SVM-TS: A linear SVM classification model that uses time-series to model the variation of a set of hand-crafted features <ref type="bibr" target="#b11">(Ma et al., 2015)</ref>.</p><p>DTR: A Decision-Tree-based Ranking method to identify trending rumors <ref type="bibr" target="#b24">(Zhao et al., 2015)</ref>, which searches for enquiry phrases and clusters disputed factual claims, and ranked the clustered results based on statistical features.</p><p>DTC and SVM-RBF: The Twitter information credibility model using Decision Tree Classifier <ref type="bibr" target="#b0">(Castillo et al., 2011)</ref> and the SVM-based model with RBF kernel <ref type="bibr" target="#b22">(Yang et al., 2012)</ref>, respectively, both using hand-crafted features based on the overall statistics of the posts.</p><p>RFC: The Random Forest Classifier proposed by <ref type="bibr" target="#b6">Kwon et al. (2017)</ref> using three parameters to fit the temporal properties and an extensive set of hand-crafted features related to the user, linguistic and structure characteristics.</p><p>GRU: The RNN-based rumor detection model proposed by <ref type="bibr" target="#b10">Ma et al. (2016)</ref> with gated recurrent unit for representation learning of high-level features from relevant posts over time.</p><p>BOW: A naive baseline we worked by representing the text in each tree using bag-of-words and building the rumor classifier with linear SVM.</p><p>Our models: PTK and cPTK are our full PTK and cPTK models, respectively; PTKand cPTKare the setting of only using content while ignoring user properties.</p><p>We implemented DTC and RFC with Weka 5 , SVM models with LibSVM 6 and GRU with Theano 7 . We held out 10% of the trees in each dataset for model tuning, and for the rest of the trees, we performed 3-fold cross-validation. We used accuracy, F 1 measure as evaluation metrics. <ref type="table" target="#tab_1">Table 2</ref> shows that our proposed methods outperform all the baselines on both datasets.</p></div>
<div xmlns="http://www.tei-c.org/ns/1.0"><head n="5.3">Experimental Results</head><p>Among all baselines, GRU performs the best, which learns the low-dimensional representation of responsive tweets by capturing the textual and temporal information. This indicates the effectiveness of complex signals indicative of rumors beyond cue words or phrases (e.g., "what?", "really?", "not sure", etc.). This also justifies the good performance of BOW even though it only uses uni-grams for representation. Although DTR uses a set of regular expressions, we found only 19.59% and 22.21% tweets in our datasets containing these expressions. That is why the results of DTR are not satisfactory.</p><p>SVM-TS and RFC are comparable because both of them utilize an extensive set of features especially focusing on temporal traits. But none of the models can directly incorporate structured propagation patterns for deep similarity compar- ison between propagation trees. SVM-RBF, although using a non-linear kernel, is based on traditional hand-crafted features instead of the structural kernel like ours. So, they performed obviously worse than our approach.</p><p>Representation learning methods like GRU cannot easily utilize complex structural information for learning important features from our networked data. In contrast, our models can capture complex propagation patterns from structured data rich of linguistic, user and temporal signals. Therefore, the superiority of our models is clear: PTKwhich only uses text is already better than GRU, demonstrating the importance of propagation structures. PTK that combines text and user yields better results on both datasets, implying that both properties are complementary and PTK integrating flat and structured information is obviously more effective.</p><p>It is also observed that cPTK outperforms PTK except for non-rumor class. This suggests the context-sensitive modeling based on PTK is effective for different types of rumors, but for non- The example subtree of a rumor captured by the algorithm at early stage of propagation rumors, it seems that considering context of propagation path is not always helpful. This might be due to the generally weak signals originated from node properties on the paths during non-rumor's diffusion since user distribution patterns in nonrumors do not seem as obvious as in rumors. This is not an issue in cPTKsince user information is not considered at all. Over all classes, cPTK achieves the highest accuracies on both datasets. Furthermore, we observe that all the baseline methods perform much better on non-rumors than on rumors. This is because the features of existing methods were defined for a binary (rumor vs. non-rumor) classification problem. So, they do not perform well for finer-grained classes. Our ap-proach can differentiate various classes much better by deep, detailed comparison of different patterns based on propagation structure.</p></div>
<div xmlns="http://www.tei-c.org/ns/1.0"><head n="5.4">Early Detection Performance</head><p>Detecting rumors at an early stage of propagation is very important so that preventive measures could be taken as quickly as possible. In early detection task, all the posts after a detection deadline are invisible during test. The earlier the deadline, the less propagation information can be available. <ref type="figure">Figure 4</ref> shows the performances of our PTK and cPTK models versus RFC (the best system based on feature engineering), GRU (the best system based on RNN) and DTR (an early-detection-specific algorithm) against various deadlines. In the first few hours, our approach demonstrates superior early detection performance than other models. Particularly, cPTK achieve 75% accuracy on Twitter15 and 73% on Twitter16 within 24 hours, that is much faster than other models.</p><p>Our analysis shows that rumors typically demonstrate more complex propagation substructures especially at early stage. <ref type="figure">Figure 5</ref> shows a detected subtree of a false rumor spread in its first few hours, where influential users are somehow captured to boost its propagation and the information flows among the users with an obvious unpopular-to-popular-to-unpopular trend in terms of user popularity, but such pattern was not witnessed in non-rumors in early stage. Many textual signals (underlined) can also be observed in that early period. Our method can learn such structures and patterns naturally, but it is difficult to know and hand-craft them in feature engineering.</p></div>
<div xmlns="http://www.tei-c.org/ns/1.0"><head n="6">Conclusion and Future Work</head><p>We propose a novel approach for detecting rumors in microblog posts based on kernel learning method using propagation trees. A propagation tree encodes the spread of a hypothesis (i.e., a source tweet) with complex structured patterns and flat information regarding content, user and time associated with the tree nodes. Enlightened by tree kernel techniques, our kernel method learns discriminant clues for identifying rumors of finer-grained levels by directly measuring the similarity among propagation trees via kernel functions. Experiments on two Twitter datasets show that our approach outperforms stateof-the-art baselines with large margin for both general and early rumor detection tasks.</p><p>Since kernel-based approach covers more structural information than feature-based methods, it allows kernel to further incorporate information from a high dimensional space for possibly better discrimination. In the future, we will focus on improving the rumor detection task by exploring network representation learning framework. Moreover, we plan to investigate unsupervised models considering massive unlabeled rumorous data from social media.</p></div><figure xmlns="http://www.tei-c.org/ns/1.0" xml:id="fig_0"><head>Figure 1 :</head><label>1</label><figDesc>An illustration of how the rumor about "buses used to ship in paid anti-Trump protesters to Austin, Texas" becomes viral, where '*' indicates the level of influence.</figDesc></figure>
<figure xmlns="http://www.tei-c.org/ns/1.0" xml:id="fig_1"><head>Figure 3 :</head><label>3</label><figDesc>A syntactic parse tree and subtrees.</figDesc></figure>
<figure xmlns="http://www.tei-c.org/ns/1.0" xml:id="fig_2"><head>Figure 4 :Figure 5 :</head><label>45</label><figDesc>Results of rumor early detection</figDesc></figure>
<figure xmlns="http://www.tei-c.org/ns/1.0" type="table" xml:id="tab_0" validated="false"><head>Table 1 :</head><label>1</label><figDesc>Statistics of the datasets</figDesc><table>Statistic 
Twitter15 
Twitter16 
# of users 
276,663 
173,487 
# of source tweets 
1,490 
818 
# of threads 
331,612 
204,820 
# of non-rumors 
374 
205 
# of false rumors 
370 
205 
# of true rumors 
372 
205 
# of unverified rumors 374 
203 
Avg. time length / tree 1,337 Hours 848 Hours 
Avg. # of posts / tree 
223 
251 
Max # of posts / tree 
1,768 
2,765 
Min # of posts / tree 
55 
81 

</table></figure>
<figure xmlns="http://www.tei-c.org/ns/1.0" type="table" xml:id="tab_1" validated="true"><head>Table 2 :</head><label>2</label><figDesc>Rumor detection results (NR: Non-Rumor; FR: False Rumor; TR: True Rumor; UR:</figDesc><table>Unverified Rumor) 

(a) Twitter15 Dataset 

Method 
NR 
FR 
TR 
UR 
Acc. 
F1 
F1 
F1 
F1 
DTR 0.409 0.501 0.311 0.364 0.473 
SVM-RBF 0.318 0.455 0.037 0.218 0.225 
DTC 0.454 0.733 0.355 0.317 0.415 
SVM-TS 0.544 0.796 0.472 0.404 0.483 
RFC 0.565 0.810 0.422 0.401 0.543 
GRU 0.646 0.792 0.574 0.608 0.592 
BOW 0.548 0.564 0.524 0.582 0.512 
PTK-0.657 0.734 0.624 0.673 0.612 
cPTK-0.697 0.760 0.645 0.696 0.689 
PTK 0.710 0.825 0.685 0.688 0.647 
cPTK 0.750 0.804 0.698 0.765 0.733 

(b) Twitter16 Dataset 

Method 
NR 
FR 
TR 
UR 
Acc. 
F1 
F1 
F1 
F1 
DTR 0.414 0.394 0.273 0.630 0.344 
SVM-RBF 0.321 0.423 0.085 0.419 0.037 
DTC 0.465 0.643 0.393 0.419 0.403 
SVM-TS 0.574 0.755 0.420 0.571 0.526 
RFC 0.585 0.752 0.415 0.547 0.563 
GRU 0.633 0.772 0.489 0.686 0.593 
BOW 0.585 0.553 0.556 0.655 0.578 
PTK-0.653 0.673 0.640 0.722 0.567 
cPTK-0.702 0.711 0.664 0.816 0.608 
PTK 0.722 0.784 0.690 0.786 0.644 
cPTK 0.732 0.740 0.709 0.836 0.686 

</table></figure>
			<note xmlns="http://www.tei-c.org/ns/1.0" place="foot" n="1">https://www.nytimes.com/2016/11/20/ business/media/how-fake-news-spreads. html</note>
			<note xmlns="http://www.tei-c.org/ns/1.0" place="foot" n="3">https://twren.ch 4 https://www.dropbox.com/s/ 7ewzdrbelpmrnxu/rumdetect2017.zip?dl=0</note>
			<note xmlns="http://www.tei-c.org/ns/1.0" place="foot" n="5">http://www.cs.waikato.ac.nz/ml/weka/ 6 https://www.csie.ntu.edu.tw/˜cjlin/ libsvm/ 7 http://deeplearning.net/software/ theano/</note>
		</body>
		<back>

			<div type="acknowledgement">
<div xmlns="http://www.tei-c.org/ns/1.0"><head>Acknowledgment</head><p>This work is partly supported by General Research Fund of Hong Kong (14232816). We would like to thank anonymous reviewers for the insightful comments.</p></div>
			</div>

			<div type="references">

				<listBibl>

<biblStruct xml:id="b0">
	<analytic>
		<title level="a" type="main">Information credibility on twitter</title>
		<author>
			<persName xmlns="http://www.tei-c.org/ns/1.0"><forename type="first">Carlos</forename><surname>Castillo</surname></persName>
		</author>
		<author>
			<persName xmlns="http://www.tei-c.org/ns/1.0"><forename type="first">Marcelo</forename><surname>Mendoza</surname></persName>
		</author>
		<author>
			<persName xmlns="http://www.tei-c.org/ns/1.0"><forename type="first">Barbara</forename><surname>Poblete</surname></persName>
		</author>
	</analytic>
	<monogr>
		<title level="m">Proceedings of WWW</title>
		<meeting>WWW</meeting>
		<imprint>
			<date type="published" when="2011" />
		</imprint>
	</monogr>
</biblStruct>

<biblStruct xml:id="b1">
	<analytic>
		<title level="a" type="main">Convolution kernels for natural language</title>
		<author>
			<persName xmlns="http://www.tei-c.org/ns/1.0"><forename type="first">Michael</forename><surname>Collins</surname></persName>
		</author>
		<author>
			<persName xmlns="http://www.tei-c.org/ns/1.0"><forename type="first">Nigel</forename><surname>Duffy</surname></persName>
		</author>
	</analytic>
	<monogr>
		<title level="m">Advances in neural information processing systems</title>
		<imprint>
			<date type="published" when="2001" />
			<biblScope unit="page" from="625" to="632" />
		</imprint>
	</monogr>
</biblStruct>

<biblStruct xml:id="b2">
	<analytic>
		<title level="a" type="main">Dependency tree kernels for relation extraction</title>
		<author>
			<persName xmlns="http://www.tei-c.org/ns/1.0"><forename type="first">Aron</forename><surname>Culotta</surname></persName>
		</author>
		<author>
			<persName xmlns="http://www.tei-c.org/ns/1.0"><forename type="first">Jeffrey</forename><surname>Sorensen</surname></persName>
		</author>
	</analytic>
	<monogr>
		<title level="m">Proceedings of the 42nd annual meeting on association for computational linguistics. Association for Computational Linguistics</title>
		<meeting>the 42nd annual meeting on association for computational linguistics. Association for Computational Linguistics</meeting>
		<imprint>
			<date type="published" when="2004" />
			<biblScope unit="page">423</biblScope>
		</imprint>
	</monogr>
</biblStruct>

<biblStruct xml:id="b3">
	<analytic>
		<title level="a" type="main">Rumor, gossip and urban legends</title>
		<author>
			<persName xmlns="http://www.tei-c.org/ns/1.0"><forename type="first">Nicholas</forename><surname>Difonzo</surname></persName>
		</author>
		<author>
			<persName xmlns="http://www.tei-c.org/ns/1.0"><forename type="first">Prashant</forename><surname>Bordia</surname></persName>
		</author>
	</analytic>
	<monogr>
		<title level="j">Diogenes</title>
		<imprint>
			<biblScope unit="volume">54</biblScope>
			<biblScope unit="issue">1</biblScope>
			<biblScope unit="page" from="19" to="35" />
			<date type="published" when="2007" />
		</imprint>
	</monogr>
</biblStruct>

<biblStruct xml:id="b4">
	<analytic>
		<title level="a" type="main">Rumor cascades</title>
		<author>
			<persName xmlns="http://www.tei-c.org/ns/1.0"><forename type="first">Adrien</forename><surname>Friggeri</surname></persName>
		</author>
		<author>
			<persName xmlns="http://www.tei-c.org/ns/1.0"><forename type="first">A</forename><surname>Lada</surname></persName>
		</author>
		<author>
			<persName xmlns="http://www.tei-c.org/ns/1.0"><forename type="first">Dean</forename><surname>Adamic</surname></persName>
		</author>
		<author>
			<persName xmlns="http://www.tei-c.org/ns/1.0"><forename type="first">Justin</forename><surname>Eckles</surname></persName>
		</author>
		<author>
			<persName xmlns="http://www.tei-c.org/ns/1.0"><surname>Cheng</surname></persName>
		</author>
	</analytic>
	<monogr>
		<title level="m">Proceedings of ICWSM</title>
		<meeting>ICWSM</meeting>
		<imprint>
			<date type="published" when="2014" />
		</imprint>
	</monogr>
</biblStruct>

<biblStruct xml:id="b5">
	<analytic>
		<title level="a" type="main">Get back! you don&apos;t know me like that: The social mediation of fact checking interventions in twitter conversations</title>
		<author>
			<persName xmlns="http://www.tei-c.org/ns/1.0"><forename type="first">Aniko</forename><surname>Hannak</surname></persName>
		</author>
		<author>
			<persName xmlns="http://www.tei-c.org/ns/1.0"><forename type="first">Drew</forename><surname>Margolin</surname></persName>
		</author>
		<author>
			<persName xmlns="http://www.tei-c.org/ns/1.0"><forename type="first">Brian</forename><surname>Keegan</surname></persName>
		</author>
		<author>
			<persName xmlns="http://www.tei-c.org/ns/1.0"><forename type="first">Ingmar</forename><surname>Weber</surname></persName>
		</author>
	</analytic>
	<monogr>
		<title level="m">ICWSM</title>
		<imprint>
			<date type="published" when="2014" />
		</imprint>
	</monogr>
</biblStruct>

<biblStruct xml:id="b6">
	<analytic>
		<title level="a" type="main">Rumor detection over varying time windows</title>
		<author>
			<persName xmlns="http://www.tei-c.org/ns/1.0"><forename type="first">Meeyoung</forename><surname>Sejeong Kwon</surname></persName>
		</author>
		<author>
			<persName xmlns="http://www.tei-c.org/ns/1.0"><forename type="first">Kyomin</forename><surname>Cha</surname></persName>
		</author>
		<author>
			<persName xmlns="http://www.tei-c.org/ns/1.0"><surname>Jung</surname></persName>
		</author>
	</analytic>
	<monogr>
		<title level="j">PLOS ONE</title>
		<imprint>
			<biblScope unit="volume">12</biblScope>
			<biblScope unit="issue">1</biblScope>
			<biblScope unit="page">168344</biblScope>
			<date type="published" when="2017" />
		</imprint>
	</monogr>
</biblStruct>

<biblStruct xml:id="b7">
	<analytic>
		<title level="a" type="main">Prominent features of rumor propagation in online social media</title>
		<author>
			<persName xmlns="http://www.tei-c.org/ns/1.0"><forename type="first">Meeyoung</forename><surname>Sejeong Kwon</surname></persName>
		</author>
		<author>
			<persName xmlns="http://www.tei-c.org/ns/1.0"><forename type="first">Kyomin</forename><surname>Cha</surname></persName>
		</author>
		<author>
			<persName xmlns="http://www.tei-c.org/ns/1.0"><forename type="first">Wei</forename><surname>Jung</surname></persName>
		</author>
		<author>
			<persName xmlns="http://www.tei-c.org/ns/1.0"><forename type="first">Yajun</forename><surname>Chen</surname></persName>
		</author>
		<author>
			<persName xmlns="http://www.tei-c.org/ns/1.0"><surname>Wang</surname></persName>
		</author>
	</analytic>
	<monogr>
		<title level="m">Proceedings of ICDM</title>
		<meeting>ICDM</meeting>
		<imprint>
			<date type="published" when="2013" />
		</imprint>
	</monogr>
</biblStruct>

<biblStruct xml:id="b8">
	<analytic>
		<title level="a" type="main">Real-time rumor debunking on twitter</title>
		<author>
			<persName xmlns="http://www.tei-c.org/ns/1.0"><forename type="first">Xiaomo</forename><surname>Liu</surname></persName>
		</author>
		<author>
			<persName xmlns="http://www.tei-c.org/ns/1.0"><forename type="first">Armineh</forename><surname>Nourbakhsh</surname></persName>
		</author>
		<author>
			<persName xmlns="http://www.tei-c.org/ns/1.0"><forename type="first">Quanzhi</forename><surname>Li</surname></persName>
		</author>
		<author>
			<persName xmlns="http://www.tei-c.org/ns/1.0"><forename type="first">Rui</forename><surname>Fang</surname></persName>
		</author>
		<author>
			<persName xmlns="http://www.tei-c.org/ns/1.0"><forename type="first">Sameena</forename><surname>Shah</surname></persName>
		</author>
	</analytic>
	<monogr>
		<title level="m">Proceedings of CIKM</title>
		<meeting>CIKM</meeting>
		<imprint>
			<date type="published" when="2015" />
		</imprint>
	</monogr>
</biblStruct>

<biblStruct xml:id="b9">
	<monogr>
		<title level="m" type="main">Classifying tweet level judgements of rumours in social media</title>
		<author>
			<persName xmlns="http://www.tei-c.org/ns/1.0"><forename type="first">Michal</forename><surname>Lukasik</surname></persName>
		</author>
		<author>
			<persName xmlns="http://www.tei-c.org/ns/1.0"><forename type="first">Trevor</forename><surname>Cohn</surname></persName>
		</author>
		<author>
			<persName xmlns="http://www.tei-c.org/ns/1.0"><forename type="first">Kalina</forename><surname>Bontcheva</surname></persName>
		</author>
		<idno type="arXiv">arXiv:1506.00468</idno>
		<imprint>
			<date type="published" when="2015" />
		</imprint>
	</monogr>
	<note type="report_type">arXiv preprint</note>
</biblStruct>

<biblStruct xml:id="b10">
	<analytic>
		<title level="a" type="main">Detecting rumors from microblogs with recurrent neural networks</title>
		<author>
			<persName xmlns="http://www.tei-c.org/ns/1.0"><forename type="first">Jing</forename><surname>Ma</surname></persName>
		</author>
		<author>
			<persName xmlns="http://www.tei-c.org/ns/1.0"><forename type="first">Wei</forename><surname>Gao</surname></persName>
		</author>
		<author>
			<persName xmlns="http://www.tei-c.org/ns/1.0"><forename type="first">Prasenjit</forename><surname>Mitra</surname></persName>
		</author>
		<author>
			<persName xmlns="http://www.tei-c.org/ns/1.0"><forename type="first">Sejeong</forename><surname>Kwon</surname></persName>
		</author>
		<author>
			<persName xmlns="http://www.tei-c.org/ns/1.0"><forename type="first">J</forename><surname>Bernard</surname></persName>
		</author>
		<author>
			<persName xmlns="http://www.tei-c.org/ns/1.0"><forename type="first">Kam-Fai</forename><surname>Jansen</surname></persName>
		</author>
		<author>
			<persName xmlns="http://www.tei-c.org/ns/1.0"><forename type="first">Meeyoung</forename><surname>Wong</surname></persName>
		</author>
		<author>
			<persName xmlns="http://www.tei-c.org/ns/1.0"><surname>Cha</surname></persName>
		</author>
	</analytic>
	<monogr>
		<title level="m">Proceedings of IJCAI</title>
		<meeting>IJCAI</meeting>
		<imprint>
			<date type="published" when="2016" />
		</imprint>
	</monogr>
</biblStruct>

<biblStruct xml:id="b11">
	<analytic>
		<title level="a" type="main">Detect rumors using time series of social context information on microblogging websites</title>
		<author>
			<persName xmlns="http://www.tei-c.org/ns/1.0"><forename type="first">Jing</forename><surname>Ma</surname></persName>
		</author>
		<author>
			<persName xmlns="http://www.tei-c.org/ns/1.0"><forename type="first">Wei</forename><surname>Gao</surname></persName>
		</author>
		<author>
			<persName xmlns="http://www.tei-c.org/ns/1.0"><forename type="first">Zhongyu</forename><surname>Wei</surname></persName>
		</author>
		<author>
			<persName xmlns="http://www.tei-c.org/ns/1.0"><forename type="first">Yueming</forename><surname>Lu</surname></persName>
		</author>
		<author>
			<persName xmlns="http://www.tei-c.org/ns/1.0"><forename type="first">Kam-Fai</forename><surname>Wong</surname></persName>
		</author>
	</analytic>
	<monogr>
		<title level="m">Proceedings of CIKM</title>
		<meeting>CIKM</meeting>
		<imprint>
			<date type="published" when="2015" />
		</imprint>
	</monogr>
</biblStruct>

<biblStruct xml:id="b12">
	<analytic>
		<title level="a" type="main">Tweeting is believing?: understanding microblog credibility perceptions</title>
		<author>
			<persName xmlns="http://www.tei-c.org/ns/1.0"><forename type="first">Meredith Ringel</forename><surname>Morris</surname></persName>
		</author>
		<author>
			<persName xmlns="http://www.tei-c.org/ns/1.0"><forename type="first">Scott</forename><surname>Counts</surname></persName>
		</author>
		<author>
			<persName xmlns="http://www.tei-c.org/ns/1.0"><forename type="first">Asta</forename><surname>Roseway</surname></persName>
		</author>
		<author>
			<persName xmlns="http://www.tei-c.org/ns/1.0"><forename type="first">Aaron</forename><surname>Hoff</surname></persName>
		</author>
		<author>
			<persName xmlns="http://www.tei-c.org/ns/1.0"><forename type="first">Julia</forename><surname>Schwarz</surname></persName>
		</author>
	</analytic>
	<monogr>
		<title level="m">Proceedings of the ACM 2012 conference on Computer Supported Cooperative Work</title>
		<meeting>the ACM 2012 conference on Computer Supported Cooperative Work</meeting>
		<imprint>
			<publisher>ACM</publisher>
			<date type="published" when="2012" />
			<biblScope unit="page" from="441" to="450" />
		</imprint>
	</monogr>
</biblStruct>

<biblStruct xml:id="b13">
	<analytic>
		<title level="a" type="main">A study on convolution kernels for shallow semantic parsing</title>
		<author>
			<persName xmlns="http://www.tei-c.org/ns/1.0"><forename type="first">Alessandro</forename><surname>Moschitti</surname></persName>
		</author>
	</analytic>
	<monogr>
		<title level="m">Proceedings of the 42nd Annual Meeting on Association for Computational Linguistics. Association for Computational Linguistics</title>
		<meeting>the 42nd Annual Meeting on Association for Computational Linguistics. Association for Computational Linguistics</meeting>
		<imprint>
			<date type="published" when="2004" />
			<biblScope unit="page">335</biblScope>
		</imprint>
	</monogr>
</biblStruct>

<biblStruct xml:id="b14">
	<analytic>
		<title level="a" type="main">Efficient convolution kernels for dependency and constituent syntactic trees</title>
		<author>
			<persName xmlns="http://www.tei-c.org/ns/1.0"><forename type="first">Alessandro</forename><surname>Moschitti</surname></persName>
		</author>
	</analytic>
	<monogr>
		<title level="m">European Conference on Machine Learning</title>
		<imprint>
			<publisher>Springer</publisher>
			<date type="published" when="2006" />
			<biblScope unit="page" from="318" to="329" />
		</imprint>
	</monogr>
</biblStruct>

<biblStruct xml:id="b15">
	<analytic>
		<title level="a" type="main">An analysis of the user occupational class through twitter content</title>
		<author>
			<persName xmlns="http://www.tei-c.org/ns/1.0"><forename type="first">Daniel</forename><surname>Preotiuc-Pietro</surname></persName>
		</author>
		<author>
			<persName xmlns="http://www.tei-c.org/ns/1.0"><forename type="first">Vasileios</forename><surname>Lampos</surname></persName>
		</author>
		<author>
			<persName xmlns="http://www.tei-c.org/ns/1.0"><forename type="first">Nikolaos</forename><surname>Aletras</surname></persName>
		</author>
	</analytic>
	<monogr>
		<title level="m">Proceedings of the 53rd Annual Meeting of the Association for Computational Linguistics</title>
		<meeting>the 53rd Annual Meeting of the Association for Computational Linguistics</meeting>
		<imprint>
			<date type="published" when="2015" />
			<biblScope unit="page" from="1754" to="1764" />
		</imprint>
	</monogr>
	<note>Association for Computational Linguistics</note>
</biblStruct>

<biblStruct xml:id="b16">
	<analytic>
		<title level="a" type="main">Rumor has it: Identifying misinformation in microblogs</title>
		<author>
			<persName xmlns="http://www.tei-c.org/ns/1.0"><forename type="first">Emily</forename><surname>Vahed Qazvinian</surname></persName>
		</author>
		<author>
			<persName xmlns="http://www.tei-c.org/ns/1.0"><surname>Rosengren</surname></persName>
		</author>
		<author>
			<persName xmlns="http://www.tei-c.org/ns/1.0"><forename type="first">Qiaozhu</forename><surname>Dragomir R Radev</surname></persName>
		</author>
		<author>
			<persName xmlns="http://www.tei-c.org/ns/1.0"><surname>Mei</surname></persName>
		</author>
	</analytic>
	<monogr>
		<title level="m">Proceedings of the Conference on Empirical Methods in Natural Language Processing. Association for Computational Linguistics</title>
		<meeting>the Conference on Empirical Methods in Natural Language Processing. Association for Computational Linguistics</meeting>
		<imprint>
			<date type="published" when="2011" />
			<biblScope unit="page" from="1589" to="1599" />
		</imprint>
	</monogr>
</biblStruct>

<biblStruct xml:id="b17">
	<analytic>
		<title level="a" type="main">Inside rumor: A personal journey</title>
		<author>
			<persName xmlns="http://www.tei-c.org/ns/1.0"><surname>Ralph L Rosnow</surname></persName>
		</author>
	</analytic>
	<monogr>
		<title level="j">American Psychologist</title>
		<imprint>
			<biblScope unit="volume">46</biblScope>
			<biblScope unit="issue">5</biblScope>
			<biblScope unit="page">484</biblScope>
			<date type="published" when="1991" />
		</imprint>
	</monogr>
</biblStruct>

<biblStruct xml:id="b18">
	<analytic>
		<title level="a" type="main">Exploring syntactic structural features for sub-tree alignment using bilingual tree kernels</title>
		<author>
			<persName xmlns="http://www.tei-c.org/ns/1.0"><forename type="first">Jun</forename><surname>Sun</surname></persName>
		</author>
		<author>
			<persName xmlns="http://www.tei-c.org/ns/1.0"><forename type="first">Min</forename><surname>Zhang</surname></persName>
		</author>
		<author>
			<persName xmlns="http://www.tei-c.org/ns/1.0"><forename type="first">Chew Lim</forename><surname>Tan</surname></persName>
		</author>
	</analytic>
	<monogr>
		<title level="m">Proceedings of the 48th Annual Meeting of the Association for Computational Linguistics</title>
		<meeting>the 48th Annual Meeting of the Association for Computational Linguistics</meeting>
		<imprint>
			<publisher>Association for Computational Linguistics</publisher>
			<date type="published" when="2010" />
			<biblScope unit="page" from="306" to="315" />
		</imprint>
	</monogr>
</biblStruct>

<biblStruct xml:id="b19">
	<analytic>
		<title level="a" type="main">Detecting event rumors on sina weibo automatically</title>
		<author>
			<persName xmlns="http://www.tei-c.org/ns/1.0"><forename type="first">Shengyun</forename><surname>Sun</surname></persName>
		</author>
		<author>
			<persName xmlns="http://www.tei-c.org/ns/1.0"><forename type="first">Hongyan</forename><surname>Liu</surname></persName>
		</author>
	</analytic>
	<monogr>
		<title level="m">Web Technologies and Applications</title>
		<imprint>
			<publisher>Springer</publisher>
			<date type="published" when="2013" />
			<biblScope unit="page" from="120" to="131" />
		</imprint>
	</monogr>
	<note>Jun He, and Xiaoyong Du</note>
</biblStruct>

<biblStruct xml:id="b20">
	<monogr>
		<title level="m" type="main">On rumors: How falsehoods spread, why we believe them, and what can be done</title>
		<author>
			<persName xmlns="http://www.tei-c.org/ns/1.0"><surname>Cass R Sunstein</surname></persName>
		</author>
		<imprint>
			<date type="published" when="2014" />
			<publisher>Princeton University Press</publisher>
		</imprint>
	</monogr>
</biblStruct>

<biblStruct xml:id="b21">
	<analytic>
		<title level="a" type="main">False rumors detection on sina weibo by propagation structures</title>
		<author>
			<persName xmlns="http://www.tei-c.org/ns/1.0"><forename type="first">Ke</forename><surname>Wu</surname></persName>
		</author>
		<author>
			<persName xmlns="http://www.tei-c.org/ns/1.0"><forename type="first">Song</forename><surname>Yang</surname></persName>
		</author>
		<author>
			<persName xmlns="http://www.tei-c.org/ns/1.0"><forename type="first">Kenny</forename><forename type="middle">Q</forename><surname>Zhu</surname></persName>
		</author>
	</analytic>
	<monogr>
		<title level="m">2015 IEEE 31st International Conference on Data Engineering (ICDE)</title>
		<imprint>
			<publisher>IEEE</publisher>
			<date type="published" when="2015" />
			<biblScope unit="page" from="651" to="662" />
		</imprint>
	</monogr>
</biblStruct>

<biblStruct xml:id="b22">
	<analytic>
		<title level="a" type="main">Automatic detection of rumor on sina weibo</title>
		<author>
			<persName xmlns="http://www.tei-c.org/ns/1.0"><forename type="first">Fan</forename><surname>Yang</surname></persName>
		</author>
		<author>
			<persName xmlns="http://www.tei-c.org/ns/1.0"><forename type="first">Yang</forename><surname>Liu</surname></persName>
		</author>
		<author>
			<persName xmlns="http://www.tei-c.org/ns/1.0"><forename type="first">Xiaohui</forename><surname>Yu</surname></persName>
		</author>
		<author>
			<persName xmlns="http://www.tei-c.org/ns/1.0"><forename type="first">Min</forename><surname>Yang</surname></persName>
		</author>
	</analytic>
	<monogr>
		<title level="m">Proceedings of the ACM SIGKDD Workshop on Mining Data Semantics</title>
		<meeting>the ACM SIGKDD Workshop on Mining Data Semantics</meeting>
		<imprint>
			<date type="published" when="2012" />
		</imprint>
	</monogr>
</biblStruct>

<biblStruct xml:id="b23">
	<analytic>
		<title level="a" type="main">Exploring syntactic structured features over parse trees for relation extraction using kernel methods. Information processing</title>
		<author>
			<persName xmlns="http://www.tei-c.org/ns/1.0"><forename type="first">Min</forename><surname>Zhang</surname></persName>
		</author>
		<author>
			<persName xmlns="http://www.tei-c.org/ns/1.0"><forename type="first">Guodong</forename><surname>Zhou</surname></persName>
		</author>
		<author>
			<persName xmlns="http://www.tei-c.org/ns/1.0"><forename type="first">Aiti</forename><surname>Aw</surname></persName>
		</author>
	</analytic>
	<monogr>
		<title level="j">&amp; management</title>
		<imprint>
			<biblScope unit="volume">44</biblScope>
			<biblScope unit="issue">2</biblScope>
			<biblScope unit="page" from="687" to="701" />
			<date type="published" when="2008" />
		</imprint>
	</monogr>
</biblStruct>

<biblStruct xml:id="b24">
	<analytic>
		<title level="a" type="main">Enquiring minds: Early detection of rumors in social media from enquiry posts</title>
		<author>
			<persName xmlns="http://www.tei-c.org/ns/1.0"><forename type="first">Zhe</forename><surname>Zhao</surname></persName>
		</author>
		<author>
			<persName xmlns="http://www.tei-c.org/ns/1.0"><forename type="first">Paul</forename><surname>Resnick</surname></persName>
		</author>
		<author>
			<persName xmlns="http://www.tei-c.org/ns/1.0"><forename type="first">Qiaozhu</forename><surname>Mei</surname></persName>
		</author>
	</analytic>
	<monogr>
		<title level="m">Proceedings of WWW</title>
		<meeting>WWW</meeting>
		<imprint>
			<date type="published" when="2015" />
		</imprint>
	</monogr>
</biblStruct>

<biblStruct xml:id="b25">
	<analytic>
		<title level="a" type="main">Tree kernel-based relation extraction with context-sensitive structured parse tree information</title>
		<author>
			<persName xmlns="http://www.tei-c.org/ns/1.0"><forename type="first">Guodong</forename><surname>Zhou</surname></persName>
		</author>
		<author>
			<persName xmlns="http://www.tei-c.org/ns/1.0"><forename type="first">Min</forename><surname>Zhang</surname></persName>
		</author>
		<author>
			<persName xmlns="http://www.tei-c.org/ns/1.0"><forename type="first">Dong</forename><forename type="middle">Hong</forename><surname>Ji</surname></persName>
		</author>
		<author>
			<persName xmlns="http://www.tei-c.org/ns/1.0"><forename type="first">Qiaoming</forename><surname>Zhu</surname></persName>
		</author>
	</analytic>
	<monogr>
		<title level="j">EMNLP-CoNLL</title>
		<imprint>
			<date type="published" when="2007" />
		</imprint>
	</monogr>
</biblStruct>

<biblStruct xml:id="b26">
	<analytic>
		<title level="a" type="main">Analysing how people orient to and spread rumours in social media by looking at conversational threads</title>
		<author>
			<persName xmlns="http://www.tei-c.org/ns/1.0"><forename type="first">Arkaitz</forename><surname>Zubiaga</surname></persName>
		</author>
		<author>
			<persName xmlns="http://www.tei-c.org/ns/1.0"><forename type="first">Maria</forename><surname>Liakata</surname></persName>
		</author>
		<author>
			<persName xmlns="http://www.tei-c.org/ns/1.0"><forename type="first">Rob</forename><surname>Procter</surname></persName>
		</author>
		<author>
			<persName xmlns="http://www.tei-c.org/ns/1.0"><forename type="first">Geraldine</forename><surname>Wong Sak</surname></persName>
		</author>
		<author>
			<persName xmlns="http://www.tei-c.org/ns/1.0"><forename type="first">Peter</forename><surname>Hoi</surname></persName>
		</author>
		<author>
			<persName xmlns="http://www.tei-c.org/ns/1.0"><surname>Tolmie</surname></persName>
		</author>
	</analytic>
	<monogr>
		<title level="j">PLOS ONE</title>
		<imprint>
			<biblScope unit="volume">11</biblScope>
			<biblScope unit="issue">3</biblScope>
			<biblScope unit="page">150989</biblScope>
			<date type="published" when="2016" />
		</imprint>
	</monogr>
</biblStruct>

				</listBibl>
			</div>
		</back>
	</text>
</TEI>
