<?xml version="1.0" encoding="UTF-8"?>
<TEI xml:space="preserve" xmlns="http://www.tei-c.org/ns/1.0" 
xmlns:xsi="http://www.w3.org/2001/XMLSchema-instance" 
xsi:schemaLocation="http://www.tei-c.org/ns/1.0 /home/varun/Desktop/NLP/Projects/grobid-0.5.6/grobid-home/schemas/xsd/Grobid.xsd"
 xmlns:xlink="http://www.w3.org/1999/xlink">
	<teiHeader xml:lang="en">
		<fileDesc>
			<titleStmt>
				<title level="a" type="main">Schema2QA: Answering Complex Queries on the Structured Web with a Neural Model</title>
			</titleStmt>
			<publicationStmt>
				<publisher/>
				<availability status="unknown"><licence/></availability>
			</publicationStmt>
			<sourceDesc>
				<biblStruct>
					<analytic>
						<author>
							<persName xmlns="http://www.tei-c.org/ns/1.0"><forename type="first">Silei</forename><surname>Xu</surname></persName>
							<affiliation key="aff0">
								<orgName type="department" key="dep1">Computer Science Department</orgName>
								<orgName type="department" key="dep2">Computer Science Department</orgName>
								<orgName type="institution">Stanford University Stanford</orgName>
								<address>
									<region>CA</region>
									<country key="US">USA</country>
								</address>
							</affiliation>
						</author>
						<author>
							<persName xmlns="http://www.tei-c.org/ns/1.0"><forename type="first">Giovanni</forename><surname>Campagna</surname></persName>
							<email>gcampagn@cs.stanford.edu</email>
							<affiliation key="aff1">
								<orgName type="department">Department of Computer Science &amp; Engineering</orgName>
								<orgName type="institution">Stanford University Stanford</orgName>
								<address>
									<region>CA</region>
									<country key="US">USA</country>
								</address>
							</affiliation>
						</author>
						<author>
							<persName xmlns="http://www.tei-c.org/ns/1.0"><forename type="first">Jian</forename><surname>Li</surname></persName>
							<email>jianli@cse.cuhk.edu.hk</email>
							<affiliation key="aff2">
								<orgName type="department">Computer Science Department</orgName>
								<orgName type="institution">The Chinese University of Hong</orgName>
								<address>
									<settlement>Kong Hong Kong</settlement>
								</address>
							</affiliation>
						</author>
						<author>
							<persName xmlns="http://www.tei-c.org/ns/1.0"><forename type="first">Monica</forename><forename type="middle">S</forename><surname>Lam</surname></persName>
							<email>lam@cs.stanford.edu</email>
							<affiliation key="aff3">
								<orgName type="institution">Stanford University Stanford</orgName>
								<address>
									<region>CA</region>
									<country key="US">USA</country>
								</address>
							</affiliation>
						</author>
						<title level="a" type="main">Schema2QA: Answering Complex Queries on the Structured Web with a Neural Model</title>
					</analytic>
					<monogr>
						<imprint>
							<date/>
						</imprint>
					</monogr>
				</biblStruct>
			</sourceDesc>
		</fileDesc>

		<encodingDesc>
			<appInfo>
				<application version="0.5.6" ident="GROBID" when="2020-04-20T14:53+0000">
					<ref target="https://github.com/kermitt2/grobid">GROBID - A machine learning software for extracting information from scholarly documents</ref>
				</application>
			</appInfo>
		</encodingDesc>		<profileDesc>
			<abstract/>
		</profileDesc>
	</teiHeader>
	<text xml:lang="en">
		<body>
<div xmlns="http://www.tei-c.org/ns/1.0"><head n="1">INTRODUCTION</head><p>The adoption of virtual assistants grew at an unprecedented rate, reaching 50 million American adults in just the first two years <ref type="bibr" target="#b17">[18]</ref>. Alexa and Google Assistant are rapidly growing their proprietary platforms of third-party skills so consumers can access different websites and IoT devices by voice <ref type="bibr" target="#b11">[12]</ref>. Skill builders submit to these platforms information on how to access their sites with sample natural language invocations; the virtual assistant platforms train and own the linguistic interfaces.</p><p>There are over 1.5 billion websites on the world wide web today. Does each company have to enter a skill on each of the platforms it wishes to run on? Given the high cost of data acquisition needed to develop natural language technology and the virality of network effects, would there be oligopolistic virtual assistants that control separate proprietary linguistic webs? Would non-profit organizations be well served? Would rare natural languages be supported?</p><p>Our goal is to create one open non-proprietary linguistic web. This paper presents Schema2QA, an open-source virtual assistant skill authoring tool that produces custom natural language models that answer questions on websites based on Schema.org markup.</p></div>
<div xmlns="http://www.tei-c.org/ns/1.0"><head n="1.1">Our Solution</head><p>An open linguistic web. It would be ideal if we can automatically enable a linguistic interface for all websites. We take a step towards this goal by leveraging the Schema.org markup included in millions of websites originally to facilitate web search. Schema2QA is a tool that can generate a neural semantic parser that translates natural language into queries on the Schema markup on websites. This tool can be used by a website owner to create a skill for their site; search engines can also crawl the Schema.org markup in websites and use Schema2QA to answer questions across many websites at once, eliminating the need for proprietary centralized skill repositories. Because this tool generates open-source neural models that companies can own and use in their own websites, apps, or phone services, it encourages open collaboration to build a neural model that leverages data from many domains and languages.</p><p>Accuracy on complex queries. The Linguistic User Interface (LUI) is much more flexible than the Graphical User Interface (GUI). We can easily ask for information that requires joining arbitrary fields or performing computation. <ref type="table" target="#tab_2">Table 1</ref> shows a sample of questions that can be answered by Schema2QA; in contrast, today's commercial assistants cannot answer most of such questions. Schema2QA supports complex queries effectively across many websites by (1) the ability to optimize an entire domain, and not just one website at a time, <ref type="bibr" target="#b1">(2)</ref> reducing the cost of data annotations by synthesizing millions of sentences, less than 1% of which are paraphrased by crowdsource workers, (3) developing a novel neural model that generalizes well to real queries. Our model, BERT-LSTM, uses a BERT encoder <ref type="bibr" target="#b3">[4]</ref> and an LSTM decoder with attention.</p></div>
<div xmlns="http://www.tei-c.org/ns/1.0"><head n="1.2">Contributions</head><p>A Schema2QA tool that can be used to develop skills a domain at a time. It generalize to all the websites that use the same Schema.org metadata for a domain.</p><p>• The DBTalk language. Schema2QA uses a semantic parser to generate natural language into a high-level query language we created, called DBTalk. DBTalk is optimized for natural language translation, and supports computation and aggregation in addition to join, selection and projection operations. • A low-cost training data acquisition metholodogy for complex questions. We improved over the previous paraphrasebased strategies <ref type="bibr" target="#b2">[3,</ref><ref type="bibr" target="#b26">25]</ref> with a comprehensive set of domainindependent templates for complex queries. For each domain, developers need to only supply POS-tagged annotations on the domain properties. • A NL-Schema data model for structured website information, derived from Schema.org, and adapted for building natural language QA skills.</p><p>A novel neural semantic parsing model, based on BERT <ref type="bibr" target="#b3">[4]</ref>. The model uses an encoder with a pooling layer, followed by an LSTM decoder with a pointer-generator network that can either copy from the input or generate from a vocabulary. The model is designed to generalize to entities not seen during training.</p><p>A large dataset for complex web queries. The training set includes more than 1.8M training sentences for restaurant questions, and 1M training sentences for questions about people. This dataset also includes 794 real-world crowdsourced restaurant questions and 744 questions about people, that refer to one to three properties in a single question. This test set can serve as a benchmark for future QA systems based on Schema.org.</p><p>An end-to-end system. We apply Schema2QA on the domains of restaurants, people, and hotels, and deploy the skills in the Almond virtual assistant <ref type="bibr" target="#b1">[2]</ref>.</p><p>Experimental results. We show that skills built from Schema2QA can understand a variety of real-world questions, with a query accuracy of 73% for questions about restaurants, and 81% for questions about people. In comparison, the top 3 commercial virtual assistants achieve an answer accuracy between 36% and 53% on restaurants, and their query accuracy is likely to be even lower.</p></div>
<div xmlns="http://www.tei-c.org/ns/1.0"><head n="1.3">Outline</head><p>Section 2 presents an overview of the system. We present the design of DBTalk, the use of templates in training set generation, the NL-Schema, our neural model in Sections 3 through 6, respectively. Lastly, we present experimental results, related work, and conclude.</p></div>
<div xmlns="http://www.tei-c.org/ns/1.0"><head n="2">OVERVIEW</head><p>Our goal is to provide a basic automatically generated semantic parser that can handle questions in each domain, and give domain experts the ability to improve the accuracy of the system. Here we present a high-level overview with the help of a couple of examples drawn from questions about restaurants, as shown in <ref type="figure" target="#fig_0">Fig. 1</ref>.</p></div>
<div xmlns="http://www.tei-c.org/ns/1.0"><head n="2.1">DBTalk Design and Templates</head><p>We introduce DBTalk as the formal query language. It is designed to handle the important use cases, with as little extraneous notations as possible. Here is an example of a DBTalk query to find the  Restaurant, servesCusine =∼ "chinese" DBTalk templates are grammar production rules that describe how to generate a sentence and its formal representation. The templates are domain-independent. The templates combine property annotations tagged with part-of-speech (POS) from each domain into natural sentences and their corresponding DBTalk code. E.g., the sentence portion of the templates shown in <ref type="figure" target="#fig_0">Fig. 1</ref>, filter : $vb_prefix $value $vb_suffix filtered_table : $table $filter root : "which" $filtered_table can be used generically to generate "Which restaurants serve Chinese cuisine", "Which person received Turing awards", "Which hotels offers free parking".</p></div>
<div xmlns="http://www.tei-c.org/ns/1.0"><head n="2.2">NL-Schema Design</head><p>The NL-Schema data model is adapted from Schema.org for the purpose of answering natural language questions. NL-Schema uses a relational model that supports class hierarchies, fixed tables and fixed fields of a single static type, whereas Schema.org uses a graphbased representation with union-typed properties. The example of a Restaurant class is shown in <ref type="figure" target="#fig_1">Fig. 2</ref>.</p><p>NL-Schema is used to facilitate the generation of training data for our neural semantic parser. Each training sample consists of a natural language sentence and the corresponding DBTalk code.</p><p>"Which restaurants serve Chinese cuisine?" ⇒ Restaurant, servesCuisine =∼ "chinese" Thus, to establish the relationship between natural language and a query that uses a certain field, each field is annotated with canonical forms and the corresponding POS tags. For example, says that the phrase "cuisine" and "serves ... cuisine" can be generated as a noun phrase (nnp) and a verb phrase (vb), respectively, and that they both refer to the Schema.org property "servesCuisine". Schema2QA includes a tool to automatically transform the whole Schema.org representation into NL-Schema. Additional annotations can be supplied manually to improve its quality.</p></div>
<div xmlns="http://www.tei-c.org/ns/1.0"><head n="2.3">Generating a semantic parser for a domain</head><p>Here is how we can create a semantic parser that translates natural language questions on a given domain into formal DBTalk queries:</p><p>(1) Crawl the Schema.org markup of representative websites in the domain. We may only need to download information from just one website, or even a fraction thereof, if a large aggregator exists, such as Yelp for restaurant reviews. Genie uses all this information to synthesize data, a fraction of which is paraphrased by crowdsource workers. (6) Synthetic and paraphrase data sets are used to train a BERT-LSTM model to translate natural language into DBTalk.</p><p>Developers are expected to use the validation set to identify weaknesses in the synthesized data, and augment the data with additional annotations.</p></div>
<div xmlns="http://www.tei-c.org/ns/1.0"><head n="2.4">Schema2QA System</head><p>Once the parser is generated, we can use it to answer questions for any websites in that domain that use Schema.org. We apply the translated DBTalk queries on databases constructed from the Schema.org markup of the websites of interest. If multiple websites are available in the database, the generated skill can answer aggregate queries, such as "which is the cheapest of all the restaurants" among the downloaded sites.</p></div>
<div xmlns="http://www.tei-c.org/ns/1.0"><head n="3">THE DBTALK QUERY LANGUAGE</head><p>Schema2QA translates natural language into a formal query language called DBTalk, which was created to facilitate translation with a neural model. As shown by Genie <ref type="bibr" target="#b2">[3]</ref>, it is important that the formal language resembles natural language. We follow the same principles in the design of DBTalk.</p><p>DBTalk assumes a relational database model. DBTalk queries have the form:    Here is an example of a DBTalk query, corresponding to the query "who wrote the 0 star review for Din Tai Fung?"</p><formula xml:id="formula_0">fn + of ?</formula><formula xml:id="formula_1">of t Sorting sort sort p {asc | desc} of t Indexing idx t [v + ] Join join t join t Filter f true | false | !f | f &amp;&amp; f | f || f | v cmpop v | t { f } Expression expr v | expr + expr | expr -expr | expr * expr | expr / expr | distance (expr, expr) | aggop (v) Comparison cmpop = | ≥ | ≤ | =∼ | contains | . . .</formula><p>[ author ] of ((Restaurant, id = lookup("din tai fung")) join (Review, reviewRating.ratingValue = 0)), in_array(id, review)</p></div>
<div xmlns="http://www.tei-c.org/ns/1.0"><head n="3.1">Type System</head><p>DBTalk uses a static type system similar to ThingTalk, a previously proposed programming language for virtual assistants <ref type="bibr" target="#b1">[2]</ref>. This type system includes domain-specific types like Location, Measure, Date and Time. It also includes high-level concepts such as "here".</p><p>All DBTalk tables implicitly include an "id" column, which can be used to compare two rows for equality and to join tables. Furthermore, DBTalk has native support for named entities, such as people, brands, countries, etc. DBTalk tables that contain named entities have a "name" column; for those tables, a query can lookup a specific row by specifying the name and type of the entity.</p><p>Unlike ThingTalk, DBTalk has record types, which we introduce to avoid creating tables for objects that represent structured values and have no identity of their own. Fields in each record type are recursively flattened so they can be accessed as fields in the table that uses the record type. We do not support recursive record types.</p><p>Compared to SQL, we also introduce array types to express joins in a more intuitive way, and to avoid the use of glue tables for many-to-many joins.</p></div>
<div xmlns="http://www.tei-c.org/ns/1.0"><head n="3.2">Operations</head><p>DBTalk queries support sorting a table, indexing &amp; slicing a table, aggregating all results, and computing a new field for each row. These operators can be combined: for example, the distance operator can be used to compute the distance of a place from another location. Combined with sorting and indexing, this allows to express the query "what is the nearest restaurant?" as:</p><p>(sort distance asc of comp distance(geo, here) of Restaurant) <ref type="bibr" target="#b0">[1]</ref> The query reads as: select all restaurants, compute the distance between the field geo and the user's current location (and by default, store it in the distance field), sort by increasing distance, and then choose the first result (with index 1).</p><p>To keep DBTalk simple and understandable to end users, we omit set operations, including union, intersection, and set difference. Empirically, we have not found this limitation to be problematic. We also omit group-by operations, subqueries, and quantifiers. While providing limited function, this design does guarantee that the language is canonicalizable. There is a unique canonical syntactic form for every query, which has been shown to improve accuracy of semantic parsers <ref type="bibr" target="#b2">[3]</ref>.</p></div>
<div xmlns="http://www.tei-c.org/ns/1.0"><head n="4">DATA SYNTHESIS FOR COMPLEX QUERIES</head><p>Previous work by Wang et al. <ref type="bibr" target="#b26">[25]</ref> introduced the idea of synthesizing data from domain-independent templates, combined with domain-specific canonical forms associated with each table and field. Yet, their simplistic template set generates low-quality sentences that are unsuitable for training.</p><p>We claim that a carefully tuned set of templates can improve the quality of the synthesized data. In this section, we propose the Schema2QA templates, and the associated set of canonical forms. Ours is the first template model for question answering that synthesizes varied, complex, yet still natural questions.</p></div>
<div xmlns="http://www.tei-c.org/ns/1.0"><head n="4.1">Template-Based Synthesis</head><p>To synthesize data for the neural semantic parser, Schema2QA feeds Genie <ref type="bibr" target="#b2">[3]</ref> with a curated set of domain-independent templates, and canonical forms for each table and field in the domain. Canonical forms represent all the ways the field is referred to in natural language. Each canonical form is also annotated with its part-of-speech (POS) tag.</p><p>Genie templates are production rules mapping the grammar of natural language to a semantic function that produces the corresponding code. Formally, a template is expressed as:</p><formula xml:id="formula_2">nt := [v : nt | literal] + ⇒ sf</formula><p>The non-terminal nt is produced by expanding the terminals and non-terminals on the right-hand side of the := sign; the bound variables v are used by the semantic function sf to produce the corresponding code. Genie expands the templates by substituting the non-terminals with the previously generated derivations and applying the semantic function. The expansion continues recursively, up to a configurable depth.</p><p>Templates are written by hand, and map natural language compositional constructs to formal language operators. Many sentences can be covered with DBTalk templates, such as:</p><formula xml:id="formula_3">table := t : table "that" p : vb v : value ⇒ t, contains(p, v)</formula><p>This template can generate "hotel that offers free parking". In this case, the table is "Hotel", and the field is "amenityFeature" with has canonical form "offers" in the VB (verb) category.</p><p>Templates rely on the type system to form sentences that are meaningful and map to correct queries. Typing is also used to automatically add computation, aggregation and sorting. Example Sentence projection := "the" p : nnp "of" t : table "the rating of Panda Express" table := t : table "that have" p : nnp "more than" v : value ⇒ t, p ≥ v "restaurants that have rating more than 4" table := t : table "with the highest" p : nnp ⇒ (sort p desc of t ) <ref type="bibr" target="#b0">[1]</ref> "restaurants with the highest rating" question := "how far is" t : table ⇒ compute distance (geo, here) of t "how far is Starbucks?"</p></div>
<div xmlns="http://www.tei-c.org/ns/1.0"><head n="4.2">Templates For Question Answering</head><p>Previous work designed a set of templates that primarily focused on joins, and used a limited set of POS tags <ref type="bibr" target="#b26">[25]</ref>. Empirically, we observed that the most common useful complex queries use few joins, but use many filters, as well as argmin/argmax. We designed our set of templates to match the questions we gathered during the development of Schema2QA; here we describe the rationale.</p><p>Overall, Schema2QA includes 512 hand-curated templates. Shown in <ref type="table" target="#tab_2">Table 2</ref> are some examples of templates and generated sentences: a projection of a field of the table, a comparison filter, an argmax aggregation operation, and a computed field.</p><p>Filters. <ref type="table" target="#tab_2">Table 1</ref> shows that filters are used in many meaningful queries; all 10 examples use at least one filter. For this reason, 208 Schema2QA templates (41%) are dedicated to understanding filters.</p><p>We observed that filters for the same field can correspond to different grammar categories. We found that there are 6 grammar categories that cover most of the ways properties are queried.</p><p>Four correspond to POS categories of the canonical forms of a field: noun-phrase for property field (NNP), noun-phrase for identity field (NNI), verb-phrase field (VB), adjective-phrase field (JJ). For example, the "alumniOf" field of "Person" has NNI form "alumni of" ("who is an alumni of X?") and VB form "graduated from" ("who graduated from X?"); similarly, the "author" field of "Review" has NNP form "author" ("what review has author John Doe?") and JJ form "written by" ("what review is written by John Doe?").</p><p>We observed that for some fields, just the mention of their value is sufficient to identify the field used. We introduce 2 more kinds of annotations: noun-phrase for value (NNV) and adjective-phrase for value (JJV). For example, the field "servesCuisine" in the "Restaurant" class is annotated JJV, because it can be used implicitly in "show me Mexican restaurants".</p><p>We also observed that in English, filters can involve a phrase before and a phrase after the value. For this reason, we allow canonical forms to have a component that precedes the field value ("prefix") and one that follows it ("suffix"). For example, one of the canonical forms of the "servesCuisine" field in the "Restaurant" class ( <ref type="figure" target="#fig_1">Fig. 2)</ref> has prefix "serves" and suffix "cuisine". This allows Schema2QA to generate sentences of the form "restaurants that serve Italian cuisine", where the value "Italian" is in between "serves" and "cuisine".</p><p>Combining operators. Previous work used at most one target language operator in each template, but we noted that multiple DBTalk operators can be combined to compose common natural language concepts. For example, Schema2QA includes 94 templates for argmax and argmin operations: these are templates that combine the sort and index operators to select the minimum or maximum row in the table. The argmax template is used to understand questions that choose the most highly rated restaurant <ref type="table" target="#tab_2">(Table 1)</ref>.</p><p>Type-based templates. We noted that certain fields or types can generalize across many different domains, so we include typespecific templates in Schema2QA. For example, all tables that use the "geo" field can make use of "how far" <ref type="table" target="#tab_2">(Table 1</ref>) and "nearest" templates to ask location queries. This design is possible because we use a strong type system.</p></div>
<div xmlns="http://www.tei-c.org/ns/1.0"><head n="5">ADAPTING SCHEMA.ORG FOR NLP</head><p>Schema.org is a markup vocabulary created to help search engines understand and index structured data across the web. Here, we introduce Schema.org and describe how we extend it to natural language queries.</p></div>
<div xmlns="http://www.tei-c.org/ns/1.0"><head n="5.1">Data model of Schema.org</head><p>Schema.org is based on RDF, and uses a graph data model, where nodes represent objects. Nodes are connected by properties and are grouped in classes. Classes are arranged in a multiple inheritance hierarchy where each class can be a subclass of multiple other classes, and the "Thing" class is the superclass of all classes. There is also a parallel hierarchy where the literal data types are defined. By convention, all class names start with an uppercase letter, while property names start with a lowercase letter.</p><p>Each property's domain consists of one or more classes that can possess that property. The same property can be used in separate domains; e.g., "Person" and "Organization" classes both use the "owns" property. Subclasses of a class in the domain of a certain property can also make use of that property.</p><p>Each property's range consists of one or more classes or primitive types. Additionally, as having any data is considered better than none, the "Text" type (free text) is always implicitly included in a property's range. For properties where free text is the recommended or only type expected, e.g. the "name" property, "Text" is explicitly declared as the property type.</p></div>
<div xmlns="http://www.tei-c.org/ns/1.0"><head n="5.2">NL-Schema Representation</head><p>NL-Schema provides the domain-specific information used in the synthesis of training data. To facilitate the generation, NL-Schema uses a relational data model, where each table contains a fixed set of properties with fixed types. An example is shown in <ref type="figure" target="#fig_1">Fig. 2</ref>. Schema2QA includes a converter tool that leverages the Schema.org definitions and the data in websites to translate the graph-based Schema.org representation automatically into NL-Schema.</p><p>Tables and record types. In NL-Schema, we distinguish between entity and non-entity classes. Entity classes are those that refer to well-known meaningful identities, such as people, organization, places, events, URLs, with names that the user can recognize. All other classes are considered non-entity; they can only be referred to as properties of other classes.</p><p>An entity class is represented as a table, whose properties make up the columns. The column may be of a primitive type, a reference to another entity class, or a record type. Non-entity classes are represented as anonymous record types, with the exception of recursive classes. DBTalk does not have recursive record types, where a record type has a field with the same type. Recursive nonentity classes are mapped to nameless tables, instead of record types. For example, the "Review" class is a non-entity class, because it inherits the "review" property from "CreativeWork", and that property also refers to the "Review" class.</p><p>In practice, most classes only use a subset of their properties. We use data scraped from websites to eliminate the properties that are not used. This limits the vocabulary to only the relevant terms.</p><p>Identifying property types. Template-based synthesis relies on precise type information to generate meaningful questions. When mapping from Schema.org in particular, this requires identifying the cardinality of the property, to distinguish scalar and array properties. For example, for plural properties such as "review" we can ask "how many reviews does a restaurant have?", and "what restaurant has the most reviews?".</p><p>Schema2QA uses a number of heuristics to identify arrays, based on the Schema.org property name, type, and description. Empirically, we found our heuristics works well in the 3 domains we evaluated, with the exception of properties of the "Thing" class such as "image" and "description", which are described as plural in the comment, but have one value per object in practice.</p><p>Many properties use a union type in Schema.org. To avoid ambiguity when parsing natural language, this is not supported in NL-Schema. For each property, Schema2QA picks among the types in its range the one with the highest priority, which is defined in decreasing order: record types, primitive types, entity references, and finally strings. All website data is then cast to the chosen type.</p><p>Automatic canonical forms. When converting to NL-Schema, Schema2QA automatically generates a canonical form for each property, based on the property name and type. Camel-cased names are converted into multiple words; redundant words at the beginning and end are removed. Schema2QA uses a POS tagger and heuristics to identify the POS of the generated canonical form.</p><p>Displaying results. Schema2QA uses the canonical forms and types to display the results of the query. If the query returns many fields, a default priority is used to present the most important ones. For each table, developers can override the formatting information.</p></div>
<div xmlns="http://www.tei-c.org/ns/1.0"><head n="6">NEURAL SEMANTIC PARSING MODEL</head><p>Schema2QA uses a neural semantic parser to translate the user's question to an executable query in DBTalk. Our model is a simple yet novel architecture we call BERT-LSTM. It is an encoder-decoder architecture <ref type="bibr" target="#b22">[21]</ref> that uses the BERT pretrained encoder <ref type="bibr" target="#b3">[4]</ref> and an LSTM decoder with attention <ref type="bibr" target="#b0">[1,</ref><ref type="bibr" target="#b7">8,</ref><ref type="bibr" target="#b10">11]</ref>. In this section, we'll introduce the model and the rationale for its design. The overall architecture of the model is shown <ref type="figure" target="#fig_5">Fig. 4</ref>.</p></div>
<div xmlns="http://www.tei-c.org/ns/1.0"><head n="6.1">Encoding</head><p>Our model utilizes the BERT model <ref type="bibr" target="#b3">[4]</ref> as the sentence encoder. We designed our encoder with the minimal amount of additional parameters on top of BERT, so as to make the most use of pretraining. BERT is a deep Transformer network <ref type="bibr" target="#b24">[23]</ref>. It encodes the sentence by first splitting it into word-piece subtokens x 0 . . . x n , then feeding them to a 12-layer Transformer network, to compute the final contextualized dense representations of each token h E,t . BERT is pre-trained on general English text using the masked language model objective. We then fine-tune it on our task.</p><p>To compute a single vector representationh E for the whole sentence, the token representations produced by BERT are averaged, then fed to a one-layer feed-forward network:</p><formula xml:id="formula_4">h E = W pool,out relu(W pool,in avg(h E ) + b pool )</formula><p>(where W and b are learnable parameters).</p></div>
<div xmlns="http://www.tei-c.org/ns/1.0"><head n="6.2">Decoding</head><p>During decoding, the model produces one token of the executable query y t at a time, given the previously produced token y t −1 . There are no syntax-specific decoder components, and the model can generalize to any target language, including future extensions of DBTalk, depending on the training data.</p><p>First, the previous token is embedded using a learned embedding. The embedded token is fed to an LSTM cell, then used to compute the attention scores s t against each token in the encoder, and the attention value vector v t and the attention context vector c t :</p><formula xml:id="formula_5">h D,0 =h E c 0 = 0 y emb,t = W emb y t −1 h D,t = LSTM(h D,t −1 , y emb,t ; c t −1 ) s t = softmax(h D,t h T E ) v t = t ′ s t,t ′h E,t ′ c t = tanh(W att v t ; h D,t )</formula><p>The model then produces a vocabulary distribution p w , which is either a distribution over tokens in the input sentence (using a pointer network), or a distribution over the vocabulary. The use of a pointer network allows the model to be mostly agnostic to specific entity names mentioned in the question, which are copied verbatim in the generated query. This allows the model to generalize to entities not seen in training. Conversely, the generator network allows the model to understand paraphrases and synonyms of the properties, as well as properties that are only mentioned implicitly.</p><p>We employ the pointer-generator network previously proposed by See et al. <ref type="bibr" target="#b20">[20]</ref>. In this architecture, the choice of whether to point or to generate from the vocabulary is governed by a switch probability γ t :</p><formula xml:id="formula_6">γ t = σ (W γ y emb,t ; h D,t ; c t ) p t,w = γ t t ′ ,x t ′ =w s t,t ′ + (1 − γ t )softmax(W o c t ) y t = arg max w p t,w</formula><p>The model is trained to maximize the likelihood of the query for a given question, using teacher forcing. At inference time, the model greedily chooses the token with the highest probability.</p><p>The model predicts one token of the query at a time, according to the tokenization rules of DBTalk. To able to copy input tokens from the pretrained BERT vocabulary, all words between quoted strings in the DBTalk query are further split into word-pieces, and the model is trained to produce individual word-pieces.</p></div>
<div xmlns="http://www.tei-c.org/ns/1.0"><head n="6.3">Discussion</head><p>State-of-the-art models for semantic parsing often use syntaxdriven decoding, in which the model is trained to predict AST nodes or grammar rules rather than left-to-right tokens <ref type="bibr" target="#b6">[7,</ref><ref type="bibr" target="#b18">19,</ref><ref type="bibr" target="#b32">31]</ref>. These designs are inflexible, and require feature engineering of ASTs optimized for translation, or syntax-specific intermediate representations. In Schema2QA, the model is trained with very large corpus of automatically generated programs, and BERT-LSTM can learn the simple patterns of code syntax quite easily, eliminating the need of a syntax-aware decoder.</p><p>The LSTM network in Schema2QA can focus on learning the semantics after learning the syntax in a few iterations. We experimented with a Transformer decoder <ref type="bibr" target="#b24">[23]</ref> and found it slow in learning the correct syntax of DBTalk. It is important for the training to converge quickly, as too many updates to the encoder would reduce the effectiveness of pretraining.</p></div>
<div xmlns="http://www.tei-c.org/ns/1.0"><head n="7">EXPERIMENTAL RESULTS</head><p>We used Schema2QA to create three QA skills in the open-source Almond virtual assistant <ref type="bibr" target="#b1">[2]</ref>, as an end-to-end demonstration of its functionality. We used three aggregator websites (Yelp, LinkedIn and Hyatt Hotels) to build the skills; we then extended the skills with 311 hotel websites and 475 restaurant websites that we crawled. A screenshot of the Schema2QA interface is shown in <ref type="figure" target="#fig_6">Fig. 5</ref>. At the moment, our system supports only American English questions. The skills and Schema2QA will be released upon publication.</p><p>In this section, we evaluate the performance of Schema2QA. We first describe the dataset we used for training and evaluation. Then we present experimental results to answer the following questions:</p><p>(1) How Schema2QA performs on aggregator websites? (2) How does our model compare with the state of the art? (3) How do our templates compare with prior work? (4) Can the knowledge learned from one domain be transferred to a related domain? To ensure the precision of our system, we evaluate on query accuracy, which measures if the generated query matches the annotation exactly. If the query is correct, and the answer is in the database, then the answer is guaranteed to be correct as well.</p></div>
<div xmlns="http://www.tei-c.org/ns/1.0"><head n="7.1">Training and Evaluation Dataset</head><p>Schema2QA does not use any real data for training, which significantly reduces the cost of data acquisition. The training data is generated automatically with templates, a small fraction of which is paraphrased by crowdsource workers. In addition, the dataset is augmented with property values extracted from the website data.</p><p>We, however, use realistic data for validation and testing, which has been shown to be significantly more challenging and meaningful than testing with paraphrase data <ref type="bibr" target="#b2">[3]</ref>. Crowdsource workers are presented with a list of properties in the relevant domain and a few examples of queries, and are asked to come up with 5 questions with either one property or two properties, with equal probabilities. We do not show them any sentences or website data we used for training, and allow workers to freely choose the value of each property. The questions are then annotated by hand with their DBTalk representation, by an author of the paper, and then split into the dev set and test set.</p></div>
<div xmlns="http://www.tei-c.org/ns/1.0"><head n="7.2">Applying Schema2QA to Aggregator Sites</head><p>In our first experiment, we apply Schema2QA to two major aggregator websites in two different domains: Yelp for restaurants and LinkedIn for people. We chose them because they aggregate many entities within their domain and they make extensive use of Schema.org markup. They have abundant structured information, which allows Schema2QA to answer rich and interesting questions.</p><p>The Yelp data contains restaurants with 10 properties including "servesCuisine", "reviews", "aggregateRating", as well as reviews with 4 properties: "reviewRating", "author", "dataPublished", and  "description". The LinkedIn data contains data about people, with 5 properties: "alumniOf", "worksFor", "address", "award", and "name". The size of the training and evaluation data is shown in <ref type="table" target="#tab_2">Tables 3  and 4</ref>, respectively. In the table and later in this section, a property is counted once for every mention in the program; so e.g. a "rating between 2 and 4" would be counted as two properties, because it is equivalent as "rating less than 4 and rating greater than 2". We observe that crowdsource workers for the Restaurant domain generate about 170 questions that refer to three or more properties, despite being instructed to just generate queries involving one or two. This is not observed with LinkedIn data probably because LinkedIn has fewer properties to choose from.</p><p>Based on the development set, we refined the generic templates. New templates we found from validation include: projection on two properties ("what is the address and the telephone of ...?"), filters that use "both" ("who works for both Google and Amazon?", "what restaurant serves both ramen and sushi?"), comparisons that use "or more" ("restaurants with 4 stars or more"). We also used the dev set to refine the canonical forms of the properties. Note that the author who annotated the test set did not refine the templates and canonical forms after annotating. This guarantees that NL-Schema is only tuned based on observations from the dev set.</p><p>We train and evaluate on each of the two domains separately. The accuracy of Schema2QA is shown in <ref type="figure" target="#fig_7">Figure 6</ref>. On Yelp data, Schema2QA achieves 73% overall accuracy. Breaking down by property, Schema2QA achieves 75% on questions with one property, 78% on questions with two properties, and 59% on three or more. On LinkedIn data, Schema2QA achieves 81% overall: 85% on questions with one property and 78% on questions with two properties. In the figure, the column for three or more properties is marked "N/A" because there is no test data.</p><p>Overall, this result, which was achieved without any real data in training, shows that Schema2QA can build an effective parser at a low cost. Additionally, developers can add more annotations to further increase the accuracy with little additional cost. Schema2QA is able to achieve reasonably high accuracy for complex queries  because the synthesis generates many combinations, and the model is robust to high amounts of synthesized data. This allows us to outperform commercial assistants like Google, Alexa, and Siri on a variety of questions, as shown in <ref type="table" target="#tab_2">Table 1</ref>.</p><p>To quantify the difference with commercial assistants, we manually evaluate the questions in Restaurant test set. Since no commercial assistant shows the resulting queries, we evaluate the answer accuracy by checking if the returned results match the criteria in the query. We obtained 36% answer accuracy for Alexa, 41% for Google Assistant, 53% for Siri. Note that Schema2QA achieves a query accuracy of 73% on the same dataset -the answer accuracy would be at least 73% assuming that the data is available in the database. No commercial assistant supports questions on LinkedIn data, so we cannot compare it.</p></div>
<div xmlns="http://www.tei-c.org/ns/1.0"><head n="7.3">Model Comparison</head><p>The previous state-of-the-art neural model capable of training on synthesized data and achieving good accuracy was the Multi-Task Question Answering Network <ref type="bibr" target="#b2">[3,</ref><ref type="bibr" target="#b14">15]</ref>. MQAN is an encoder-decoder network that uses a stack of self-attention and LSTM layers, and uses GloVe and character word embeddings. In this section, we wish to evaluate how BERT-LSTM performs in comparison to MQAN.</p><p>The results are shown in <ref type="table" target="#tab_2">Table 5</ref>. In the table, we show the median of three runs. On Restaurant questions, the use of BERT-LSTM improves query accuracy by 3.6%, and on People questions, by 5.3%. This shows that the use of pretraining in BERT is helpful to generalize to test data that is unseen in training.</p></div>
<div xmlns="http://www.tei-c.org/ns/1.0"><head n="7.4">Evaluation of Schema2QA Templates</head><p>The idea of using canonical sentences to create synthetic data for QA semantic parsers was first introduced by Sempre <ref type="bibr" target="#b26">[25]</ref>. Schema2QA though uses a more comprehensive template set for QA. Here we evaluate the effectiveness of our templates.</p><p>We reimplemented the Sempre templates using Genie, and apply the same data augmentation to both sets. We train with only synthesized data, and evaluate on realistic data. On the Restaurants domain, training with Sempre templates achieves about 4% accuracy. On the other hand, training with only synthesized data produced with Schema2QA templates achieves 54% accuracy: 53% for one property, 59% for two properties, and 49% for three or more properties. On the People domain, training with Sempre templates achieves 17% accuracy for questions with one property, and 5% accuracy for questions with two properties, whereas Schema2QA templates achieve 57% for one property, and 38% for two.</p><p>This results shows that the synthesized data we generate matches our realistic test questions more closely. Our templates are more tuned to understand the variety of filters that commonly appear in the test. On the other hand, Sempre templates are tuned for questions with many joins, which are not common in the domains we tested. Furthermore, due to the pretraining, the BERT-LSTM model can make effective use of synthesized data and generalize beyond the templates. These two effects combined means we do not need to rely as much on expensive paraphrasing.</p></div>
<div xmlns="http://www.tei-c.org/ns/1.0"><head n="7.5">Transfer Learning Across Domains</head><p>Many domains in Schema.org share common classes and properties. Is it possible to transfer the learning from one domain to another and create a semantic parser for a new domain without manual effort? i.e., without manual annotations or paraphrases? We take the Schema2QA skill for restaurants, and apply it to hotels; restaurants and hotels share many of the same fields. The Hotel class has additional properties "checkinTime", "checkoutTime", and "ameni-tyFeature", but it does not have the "servesCuisine" property found in the Restaurant class.</p><p>For training data synthesis, we use the manual annotations for the fields common with restaurants, and automatically generated canonical forms for the rest. The paraphrases for the restaurant domain are automatically transferred to the hotel domain by replacing the words "restaurant", "diner", "canteen", etc. with the word "hotel". We augment the synthesized and paraphrase data sets with data from the Hyatt hotel chain.</p><p>We acquire an evaluation set of 671 questions, crowdsourced from MTurk, and annotated by hand. These are divided in 331 for validation and 340 for test. 165 of the test questions use one property, 124 use two properties, and 51 use three or more. On the test set, the generated parser achieves an overall accuracy of 59%. Note that about half of the correct sentences use properties that are specific to the "Hotel" class. This shows that the paraphrases from one domain can be transferred to a new domain with no manual effort, achieving an accuracy sufficient to bootstrap the new domain.</p></div>
<div xmlns="http://www.tei-c.org/ns/1.0"><head n="8">RELATED WORK</head><p>Question answering. Question answering (QA) is a well studied problem in Natural Language Processing, with work dating back to the 60s <ref type="bibr" target="#b5">[6]</ref>. A subset of the QA field is knowledge-based question answering (KB QA), where the answer can be found from a graph or relational database by executing an appropriate query. Semantic parsing techniques have been employed for KB QA <ref type="bibr">[5, 16, 22, 25-27, 29, 35-37]</ref> to generate executable queries from natural language questions.</p><p>In general, though, training a semantic parser requires a large corpus of questions annotated with the corresponding executable queries, which is expensive. Previous work has proposed crowdsourcing paraphrases to bootstrap new semantic parsers <ref type="bibr" target="#b26">[25]</ref>. The previously proposed Genie toolkit further suggested training with data synthesized from manually tuned templates <ref type="bibr" target="#b2">[3]</ref>. Genie requires each skill to provide domain-specific templates mapping to websitespecific APIs. In this paper, we make use of Genie, but propose a larger and more varied set of templates, that avoid the need for domain-specific templates entirely.</p><p>Semantic parsing. Recently, the semantic parsing community has focused on generating SQL directly from natural language queries <ref type="bibr" target="#b29">[28,</ref><ref type="bibr" target="#b31">30,</ref><ref type="bibr" target="#b35">34,</ref><ref type="bibr" target="#b39">38]</ref>, which allows the QA system to interact with a traditional database.</p><p>Generally, people employ neural encoder-decoder frameworks with attention to tackle it <ref type="bibr" target="#b4">[5,</ref><ref type="bibr" target="#b9">10,</ref><ref type="bibr" target="#b14">15]</ref>. Later work on the Wik-iSQL dataset <ref type="bibr" target="#b39">[38]</ref> leveraged the constrained space of questions in that dataset and developed syntax-specific decoding strategies <ref type="bibr" target="#b25">[24,</ref><ref type="bibr" target="#b33">32,</ref><ref type="bibr" target="#b34">33]</ref>. Often, these models are use pre-trained models as embeddings to a larger, SQL-aware encoder <ref type="bibr" target="#b6">[7]</ref>. Hwang et al. <ref type="bibr" target="#b8">[9]</ref> explored different combinations of the BERT encoder with LSTM decoders: a vocabulary-only decoder and a pointer-only one. After finding both to be ineffective, they proposed a WikiSQL-specific decoder. Our model instead uses a pointer-generator controlled by a switch probability. This is effective in our task, and it is also simpler (thus easier to train) and more general.</p><p>Using Schema.org in virtual assistants. Recently, the schema.org vocabulary has been used by commercial virtual assistants as the intermediate representation for their builtin skills, for example in the Alexa Meaning Representation Language <ref type="bibr" target="#b12">[13]</ref>. Efforts to support complex and compositional queries based on schema.org require expert annotation on large training sets <ref type="bibr" target="#b16">[17]</ref>. Furthermore, because of the cost of building such training sets, compositional query capabilities are not available to third-parties, which are limited to an intent classifier and slot tagger system <ref type="bibr" target="#b13">[14]</ref>. Google Assistant is also able to automatically generate skills for websites that use schema.org markup, and supports five domains.</p><p>Our approach not only scales to the number of websites, but also to the number of domains, with only a small amount of developer effort. Furthermore, each website can own their generated semantic parser and improve it for their own use case, instead of relying on a proprietary one.</p></div>
<div xmlns="http://www.tei-c.org/ns/1.0"><head n="9">CONCLUSION</head><p>This paper presents Schema2QA, a toolkit for building question answering virtual assistant skills for websites, based on the existing Schema.org markup. Developers can use Schema2QA to create a semantic parser that translates complex natural language questions involving multiple predicates and computations into DBTalk queries. They can do so a domain at a time, with relatively little manual effort and cost. They need only to annotate the properties in Schema.org, and Schema2QA uses a comprehensive set of domain-independent templates to generate compound sentences and gets paraphrases for a small fraction of them.</p><p>Experimental results show that our BERT-LSTM model outperforms the MQAN model by 3.6% to 5.3%. The skills produced by Schema2QA can answer crowdsourced realistic queries, not paraphrases, with an accuracy of 73% for restaurants and 81% for people questions. This is a significant improvement over Alexa, Google, and Siri, which can answer at most 53% of our test questions. With transfer learning, we show that a new domain can achieve a 59% accuracy without manual effort. By making Schema2QA publicly available to every developer, we wish to encourage the creation of a linguistic web that is open to every assistant.</p></div><figure xmlns="http://www.tei-c.org/ns/1.0" xml:id="fig_0"><head>Figure 1 :</head><label>1</label><figDesc>Schema2QA pipeline.</figDesc></figure>
<figure xmlns="http://www.tei-c.org/ns/1.0" xml:id="fig_1"><head>Figure 2 :</head><label>2</label><figDesc>NL-Schema representation for Restaurantrestaurants that serve Chinese cuisine:</figDesc></figure>
<figure xmlns="http://www.tei-c.org/ns/1.0" xml:id="fig_2"><head></head><label></label><figDesc>servesCuisine : String #_[nnp = ["cuisine"], vb = [{prefix = "serves", suffix = "cuisine"}]]</figDesc></figure>
<figure xmlns="http://www.tei-c.org/ns/1.0" xml:id="fig_3"><head>( 2 )</head><label>2</label><figDesc>Apply the NL-Schema converter on the Schema.org information for that domain to generate NL-Schema.(3) Extract the values for each property from the crawled data. (4) Obtain a set of validation data by hand-labeling crowdsourced questions. (5) Apply Genie<ref type="bibr" target="#b2">[3]</ref> on the DBTalk definition, the DBTalk templates, and all the results obtained in steps 2 to 4 above.</figDesc></figure>
<figure xmlns="http://www.tei-c.org/ns/1.0" xml:id="fig_4"><head>Figure 3 :</head><label>3</label><figDesc>The formal definition of DBTalk.</figDesc></figure>
<figure xmlns="http://www.tei-c.org/ns/1.0" xml:id="fig_5"><head>Figure 4 :</head><label>4</label><figDesc>The BERT-LSTM model.</figDesc></figure>
<figure xmlns="http://www.tei-c.org/ns/1.0" xml:id="fig_6"><head>Figure 5 :</head><label>5</label><figDesc>Screenshot of a skill generated by Schema2QA, running in the Almond virtual assistant.</figDesc></figure>
<figure xmlns="http://www.tei-c.org/ns/1.0" xml:id="fig_7"><head>Figure 6 :</head><label>6</label><figDesc>Query accuracy on aggregator websites. The error bars indicate the minimum and maximum of three runs with identical hyperparameters.</figDesc></figure>
<figure xmlns="http://www.tei-c.org/ns/1.0" type="table" xml:id="tab_1" validated="false"><head>table [ ,</head><label>[</label><figDesc>filter] ? join table [, filter] ? *</figDesc><table>where table is the type of entity being retrieved (similar to a table 
name in SQL), filter applies a selection predicate that can make use 
of the fields in the table, and fn is an optional list of field names to 
project on. The full grammar is shown in Fig. 3. 
</table></figure>
<figure xmlns="http://www.tei-c.org/ns/1.0" type="table" xml:id="tab_2" validated="false"><head>Table t tn</head><label>t</label><figDesc>| sel | pr | agg | cmp | sort | idx | join</figDesc><table>Selection sel 
t, f 
Projection pr 
[fn + ] of t 
Aggregation agg 
aggregate aggop of t 
Computation cmp 
compute expr {as fn} ? </table></figure>
<figure xmlns="http://www.tei-c.org/ns/1.0" type="table" xml:id="tab_3" validated="false"><head>Table name</head><label>name</label><figDesc></figDesc><table>tn 
identifier 
Field name fn 
identifier 
Value v 
literal | fn | lookup(literal, tn) 

</table></figure>
<figure xmlns="http://www.tei-c.org/ns/1.0" type="table" xml:id="tab_4" validated="false"><head>Table 2 :</head><label>2</label><figDesc>Examples of Generic Templates used by Schema2QA to Generate Training Data</figDesc><table>Template 
</table></figure>
<figure xmlns="http://www.tei-c.org/ns/1.0" type="table" xml:id="tab_5" validated="true"><head>Table 3 :</head><label>3</label><figDesc>Training set sizes.</figDesc><table>Restaurants 
People 

Synthesized 
1,294,278 
553,067 
Paraphrase 
6,288 
6,000 

Total (augmented) 
1,789,105 1,045,102 

</table></figure>
<figure xmlns="http://www.tei-c.org/ns/1.0" type="table" xml:id="tab_6" validated="true"><head>Table 4 :</head><label>4</label><figDesc>Size of evaluation sets, by number of properties.</figDesc><table>Restaurants People 

Dev 

1 property 
206 
103 
2 properties 
86 
205 
3+ properties 
87 
7 
Total 
379 
315 

Test 

1 property 
180 
227 
2 properties 
149 
202 
3+ properties 
86 
0 
Total 
415 
429 

</table></figure>
<figure xmlns="http://www.tei-c.org/ns/1.0" type="table" xml:id="tab_7" validated="false"><head>Table 5 :</head><label>5</label><figDesc>Comparison of the Multi-Task Question Answering Network model and our proposed BERT-LSTM model. LSTM 72.5% ± 1.7% 80.9% ± 1.3%</figDesc><table>Model 
Restaurants 
People 

MQAN 
68.9% ± 1.5% 75.6% ± 0.9% 
BERT-</table></figure>
		</body>
		<back>

			<div type="acknowledgement">
<div xmlns="http://www.tei-c.org/ns/1.0"><head>ACKNOWLEDGMENTS</head><p>We thank Ramanathan V. Guha for his help and suggestions on Schema.org. This work is supported in part by the National Science </p></div>
			</div>

			<div type="references">

				<listBibl>

<biblStruct xml:id="b0">
	<monogr>
		<title level="m" type="main">Neural machine translation by jointly learning to align and translate</title>
		<author>
			<persName xmlns="http://www.tei-c.org/ns/1.0"><forename type="first">Dzmitry</forename><surname>Bahdanau</surname></persName>
		</author>
		<author>
			<persName xmlns="http://www.tei-c.org/ns/1.0"><forename type="first">Kyunghyun</forename><surname>Cho</surname></persName>
		</author>
		<author>
			<persName xmlns="http://www.tei-c.org/ns/1.0"><forename type="first">Yoshua</forename><surname>Bengio</surname></persName>
		</author>
		<idno type="arXiv">arXiv:1409.0473</idno>
		<imprint>
			<date type="published" when="2014" />
		</imprint>
	</monogr>
	<note type="report_type">arXiv preprint</note>
</biblStruct>

<biblStruct xml:id="b1">
	<analytic>
		<title level="a" type="main">Almond: The Architecture of an Open, Crowdsourced, Privacy-Preserving, Programmable Virtual Assistant</title>
		<author>
			<persName xmlns="http://www.tei-c.org/ns/1.0"><forename type="first">Giovanni</forename><surname>Campagna</surname></persName>
		</author>
		<author>
			<persName xmlns="http://www.tei-c.org/ns/1.0"><forename type="first">Rakesh</forename><surname>Ramesh</surname></persName>
		</author>
		<author>
			<persName xmlns="http://www.tei-c.org/ns/1.0"><forename type="first">Silei</forename><surname>Xu</surname></persName>
		</author>
		<author>
			<persName xmlns="http://www.tei-c.org/ns/1.0"><forename type="first">Michael</forename><surname>Fischer</surname></persName>
		</author>
		<author>
			<persName xmlns="http://www.tei-c.org/ns/1.0"><forename type="first">Monica</forename><forename type="middle">S</forename><surname>Lam</surname></persName>
		</author>
	</analytic>
	<monogr>
		<title level="m">Proceedings of the 26th International Conference on World Wide Web -WWW &apos;17</title>
		<meeting>the 26th International Conference on World Wide Web -WWW &apos;17</meeting>
		<imprint>
			<date type="published" when="2017" />
			<biblScope unit="page" from="341" to="350" />
		</imprint>
	</monogr>
</biblStruct>

<biblStruct xml:id="b2">
	<analytic>
		<title level="a" type="main">Genie: A Generator of Natural Language Semantic Parsers for Virtual Assistant Commands</title>
		<author>
			<persName xmlns="http://www.tei-c.org/ns/1.0"><forename type="first">Giovanni</forename><surname>Campagna</surname></persName>
		</author>
		<author>
			<persName xmlns="http://www.tei-c.org/ns/1.0"><forename type="first">Silei</forename><surname>Xu</surname></persName>
		</author>
		<author>
			<persName xmlns="http://www.tei-c.org/ns/1.0"><forename type="first">Mehrad</forename><surname>Moradshahi</surname></persName>
		</author>
		<author>
			<persName xmlns="http://www.tei-c.org/ns/1.0"><forename type="first">Richard</forename><surname>Socher</surname></persName>
		</author>
		<author>
			<persName xmlns="http://www.tei-c.org/ns/1.0"><forename type="first">Monica</forename><forename type="middle">S</forename><surname>Lam</surname></persName>
		</author>
	</analytic>
	<monogr>
		<title level="m">Proceedings of the 40th ACM SIGPLAN Conference on Programming Language Design and Implementation</title>
		<meeting>the 40th ACM SIGPLAN Conference on Programming Language Design and Implementation</meeting>
		<imprint>
			<publisher>PLDI</publisher>
			<date type="published" when="2019" />
			<biblScope unit="page" from="394" to="410" />
		</imprint>
	</monogr>
</biblStruct>

<biblStruct xml:id="b3">
	<monogr>
		<title level="m" type="main">Bert: Pre-training of deep bidirectional transformers for language understanding</title>
		<author>
			<persName xmlns="http://www.tei-c.org/ns/1.0"><forename type="first">Jacob</forename><surname>Devlin</surname></persName>
		</author>
		<author>
			<persName xmlns="http://www.tei-c.org/ns/1.0"><forename type="first">Ming-Wei</forename><surname>Chang</surname></persName>
		</author>
		<author>
			<persName xmlns="http://www.tei-c.org/ns/1.0"><forename type="first">Kenton</forename><surname>Lee</surname></persName>
		</author>
		<author>
			<persName xmlns="http://www.tei-c.org/ns/1.0"><forename type="first">Kristina</forename><surname>Toutanova</surname></persName>
		</author>
		<idno type="arXiv">arXiv:1810.04805</idno>
		<imprint>
			<date type="published" when="2018" />
		</imprint>
	</monogr>
	<note type="report_type">arXiv preprint</note>
</biblStruct>

<biblStruct xml:id="b4">
	<analytic>
		<title level="a" type="main">Language to Logical Form with Neural Attention</title>
		<author>
			<persName xmlns="http://www.tei-c.org/ns/1.0"><forename type="first">Li</forename><surname>Dong</surname></persName>
		</author>
		<author>
			<persName xmlns="http://www.tei-c.org/ns/1.0"><forename type="first">Mirella</forename><surname>Lapata</surname></persName>
		</author>
	</analytic>
	<monogr>
		<title level="m">Proceedings of the 54th Annual Meeting of the Association for Computational Linguistics</title>
		<meeting>the 54th Annual Meeting of the Association for Computational Linguistics</meeting>
		<imprint>
			<publisher>Long Papers</publisher>
			<date type="published" when="2016" />
			<biblScope unit="volume">1</biblScope>
		</imprint>
	</monogr>
</biblStruct>

<biblStruct xml:id="b5">
	<analytic>
		<title level="a" type="main">Baseball: an automatic question-answerer</title>
		<author>
			<persName xmlns="http://www.tei-c.org/ns/1.0"><forename type="first">Alice</forename><forename type="middle">K</forename><surname>Bert F Green</surname><genName>Jr</genName></persName>
		</author>
		<author>
			<persName xmlns="http://www.tei-c.org/ns/1.0"><forename type="first">Carol</forename><surname>Wolf</surname></persName>
		</author>
		<author>
			<persName xmlns="http://www.tei-c.org/ns/1.0"><forename type="first">Kenneth</forename><surname>Chomsky</surname></persName>
		</author>
		<author>
			<persName xmlns="http://www.tei-c.org/ns/1.0"><surname>Laughery</surname></persName>
		</author>
	</analytic>
	<monogr>
		<title level="m">Papers presented at the</title>
		<imprint>
			<date type="published" when="1961-05-09" />
			<biblScope unit="page" from="219" to="224" />
		</imprint>
	</monogr>
</biblStruct>

<biblStruct xml:id="b6">
	<analytic>
		<title level="a" type="main">Towards Complex Text-to-SQL in Cross-Domain Database with Intermediate Representation</title>
		<author>
			<persName xmlns="http://www.tei-c.org/ns/1.0"><forename type="first">Jiaqi</forename><surname>Guo</surname></persName>
		</author>
		<author>
			<persName xmlns="http://www.tei-c.org/ns/1.0"><forename type="first">Zecheng</forename><surname>Zhan</surname></persName>
		</author>
		<author>
			<persName xmlns="http://www.tei-c.org/ns/1.0"><forename type="first">Yan</forename><surname>Gao</surname></persName>
		</author>
		<author>
			<persName xmlns="http://www.tei-c.org/ns/1.0"><forename type="first">Yan</forename><surname>Xiao</surname></persName>
		</author>
		<author>
			<persName xmlns="http://www.tei-c.org/ns/1.0"><forename type="first">Jian-Guang</forename><surname>Lou</surname></persName>
		</author>
		<author>
			<persName xmlns="http://www.tei-c.org/ns/1.0"><forename type="first">Ting</forename><surname>Liu</surname></persName>
		</author>
		<author>
			<persName xmlns="http://www.tei-c.org/ns/1.0"><forename type="first">Dongmei</forename><surname>Zhang</surname></persName>
		</author>
	</analytic>
	<monogr>
		<title level="m">Proceedings of the 57th Annual Meeting of the Association for Computational Linguistics</title>
		<meeting>the 57th Annual Meeting of the Association for Computational Linguistics</meeting>
		<imprint>
			<date type="published" when="2019" />
			<biblScope unit="page" from="4524" to="4535" />
		</imprint>
	</monogr>
</biblStruct>

<biblStruct xml:id="b7">
	<analytic>
		<title level="a" type="main">Long short-term memory</title>
		<author>
			<persName xmlns="http://www.tei-c.org/ns/1.0"><forename type="first">Sepp</forename><surname>Hochreiter</surname></persName>
		</author>
		<author>
			<persName xmlns="http://www.tei-c.org/ns/1.0"><forename type="first">Jürgen</forename><surname>Schmidhuber</surname></persName>
		</author>
	</analytic>
	<monogr>
		<title level="j">Neural computation</title>
		<imprint>
			<biblScope unit="volume">9</biblScope>
			<biblScope unit="page" from="1735" to="1780" />
			<date type="published" when="1997" />
		</imprint>
	</monogr>
</biblStruct>

<biblStruct xml:id="b8">
	<monogr>
				<author>
			<persName xmlns="http://www.tei-c.org/ns/1.0"><forename type="first">Wonseok</forename><surname>Hwang</surname></persName>
		</author>
		<author>
			<persName xmlns="http://www.tei-c.org/ns/1.0"><forename type="first">Jinyeung</forename><surname>Yim</surname></persName>
		</author>
		<author>
			<persName xmlns="http://www.tei-c.org/ns/1.0"><forename type="first">Seunghyun</forename><surname>Park</surname></persName>
		</author>
		<author>
			<persName xmlns="http://www.tei-c.org/ns/1.0"><forename type="first">Minjoon</forename><surname>Seo</surname></persName>
		</author>
		<idno type="arXiv">arXiv:1902.01069</idno>
		<title level="m">A comprehensive exploration on wikisql with table-aware word contextualization</title>
		<imprint>
			<date type="published" when="2019" />
		</imprint>
	</monogr>
	<note type="report_type">arXiv preprint</note>
</biblStruct>

<biblStruct xml:id="b9">
	<analytic>
		<title level="a" type="main">Learning a Neural Semantic Parser from User Feedback</title>
		<author>
			<persName xmlns="http://www.tei-c.org/ns/1.0"><forename type="first">Srinivasan</forename><surname>Iyer</surname></persName>
		</author>
		<author>
			<persName xmlns="http://www.tei-c.org/ns/1.0"><forename type="first">Ioannis</forename><surname>Konstas</surname></persName>
		</author>
		<author>
			<persName xmlns="http://www.tei-c.org/ns/1.0"><forename type="first">Alvin</forename><surname>Cheung</surname></persName>
		</author>
		<author>
			<persName xmlns="http://www.tei-c.org/ns/1.0"><forename type="first">Jayant</forename><surname>Krishnamurthy</surname></persName>
		</author>
		<author>
			<persName xmlns="http://www.tei-c.org/ns/1.0"><forename type="first">Luke</forename><surname>Zettlemoyer</surname></persName>
		</author>
	</analytic>
	<monogr>
		<title level="m">Proceedings of the 55th Annual Meeting of the Association for Computational Linguistics</title>
		<meeting>the 55th Annual Meeting of the Association for Computational Linguistics</meeting>
		<imprint>
			<publisher>Long Papers</publisher>
			<date type="published" when="2017" />
			<biblScope unit="volume">1</biblScope>
		</imprint>
	</monogr>
</biblStruct>

<biblStruct xml:id="b10">
	<analytic>
		<title level="a" type="main">Data Recombination for Neural Semantic Parsing</title>
		<author>
			<persName xmlns="http://www.tei-c.org/ns/1.0"><forename type="first">Robin</forename><surname>Jia</surname></persName>
		</author>
		<author>
			<persName xmlns="http://www.tei-c.org/ns/1.0"><forename type="first">Percy</forename><surname>Liang</surname></persName>
		</author>
	</analytic>
	<monogr>
		<title level="m">Proceedings of the 54th Annual Meeting of the Association for Computational Linguistics</title>
		<meeting>the 54th Annual Meeting of the Association for Computational Linguistics</meeting>
		<imprint>
			<publisher>Long Papers</publisher>
			<date type="published" when="2016" />
			<biblScope unit="volume">1</biblScope>
		</imprint>
	</monogr>
</biblStruct>

<biblStruct xml:id="b11">
	<monogr>
		<title level="m" type="main">Amazon Alexa Has 100k Skills But Momentum Slows Globally. Here is the Breakdown by Country</title>
		<author>
			<persName xmlns="http://www.tei-c.org/ns/1.0"><forename type="first">Bret</forename><surname>Kinsella</surname></persName>
		</author>
		<ptr target="https://voicebot.ai/2019/10/01/amazon-alexa-has-100k-skills-but-momentum-slows-globally-here-is-the-breakdown-by-country/.Voicebot.ai" />
		<imprint>
			<date type="published" when="2019-10" />
		</imprint>
	</monogr>
</biblStruct>

<biblStruct xml:id="b12">
	<analytic>
		<title level="a" type="main">The Alexa Meaning Representation Language</title>
		<author>
			<persName xmlns="http://www.tei-c.org/ns/1.0"><forename type="first">Thomas</forename><surname>Kollar</surname></persName>
		</author>
		<author>
			<persName xmlns="http://www.tei-c.org/ns/1.0"><forename type="first">Danielle</forename><surname>Berry</surname></persName>
		</author>
		<author>
			<persName xmlns="http://www.tei-c.org/ns/1.0"><forename type="first">Lauren</forename><surname>Stuart</surname></persName>
		</author>
		<author>
			<persName xmlns="http://www.tei-c.org/ns/1.0"><forename type="first">Karolina</forename><surname>Owczarzak</surname></persName>
		</author>
		<author>
			<persName xmlns="http://www.tei-c.org/ns/1.0"><forename type="first">Tagyoung</forename><surname>Chung</surname></persName>
		</author>
		<author>
			<persName xmlns="http://www.tei-c.org/ns/1.0"><forename type="first">Lambert</forename><surname>Mathias</surname></persName>
		</author>
		<author>
			<persName xmlns="http://www.tei-c.org/ns/1.0"><forename type="first">Michael</forename><surname>Kayser</surname></persName>
		</author>
		<author>
			<persName xmlns="http://www.tei-c.org/ns/1.0"><forename type="first">Bradford</forename><surname>Snow</surname></persName>
		</author>
		<author>
			<persName xmlns="http://www.tei-c.org/ns/1.0"><forename type="first">Spyros</forename><surname>Matsoukas</surname></persName>
		</author>
	</analytic>
	<monogr>
		<title level="m">Proceedings of the 2018 Conference of the North American Chapter of the Association for Computational Linguistics: Human Language Technologies</title>
		<meeting>the 2018 Conference of the North American Chapter of the Association for Computational Linguistics: Human Language Technologies</meeting>
		<imprint>
			<date type="published" when="2018" />
			<biblScope unit="volume">3</biblScope>
		</imprint>
	</monogr>
	<note>Industry Papers</note>
</biblStruct>

<biblStruct xml:id="b13">
	<monogr>
		<title level="m" type="main">Just ASK: Building an Architecture for Extensible Self-Service Spoken Language Understanding</title>
		<author>
			<persName xmlns="http://www.tei-c.org/ns/1.0"><forename type="first">Anjishnu</forename><surname>Kumar</surname></persName>
		</author>
		<author>
			<persName xmlns="http://www.tei-c.org/ns/1.0"><forename type="first">Arpit</forename><surname>Gupta</surname></persName>
		</author>
		<author>
			<persName xmlns="http://www.tei-c.org/ns/1.0"><forename type="first">Julian</forename><surname>Chan</surname></persName>
		</author>
		<author>
			<persName xmlns="http://www.tei-c.org/ns/1.0"><forename type="first">Sam</forename><surname>Tucker</surname></persName>
		</author>
		<author>
			<persName xmlns="http://www.tei-c.org/ns/1.0"><forename type="first">Björn</forename><surname>Hoffmeister</surname></persName>
		</author>
		<author>
			<persName xmlns="http://www.tei-c.org/ns/1.0"><forename type="first">Markus</forename><surname>Dreyer</surname></persName>
		</author>
		<idno type="arXiv">arXiv:1711.00549</idno>
		<ptr target="http://arxiv.org/abs/1711.00549" />
		<imprint>
			<date type="published" when="2017" />
		</imprint>
	</monogr>
</biblStruct>

<biblStruct xml:id="b14">
	<monogr>
				<author>
			<persName xmlns="http://www.tei-c.org/ns/1.0"><forename type="first">Bryan</forename><surname>Mccann</surname></persName>
		</author>
		<author>
			<persName xmlns="http://www.tei-c.org/ns/1.0"><forename type="first">Nitish</forename><surname>Shirish Keskar</surname></persName>
		</author>
		<author>
			<persName xmlns="http://www.tei-c.org/ns/1.0"><forename type="first">Caiming</forename><surname>Xiong</surname></persName>
		</author>
		<author>
			<persName xmlns="http://www.tei-c.org/ns/1.0"><forename type="first">Richard</forename><surname>Socher</surname></persName>
		</author>
		<idno type="arXiv">arXiv:1806.08730</idno>
		<title level="m">The Natural Language Decathlon: Multitask Learning as Question Answering</title>
		<imprint>
			<date type="published" when="2018" />
		</imprint>
	</monogr>
	<note type="report_type">arXiv preprint</note>
</biblStruct>

<biblStruct xml:id="b15">
	<analytic>
		<title level="a" type="main">Compositional Semantic Parsing on Semi-Structured Tables</title>
		<author>
			<persName xmlns="http://www.tei-c.org/ns/1.0"><forename type="first">Panupong</forename><surname>Pasupat</surname></persName>
		</author>
		<author>
			<persName xmlns="http://www.tei-c.org/ns/1.0"><forename type="first">Percy</forename><surname>Liang</surname></persName>
		</author>
	</analytic>
	<monogr>
		<title level="m">Proceedings of the 53rd Annual Meeting of the Association for Computational Linguistics and the 7th International Joint Conference on Natural Language Processing</title>
		<meeting>the 53rd Annual Meeting of the Association for Computational Linguistics and the 7th International Joint Conference on Natural Language Processing</meeting>
		<imprint>
			<publisher>Long Papers</publisher>
			<date type="published" when="2015" />
			<biblScope unit="volume">1</biblScope>
		</imprint>
	</monogr>
</biblStruct>

<biblStruct xml:id="b16">
	<analytic>
		<title level="a" type="main">Multi-task learning for parsing the alexa meaning representation language</title>
		<author>
			<persName xmlns="http://www.tei-c.org/ns/1.0"><forename type="first">Vittorio</forename><surname>Perera</surname></persName>
		</author>
		<author>
			<persName xmlns="http://www.tei-c.org/ns/1.0"><forename type="first">Tagyoung</forename><surname>Chung</surname></persName>
		</author>
		<author>
			<persName xmlns="http://www.tei-c.org/ns/1.0"><forename type="first">Thomas</forename><surname>Kollar</surname></persName>
		</author>
		<author>
			<persName xmlns="http://www.tei-c.org/ns/1.0"><forename type="first">Emma</forename><surname>Strubell</surname></persName>
		</author>
	</analytic>
	<monogr>
		<title level="m">American Association for Artificial Intelligence (AAAI)</title>
		<imprint>
			<date type="published" when="2018" />
			<biblScope unit="page" from="181" to="224" />
		</imprint>
	</monogr>
</biblStruct>

<biblStruct xml:id="b17">
	<monogr>
		<title level="m" type="main">47.3 million U.S. adults have access to a smart speaker</title>
		<author>
			<persName xmlns="http://www.tei-c.org/ns/1.0"><forename type="first">Sarah</forename><surname>Perez</surname></persName>
		</author>
		<ptr target="https://techcrunch.com/2018/03/07/47-3-million-u-s-adults-have-access-to-a-smart-speaker-report-says/" />
		<imprint>
			<date type="published" when="2018-03" />
		</imprint>
	</monogr>
	<note type="report_type">TechCrunch</note>
	<note>report says</note>
</biblStruct>

<biblStruct xml:id="b18">
	<analytic>
		<title level="a" type="main">Abstract Syntax Networks for Code Generation and Semantic Parsing</title>
		<author>
			<persName xmlns="http://www.tei-c.org/ns/1.0"><forename type="first">Maxim</forename><surname>Rabinovich</surname></persName>
		</author>
		<author>
			<persName xmlns="http://www.tei-c.org/ns/1.0"><forename type="first">Mitchell</forename><surname>Stern</surname></persName>
		</author>
		<author>
			<persName xmlns="http://www.tei-c.org/ns/1.0"><forename type="first">Dan</forename><surname>Klein</surname></persName>
		</author>
	</analytic>
	<monogr>
		<title level="m">Proceedings of the 55th</title>
		<meeting>the 55th</meeting>
		<imprint>
			<date type="published" when="2017" />
		</imprint>
	</monogr>
</biblStruct>

<biblStruct xml:id="b19">
	<monogr>
				<title level="m">Annual Meeting of the Association for Computational Linguistics</title>
		<imprint>
			<publisher>Long Papers</publisher>
			<biblScope unit="volume">1</biblScope>
			<biblScope unit="page" from="1139" to="1149" />
		</imprint>
	</monogr>
</biblStruct>

<biblStruct xml:id="b20">
	<analytic>
		<title level="a" type="main">Get To The Point: Summarization with Pointer-Generator Networks</title>
		<author>
			<persName xmlns="http://www.tei-c.org/ns/1.0"><forename type="first">Abigail</forename><surname>See</surname></persName>
		</author>
		<author>
			<persName xmlns="http://www.tei-c.org/ns/1.0"><forename type="first">J</forename><surname>Peter</surname></persName>
		</author>
		<author>
			<persName xmlns="http://www.tei-c.org/ns/1.0"><forename type="first">Christopher D</forename><surname>Liu</surname></persName>
		</author>
		<author>
			<persName xmlns="http://www.tei-c.org/ns/1.0"><surname>Manning</surname></persName>
		</author>
	</analytic>
	<monogr>
		<title level="m">Proceedings of the 55th</title>
		<meeting>the 55th</meeting>
		<imprint>
			<date type="published" when="2017" />
		</imprint>
	</monogr>
</biblStruct>

<biblStruct xml:id="b21">
	<monogr>
				<title level="m">Annual Meeting of the Association for Computational Linguistics</title>
		<imprint>
			<publisher>Long Papers</publisher>
			<biblScope unit="volume">1</biblScope>
			<biblScope unit="page" from="1073" to="1083" />
		</imprint>
	</monogr>
</biblStruct>

<biblStruct xml:id="b22">
	<analytic>
		<title level="a" type="main">Sequence to sequence learning with neural networks</title>
		<author>
			<persName xmlns="http://www.tei-c.org/ns/1.0"><forename type="first">Ilya</forename><surname>Sutskever</surname></persName>
		</author>
		<author>
			<persName xmlns="http://www.tei-c.org/ns/1.0"><forename type="first">Oriol</forename><surname>Vinyals</surname></persName>
		</author>
		<author>
			<persName xmlns="http://www.tei-c.org/ns/1.0"><forename type="first">Quoc V</forename><surname>Le</surname></persName>
		</author>
	</analytic>
	<monogr>
		<title level="m">Advances in neural information processing systems</title>
		<imprint>
			<date type="published" when="2014" />
			<biblScope unit="page" from="3104" to="3112" />
		</imprint>
	</monogr>
</biblStruct>

<biblStruct xml:id="b23">
	<analytic>
		<title level="a" type="main">Using Multiple Clause Constructors in Inductive Logic Programming for Semantic Parsing</title>
		<author>
			<persName xmlns="http://www.tei-c.org/ns/1.0"><forename type="first">R</forename><surname>Lappoon</surname></persName>
		</author>
		<author>
			<persName xmlns="http://www.tei-c.org/ns/1.0"><forename type="first">Raymond</forename><forename type="middle">J</forename><surname>Tang</surname></persName>
		</author>
		<author>
			<persName xmlns="http://www.tei-c.org/ns/1.0"><surname>Mooney</surname></persName>
		</author>
	</analytic>
	<monogr>
		<title level="m">Machine Learning: ECML</title>
		<meeting><address><addrLine>Berlin Heidelberg</addrLine></address></meeting>
		<imprint>
			<publisher>Springer</publisher>
			<date type="published" when="2001" />
			<biblScope unit="page" from="466" to="477" />
		</imprint>
	</monogr>
</biblStruct>

<biblStruct xml:id="b24">
	<analytic>
		<title level="a" type="main">Attention is all you need</title>
		<author>
			<persName xmlns="http://www.tei-c.org/ns/1.0"><forename type="first">Ashish</forename><surname>Vaswani</surname></persName>
		</author>
		<author>
			<persName xmlns="http://www.tei-c.org/ns/1.0"><forename type="first">Noam</forename><surname>Shazeer</surname></persName>
		</author>
		<author>
			<persName xmlns="http://www.tei-c.org/ns/1.0"><forename type="first">Niki</forename><surname>Parmar</surname></persName>
		</author>
		<author>
			<persName xmlns="http://www.tei-c.org/ns/1.0"><forename type="first">Jakob</forename><surname>Uszkoreit</surname></persName>
		</author>
		<author>
			<persName xmlns="http://www.tei-c.org/ns/1.0"><forename type="first">Llion</forename><surname>Jones</surname></persName>
		</author>
		<author>
			<persName xmlns="http://www.tei-c.org/ns/1.0"><forename type="first">Aidan</forename><forename type="middle">N</forename><surname>Gomez</surname></persName>
		</author>
		<author>
			<persName xmlns="http://www.tei-c.org/ns/1.0"><forename type="first">Łukasz</forename><surname>Kaiser</surname></persName>
		</author>
		<author>
			<persName xmlns="http://www.tei-c.org/ns/1.0"><forename type="first">Illia</forename><surname>Polosukhin</surname></persName>
		</author>
	</analytic>
	<monogr>
		<title level="m">Advances in Neural Information Processing Systems</title>
		<imprint>
			<date type="published" when="2017" />
			<biblScope unit="page" from="5998" to="6008" />
		</imprint>
	</monogr>
</biblStruct>

<biblStruct xml:id="b25">
	<monogr>
		<title level="m" type="main">Robust text-to-sql generation with execution-guided decoding</title>
		<author>
			<persName xmlns="http://www.tei-c.org/ns/1.0"><forename type="first">Chenglong</forename><surname>Wang</surname></persName>
		</author>
		<author>
			<persName xmlns="http://www.tei-c.org/ns/1.0"><forename type="first">Kedar</forename><surname>Tatwawadi</surname></persName>
		</author>
		<author>
			<persName xmlns="http://www.tei-c.org/ns/1.0"><forename type="first">Marc</forename><surname>Brockschmidt</surname></persName>
		</author>
		<author>
			<persName xmlns="http://www.tei-c.org/ns/1.0"><forename type="first">Po-Sen</forename><surname>Huang</surname></persName>
		</author>
		<author>
			<persName xmlns="http://www.tei-c.org/ns/1.0"><forename type="first">Yi</forename><surname>Mao</surname></persName>
		</author>
		<author>
			<persName xmlns="http://www.tei-c.org/ns/1.0"><forename type="first">Oleksandr</forename><surname>Polozov</surname></persName>
		</author>
		<author>
			<persName xmlns="http://www.tei-c.org/ns/1.0"><forename type="first">Rishabh</forename><surname>Singh</surname></persName>
		</author>
		<idno type="arXiv">arXiv:1807.03100</idno>
		<imprint>
			<date type="published" when="2018" />
		</imprint>
	</monogr>
	<note type="report_type">arXiv preprint</note>
</biblStruct>

<biblStruct xml:id="b26">
	<analytic>
		<title level="a" type="main">Building a Semantic Parser Overnight</title>
		<author>
			<persName xmlns="http://www.tei-c.org/ns/1.0"><forename type="first">Yushi</forename><surname>Wang</surname></persName>
		</author>
		<author>
			<persName xmlns="http://www.tei-c.org/ns/1.0"><forename type="first">Jonathan</forename><surname>Berant</surname></persName>
		</author>
		<author>
			<persName xmlns="http://www.tei-c.org/ns/1.0"><forename type="first">Percy</forename><surname>Liang</surname></persName>
		</author>
	</analytic>
	<monogr>
		<title level="m">Proceedings of the 53rd Annual Meeting of the Association for Computational Linguistics and the 7th International Joint Conference on Natural Language Processing</title>
		<meeting>the 53rd Annual Meeting of the Association for Computational Linguistics and the 7th International Joint Conference on Natural Language Processing</meeting>
		<imprint>
			<publisher>Long Papers</publisher>
			<date type="published" when="2015" />
			<biblScope unit="volume">1</biblScope>
			<biblScope unit="page" from="1332" to="1342" />
		</imprint>
	</monogr>
</biblStruct>

<biblStruct xml:id="b27">
	<analytic>
		<title level="a" type="main">Learning synchronous grammars for semantic parsing with lambda calculus</title>
		<author>
			<persName xmlns="http://www.tei-c.org/ns/1.0"><forename type="first">Yuk</forename><forename type="middle">Wah</forename><surname>Wong</surname></persName>
		</author>
		<author>
			<persName xmlns="http://www.tei-c.org/ns/1.0"><forename type="first">Raymond</forename><surname>Mooney</surname></persName>
		</author>
	</analytic>
	<monogr>
		<title level="m">Proceedings of the 45th Annual Meeting of the Association of Computational Linguistics</title>
		<meeting>the 45th Annual Meeting of the Association of Computational Linguistics</meeting>
		<imprint>
			<date type="published" when="2007" />
			<biblScope unit="page" from="960" to="967" />
		</imprint>
	</monogr>
</biblStruct>

<biblStruct xml:id="b28">
	<analytic>
		<title level="a" type="main">Sequence-based Structured Prediction for Semantic Parsing</title>
		<author>
			<persName xmlns="http://www.tei-c.org/ns/1.0"><forename type="first">Chunyang</forename><surname>Xiao</surname></persName>
		</author>
		<author>
			<persName xmlns="http://www.tei-c.org/ns/1.0"><forename type="first">Marc</forename><surname>Dymetman</surname></persName>
		</author>
		<author>
			<persName xmlns="http://www.tei-c.org/ns/1.0"><forename type="first">Claire</forename><surname>Gardent</surname></persName>
		</author>
	</analytic>
	<monogr>
		<title level="m">Proceedings of the 54th Annual Meeting of the Association for Computational Linguistics</title>
		<meeting>the 54th Annual Meeting of the Association for Computational Linguistics</meeting>
		<imprint>
			<publisher>Long Papers</publisher>
			<date type="published" when="2016" />
			<biblScope unit="volume">1</biblScope>
			<biblScope unit="page" from="1341" to="1350" />
		</imprint>
	</monogr>
</biblStruct>

<biblStruct xml:id="b29">
	<monogr>
				<author>
			<persName xmlns="http://www.tei-c.org/ns/1.0"><forename type="first">Xiaojun</forename><surname>Xu</surname></persName>
		</author>
		<author>
			<persName xmlns="http://www.tei-c.org/ns/1.0"><forename type="first">Chang</forename><surname>Liu</surname></persName>
		</author>
		<author>
			<persName xmlns="http://www.tei-c.org/ns/1.0"><forename type="first">Dawn</forename><surname>Song</surname></persName>
		</author>
		<idno type="arXiv">arXiv:1711.04436</idno>
		<title level="m">Sqlnet: Generating structured queries from natural language without reinforcement learning</title>
		<imprint>
			<date type="published" when="2017" />
		</imprint>
	</monogr>
	<note type="report_type">arXiv preprint</note>
</biblStruct>

<biblStruct xml:id="b30">
	<analytic>
		<title level="a" type="main">Natural language questions for the web of data</title>
		<author>
			<persName xmlns="http://www.tei-c.org/ns/1.0"><forename type="first">Mohamed</forename><surname>Yahya</surname></persName>
		</author>
		<author>
			<persName xmlns="http://www.tei-c.org/ns/1.0"><forename type="first">Klaus</forename><surname>Berberich</surname></persName>
		</author>
		<author>
			<persName xmlns="http://www.tei-c.org/ns/1.0"><forename type="first">Shady</forename><surname>Elbassuoni</surname></persName>
		</author>
		<author>
			<persName xmlns="http://www.tei-c.org/ns/1.0"><forename type="first">Maya</forename><surname>Ramanath</surname></persName>
		</author>
		<author>
			<persName xmlns="http://www.tei-c.org/ns/1.0"><forename type="first">Gerhard</forename><surname>Volker Tresp</surname></persName>
		</author>
		<author>
			<persName xmlns="http://www.tei-c.org/ns/1.0"><surname>Weikum</surname></persName>
		</author>
	</analytic>
	<monogr>
		<title level="m">Proceedings of the 2012 Joint Conference on Empirical Methods in Natural Language Processing and Computational Natural Language Learning</title>
		<meeting>the 2012 Joint Conference on Empirical Methods in Natural Language Processing and Computational Natural Language Learning</meeting>
		<imprint>
			<publisher>Association for Computational Linguistics</publisher>
			<date type="published" when="2012" />
			<biblScope unit="page" from="379" to="390" />
		</imprint>
	</monogr>
</biblStruct>

<biblStruct xml:id="b31">
	<analytic>
		<title level="a" type="main">What It Takes to Achieve 100% Condition Accuracy on WikiSQL</title>
		<author>
			<persName xmlns="http://www.tei-c.org/ns/1.0"><forename type="first">Semih</forename><surname>Yavuz</surname></persName>
		</author>
		<author>
			<persName xmlns="http://www.tei-c.org/ns/1.0"><forename type="first">Izzeddin</forename><surname>Gur</surname></persName>
		</author>
		<author>
			<persName xmlns="http://www.tei-c.org/ns/1.0"><forename type="first">Yu</forename><surname>Su</surname></persName>
		</author>
		<author>
			<persName xmlns="http://www.tei-c.org/ns/1.0"><forename type="first">Xifeng</forename><surname>Yan</surname></persName>
		</author>
	</analytic>
	<monogr>
		<title level="m">Proceedings of the 2018 Conference on Empirical Methods in Natural Language Processing</title>
		<meeting>the 2018 Conference on Empirical Methods in Natural Language Processing</meeting>
		<imprint>
			<date type="published" when="2018" />
			<biblScope unit="page" from="1702" to="1711" />
		</imprint>
	</monogr>
</biblStruct>

<biblStruct xml:id="b32">
	<analytic>
		<title level="a" type="main">A Syntactic Neural Model for General-Purpose Code Generation</title>
		<author>
			<persName xmlns="http://www.tei-c.org/ns/1.0"><forename type="first">Pengcheng</forename><surname>Yin</surname></persName>
		</author>
		<author>
			<persName xmlns="http://www.tei-c.org/ns/1.0"><forename type="first">Graham</forename><surname>Neubig</surname></persName>
		</author>
	</analytic>
	<monogr>
		<title level="m">Proceedings of the 55th Annual Meeting of the Association for Computational Linguistics</title>
		<meeting>the 55th Annual Meeting of the Association for Computational Linguistics</meeting>
		<imprint>
			<date type="published" when="2017" />
			<biblScope unit="volume">1</biblScope>
			<biblScope unit="page" from="440" to="450" />
		</imprint>
	</monogr>
</biblStruct>

<biblStruct xml:id="b33">
	<analytic>
		<title level="a" type="main">TRANX: A Transition-based Neural Abstract Syntax Parser for Semantic Parsing and Code Generation</title>
		<author>
			<persName xmlns="http://www.tei-c.org/ns/1.0"><forename type="first">Pengcheng</forename><surname>Yin</surname></persName>
		</author>
		<author>
			<persName xmlns="http://www.tei-c.org/ns/1.0"><forename type="first">Graham</forename><surname>Neubig</surname></persName>
		</author>
	</analytic>
	<monogr>
		<title level="m">Proceedings of the 2018 Conference on Empirical Methods in Natural Language Processing: System Demonstrations</title>
		<meeting>the 2018 Conference on Empirical Methods in Natural Language Processing: System Demonstrations</meeting>
		<imprint>
			<date type="published" when="2018" />
			<biblScope unit="page" from="7" to="12" />
		</imprint>
	</monogr>
</biblStruct>

<biblStruct xml:id="b34">
	<analytic>
		<title level="a" type="main">TypeSQL: Knowledge-Based Type-Aware Neural Text-to-SQL Generation</title>
		<author>
			<persName xmlns="http://www.tei-c.org/ns/1.0"><forename type="first">Tao</forename><surname>Yu</surname></persName>
		</author>
		<author>
			<persName xmlns="http://www.tei-c.org/ns/1.0"><forename type="first">Zifan</forename><surname>Li</surname></persName>
		</author>
		<author>
			<persName xmlns="http://www.tei-c.org/ns/1.0"><forename type="first">Zilin</forename><surname>Zhang</surname></persName>
		</author>
		<author>
			<persName xmlns="http://www.tei-c.org/ns/1.0"><forename type="first">Rui</forename><surname>Zhang</surname></persName>
		</author>
		<author>
			<persName xmlns="http://www.tei-c.org/ns/1.0"><forename type="first">Dragomir</forename><surname>Radev</surname></persName>
		</author>
	</analytic>
	<monogr>
		<title level="m">Proceedings of the 2018 Conference of the North American Chapter of the Association for Computational Linguistics: Human Language Technologies</title>
		<meeting>the 2018 Conference of the North American Chapter of the Association for Computational Linguistics: Human Language Technologies</meeting>
		<imprint>
			<date type="published" when="2018" />
			<biblScope unit="volume">2</biblScope>
			<biblScope unit="page" from="588" to="594" />
		</imprint>
	</monogr>
	<note>Short Papers</note>
</biblStruct>

<biblStruct xml:id="b35">
	<monogr>
		<title level="m" type="main">Spider: A Large-Scale Human-Labeled Dataset for Complex and Cross-Domain Semantic Parsing and Text-to-SQL Task</title>
		<author>
			<persName xmlns="http://www.tei-c.org/ns/1.0"><forename type="first">Tao</forename><surname>Yu</surname></persName>
		</author>
		<author>
			<persName xmlns="http://www.tei-c.org/ns/1.0"><forename type="first">Rui</forename><surname>Zhang</surname></persName>
		</author>
		<author>
			<persName xmlns="http://www.tei-c.org/ns/1.0"><forename type="first">Kai</forename><surname>Yang</surname></persName>
		</author>
		<author>
			<persName xmlns="http://www.tei-c.org/ns/1.0"><forename type="first">Michihiro</forename><surname>Yasunaga</surname></persName>
		</author>
		<author>
			<persName xmlns="http://www.tei-c.org/ns/1.0"><forename type="first">Dongxu</forename><surname>Wang</surname></persName>
		</author>
		<author>
			<persName xmlns="http://www.tei-c.org/ns/1.0"><forename type="first">Zifan</forename><surname>Li</surname></persName>
		</author>
		<author>
			<persName xmlns="http://www.tei-c.org/ns/1.0"><forename type="first">James</forename><surname>Ma</surname></persName>
		</author>
		<author>
			<persName xmlns="http://www.tei-c.org/ns/1.0"><forename type="first">Irene</forename><surname>Li</surname></persName>
		</author>
		<author>
			<persName xmlns="http://www.tei-c.org/ns/1.0"><forename type="first">Qingning</forename><surname>Yao</surname></persName>
		</author>
		<author>
			<persName xmlns="http://www.tei-c.org/ns/1.0"><forename type="first">Shanelle</forename><surname>Roman</surname></persName>
		</author>
		<author>
			<persName xmlns="http://www.tei-c.org/ns/1.0"><forename type="first">Zilin</forename><surname>Zhang</surname></persName>
		</author>
		<author>
			<persName xmlns="http://www.tei-c.org/ns/1.0"><forename type="first">Dragomir</forename><forename type="middle">R</forename><surname>Radev</surname></persName>
		</author>
		<idno type="arXiv">arXiv:1809.08887</idno>
		<ptr target="http://arxiv.org/abs/1809.08887" />
		<imprint>
			<date type="published" when="2018" />
		</imprint>
	</monogr>
</biblStruct>

<biblStruct xml:id="b36">
	<analytic>
		<title level="a" type="main">Inducing deterministic Prolog parsers from treebanks: A machine learning approach</title>
		<author>
			<persName xmlns="http://www.tei-c.org/ns/1.0"><forename type="first">M</forename><surname>John</surname></persName>
		</author>
		<author>
			<persName xmlns="http://www.tei-c.org/ns/1.0"><forename type="first">Raymond J</forename><surname>Zelle</surname></persName>
		</author>
		<author>
			<persName xmlns="http://www.tei-c.org/ns/1.0"><surname>Mooney</surname></persName>
		</author>
	</analytic>
	<monogr>
		<title level="m">AAAI</title>
		<imprint>
			<date type="published" when="1994" />
			<biblScope unit="page" from="748" to="753" />
		</imprint>
	</monogr>
</biblStruct>

<biblStruct xml:id="b37">
	<analytic>
		<title level="a" type="main">Learning to parse database queries using inductive logic programming</title>
		<author>
			<persName xmlns="http://www.tei-c.org/ns/1.0"><forename type="first">M</forename><surname>John</surname></persName>
		</author>
		<author>
			<persName xmlns="http://www.tei-c.org/ns/1.0"><forename type="first">Raymond J</forename><surname>Zelle</surname></persName>
		</author>
		<author>
			<persName xmlns="http://www.tei-c.org/ns/1.0"><surname>Mooney</surname></persName>
		</author>
	</analytic>
	<monogr>
		<title level="m">Proceedings of the thirteenth national conference on Artificial intelligence</title>
		<meeting>the thirteenth national conference on Artificial intelligence</meeting>
		<imprint>
			<publisher>AAAI Press</publisher>
			<date type="published" when="1996" />
			<biblScope unit="volume">2</biblScope>
			<biblScope unit="page" from="1050" to="1055" />
		</imprint>
	</monogr>
</biblStruct>

<biblStruct xml:id="b38">
	<analytic>
		<title level="a" type="main">Learning to map sentences to logical form: structured classification with probabilistic categorial grammars</title>
		<author>
			<persName xmlns="http://www.tei-c.org/ns/1.0"><forename type="first">S</forename><surname>Luke</surname></persName>
		</author>
		<author>
			<persName xmlns="http://www.tei-c.org/ns/1.0"><forename type="first">Michael</forename><surname>Zettlemoyer</surname></persName>
		</author>
		<author>
			<persName xmlns="http://www.tei-c.org/ns/1.0"><surname>Collins</surname></persName>
		</author>
	</analytic>
	<monogr>
		<title level="m">Proceedings of the Twenty-First Conference on Uncertainty in Artificial Intelligence</title>
		<meeting>the Twenty-First Conference on Uncertainty in Artificial Intelligence</meeting>
		<imprint>
			<publisher>AUAI Press</publisher>
			<date type="published" when="2005" />
			<biblScope unit="page" from="658" to="666" />
		</imprint>
	</monogr>
</biblStruct>

<biblStruct xml:id="b39">
	<monogr>
				<author>
			<persName xmlns="http://www.tei-c.org/ns/1.0"><forename type="first">Victor</forename><surname>Zhong</surname></persName>
		</author>
		<author>
			<persName xmlns="http://www.tei-c.org/ns/1.0"><forename type="first">Caiming</forename><surname>Xiong</surname></persName>
		</author>
		<author>
			<persName xmlns="http://www.tei-c.org/ns/1.0"><forename type="first">Richard</forename><surname>Socher</surname></persName>
		</author>
		<idno type="arXiv">arXiv:1709.00103</idno>
		<title level="m">Seq2SQL: Generating Structured Queries from Natural Language using Reinforcement Learning</title>
		<imprint>
			<date type="published" when="2017" />
		</imprint>
	</monogr>
	<note type="report_type">arXiv preprint</note>
</biblStruct>

				</listBibl>
			</div>
		</back>
	</text>
</TEI>
