<?xml version="1.0" encoding="UTF-8"?>
<TEI xml:space="preserve" xmlns="http://www.tei-c.org/ns/1.0" 
xmlns:xsi="http://www.w3.org/2001/XMLSchema-instance" 
xsi:schemaLocation="http://www.tei-c.org/ns/1.0 /home/varun/Desktop/NLP/Projects/grobid-0.5.6/grobid-home/schemas/xsd/Grobid.xsd"
 xmlns:xlink="http://www.w3.org/1999/xlink">
	<teiHeader xml:lang="en">
		<fileDesc>
			<titleStmt>
				<title level="a" type="main">Morphological Modeling for Machine Translation of English-Iraqi Arabic Spoken Dialogs</title>
			</titleStmt>
			<publicationStmt>
				<publisher>Association for Computational Linguistics</publisher>
				<availability status="unknown"><p>Copyright Association for Computational Linguistics</p>
				</availability>
				<date>May 31 -June 5, 2015. 2015</date>
			</publicationStmt>
			<sourceDesc>
				<biblStruct>
					<analytic>
						<author>
							<persName xmlns="http://www.tei-c.org/ns/1.0"><forename type="first">Katrin</forename><surname>Kirchhoff</surname></persName>
						</author>
						<author>
							<persName xmlns="http://www.tei-c.org/ns/1.0"><forename type="first">Wilson</forename><surname>Tam</surname></persName>
							<email>wilson.yctam@gmail.com</email>
						</author>
						<author>
							<persName xmlns="http://www.tei-c.org/ns/1.0"><forename type="first">Colleen</forename><surname>Richey</surname></persName>
							<email>colleen@speech.sri.com</email>
						</author>
						<author>
							<persName xmlns="http://www.tei-c.org/ns/1.0"><forename type="first">Wen</forename><surname>Wang</surname></persName>
							<email>wwang@speech.sri.com</email>
						</author>
						<author>
							<affiliation key="aff0">
								<orgName type="department">Department of Electrical Engineering</orgName>
								<orgName type="institution">University of Washington Seattle</orgName>
								<address>
									<region>WA</region>
									<country key="US">USA</country>
								</address>
							</affiliation>
						</author>
						<author>
							<affiliation key="aff1">
								<orgName type="institution" key="instit1">Microsoft Corporation</orgName>
								<orgName type="institution" key="instit2">SRI International</orgName>
								<address>
									<settlement>Menlo Park</settlement>
									<region>CA</region>
									<country key="US">USA</country>
								</address>
							</affiliation>
						</author>
						<title level="a" type="main">Morphological Modeling for Machine Translation of English-Iraqi Arabic Spoken Dialogs</title>
					</analytic>
					<monogr>
						<title level="m">Human Language Technologies: The 2015 Annual Conference of the North American Chapter of the ACL</title>
						<meeting> <address><addrLine>Denver, Colorado</addrLine></address>
						</meeting>
						<imprint>
							<publisher>Association for Computational Linguistics</publisher>
							<biblScope unit="page" from="995" to="1000"/>
							<date type="published">May 31 -June 5, 2015. 2015</date>
						</imprint>
					</monogr>
				</biblStruct>
			</sourceDesc>
		</fileDesc>

		<encodingDesc>
			<appInfo>
				<application version="0.5.6" ident="GROBID" when="2020-04-20T13:49+0000">
					<ref target="https://github.com/kermitt2/grobid">GROBID - A machine learning software for extracting information from scholarly documents</ref>
				</application>
			</appInfo>
		</encodingDesc>		<profileDesc>
			<abstract>
<div xmlns="http://www.tei-c.org/ns/1.0"><p>This paper addresses the problem of morphological modeling in statistical speech-tospeech translation for English to Iraqi Arabic. An analysis of user data from a real-time MT-based dialog system showed that generating correct verbal inflections is a key problem for this language pair. We approach this problem by enriching the training data with morphological information derived from sourceside dependency parses. We analyze the performance of several parsers as well as the effect on different types of translation models. Our method achieves an improvement of more than a full BLEU point and a significant increase in verbal inflection accuracy; at the same time, it is computationally inexpensive and does not rely on target-language linguistic tools.</p></div>
			</abstract>
		</profileDesc>
	</teiHeader>
	<text xml:lang="en">
		<body>
<div xmlns="http://www.tei-c.org/ns/1.0"><head n="1">Introduction</head><p>SMT from a morphologically poor language like English into a language with richer morphology continues to be a problem, in particular when training data is sparse and/or the SMT system has insufficient modeling capabilities for morphological variation in the target language. Most previous approaches to this problem have utilized a translate-and-inflect method, where a first-pass SMT system is trained on lemmatized forms, and the correct inflection for every word is predicted in a second pass by statistical classifiers trained on a combination of source and target language features. This paper looks at morphological modeling from a different perspective, namely to improve SMT in a real-time speech-to-speech translation system. Our focus is on resolving those morphological translation errors that are most likely to cause confusions and misunderstandings in machine-translation mediated human-human dialogs. Due to the constraints imposed by a realtime system, previous approaches that rely on elaborate feature sets and multi-pass processing strategies are unsuitable for this problem. The language pair of interest in this study is English and Iraqi Arabic (IA). The latter is a spoken dialect of Arabic with few existing linguistic resources. We therefore develop a low-resource approach that relies on sourceside dependency parses only. We analyze its performance in combination with different types of parsers and different translation models. Results show a significant improvement in translation performance in both automatic and manual evaluations. Moreover, the proposed method is sufficiently fast for a realtime system.</p></div>
<div xmlns="http://www.tei-c.org/ns/1.0"><head n="2">Prior Work</head><p>Much work in SMT has addressed the issue of translating from morphologically-rich languages by preprocessing the source and/or target data by e.g., stemming and morphological decomposition <ref type="bibr" target="#b19">(Popovic and Ney, 2004;</ref><ref type="bibr" target="#b9">Goldwater and McClosky, 2005)</ref>, compound splitting <ref type="bibr" target="#b13">(Koehn and Knight, 2003)</ref>, or various forms of tokenization <ref type="bibr" target="#b15">(Lee, 2004;</ref><ref type="bibr" target="#b11">Habash and Sadat, 2006)</ref>. In <ref type="bibr" target="#b17">(Minkov et al., 2007;</ref><ref type="bibr" target="#b21">Toutanova et al., 2008)</ref> morphological generation was applied as a postprocessing step for translation into morphologically-rich languages. A maximumentropy Markov model was trained to predict the correct inflection for every stemmed word in the machine translation output from a first-pass system, conditioned on a set of lexical, morphological and syntactic features. More recently, <ref type="bibr" target="#b2">(Chahuneau et al., 2013)</ref> applied a similar translate-and-inflect approach, utilizing unsupervised in addition to supervised morphological analyses. Inflection generation models were also used by <ref type="bibr" target="#b8">(Fraser et al., 2012;</ref><ref type="bibr" target="#b22">Weller et al., 2013)</ref> for translation into German, and by (El <ref type="bibr" target="#b6">Kholy and Habash, 2012)</ref> for Modern Standard Arabic. <ref type="bibr" target="#b20">(Sultan, 2011)</ref> added both syntactic information on the source side that was used in filtering the phrase table, plus postprocessing on the target side for English-Arabic translation. Still other approaches enrich the translation system with morphology-aware feature functions or specific agreement models <ref type="bibr" target="#b12">(Koehn and Hoang, 2007;</ref><ref type="bibr" target="#b10">Green and DeNero, 2012;</ref><ref type="bibr" target="#b23">Williams and Koehn, 2011)</ref>.</p><p>In contrast to the above studies, which have concentrated on text translation, this paper focuses on spoken language translation within a bilingual human-human dialog system. Thus, our main goal is not to predict the correct morphological form of every word, but to prevent communication errors resulting from the mishandling of morphology. The intended use in a real-time dialog system imposes additional constraints on morphological modeling: any proposed approach should not add a significant computational burden to the overall system that might result in delays in translation or response generation. Our goal is also complicated by the fact that our target language is a spoken dialect of Arabic, for which few linguistic resources (training data, lexicons, morphological analyzers) exist. Lastly, Arabic written forms are morphologically highly ambiguous due to the lack of short vowel markers that signal grammatical categories.</p></div>
<div xmlns="http://www.tei-c.org/ns/1.0"><head n="3">Dialog System and Analysis</head><p>The first step in the dialog system used for this study consists of an automatic speech recognition (ASR) component that produces ASR hypotheses for the user's speech input. Several error detection modules then identify likely out-of-vocabulary and misrecognized words. This information is used by a clarification module that asks the user to rephrase these error segments; another module then combines the user's answers into a merged, corrected representa- tion before sending it to the translation engine. A machine translation error detection module analyzes the translation to check for errors, such as unknown words. If an error is found, another clarification subdialog is initiated; otherwise, the translation is sent to a text-to-speech engine to produce the acoustic output in the other language. A schematic representation is shown in <ref type="figure" target="#fig_0">Figure 1</ref>. More details about the system can be found in <ref type="bibr">(et al., 2013)</ref>. The system was evaluated in live mode with native IA speakers as part of the DARPA BOLT Phase-II benchmark evaluations. The predefined scenarios included military and humanitarian assistance/disaster relief scenarios as well as general topics. All system interactions were logged and evaluated by bilingual human assessors. During debriefing sessions with the users, some users voiced dissatisfaction with the translation quality, and a subsequent detailed error analysis was conducted on the logs of 30 interactions. Similar to previous studies <ref type="bibr" target="#b3">(Condon et al., 2010)</ref> we found that a frequently recurring problem was wrong morphological verb forms in the IA output. Some examples are shown in <ref type="table" target="#tab_0">Table 1</ref>. In Example 1, to make sure should be translated by a first-person plural verb but it is translated by a second-person plural form, changing the meaning to (you (pl.) make sure). The desired verb form would be ntAkd. Similarly, in Example 2 the translation of transport should agree with the translations of someone and the preceding 1 you need to tell the locals to evacuate the area so we can secure the area to make sure no one gets hurt lAzm tqwl Alhm AhAly AlmnTqp bAlAxlA' AlmnTqp HtY nqdr nwmn AlmnTqp Elmwd ttAkdwn Anh mHd ytAY 2 do you have someone that can transport you to the nearest american base Endk wAHd yqdr nqlk lAqrb qAEdp Amrykyp auxiliary verb can (yqdr). The correct form would be yqlk (he/she transports you) instead of nqlk (we transport you). Such translation errors are confusing to users as they affect the understanding of basic semantic roles. They tend to occur when translating English infinitival constructions (to+verb) or other syntactic constructions where English base verb forms need to be translated by a finite verb in IA. In these cases, explicit morphological features like person and number are required in Arabic but they are lacking in the English input.</p></div>
<div xmlns="http://www.tei-c.org/ns/1.0"><head n="4">Approach</head><p>An analysis of the SMT component showed that morphological translation errors primarily occur when a head word and its dependent (such as a verbal head and its subject noun dependent) are translated as part of different phrases or rules. In that case, insufficient context is available to produce the correct translation. Our approach is to annotate syntactic dependencies on the source side using a statistical parser. Based on the resulting dependency structures the source-side data is then tagged with explicit morphological verbal features using deterministic rules (e.g., subject nouns assign their person/number features to their verbal heads), and a new translation model is trained on this data. Our assumption is that words tagged with explicit morphological features will be aligned with their correct translations during training and will thus produce correctly inflected forms during testing even when the syntactic context is not available in the same phrase/rule. For instance, the input sentence in Example 1 in <ref type="table" target="#tab_0">Table 1</ref> would be annotated as: you need-2sg to tell-2sg the locals to evacuate-3pl the area so we can-1pl secure-1pl the area to make-1pl sure no one gets-3sg hurt. This approach avoids the costly extraction of multiple features, subsequent statistical classification, and inflection generation during run time; moreover, it does not require target-side annotation tools, an advantage when dealing with under-resourced spoken dialects. There are, however, several potential issues with this approach. First, introducing tags fragments the training data: the same word may receive multiple different tags, either due to genuine ambiguity or because of parser errors. As a result, word alignment and phrase extraction may suffer from data sparsity. Second, new word-tag combinations in the test data that were not observed in the training data will not have an existing translation. Third, the performance of the model is highly dependent on the accuracy of the parser. Finally, we make the assumption that the expression of person and number categories are matched across source and target language -in practice, we have indeed seen very few mismatched cases where e.g., a singular noun phrase in English is translated by a plural noun phrase in IA (see Section 6 below).</p><p>To address the first point the morph-tagged translation model can be used in a backoff procedure rather than as an alternative model. In this case the baseline model is used by default, and the morphtagged model is only used whenever heads and dependents are translated as part of different phrases. Unseen translations for particular word-tag combinations in the test set could in principle be addressed by using a morphological analyzer to generate novel word forms with the desired inflections. However, this would require identifying the correct stem for the word in question, generating all possible morphological forms, and either selecting one or providing all options to the SMT system, which again increases system load. We analyzed unseen word-tag combination in the test data but found that their percentage was very small (&lt; 1%). Thus, for these forms we back off to the untagged counterparts rather than generating new inflected forms. To obtain better insight into the effect of parsing accuracy we compared the performance of two parsers in our annotation pipeline: the Stanford parser (de Marneffe et al., 2006) (version 3.3.1) and the Macaon parser <ref type="bibr" target="#b18">(Nasr et al., 2014)</ref>. The latter is an implementation of graph-based parsing <ref type="bibr" target="#b16">(McDonald et al., 2005)</ref> where a projective dependency tree maximizing a score function is sought in the graph of all possible trees using dynamic programming. It uses a 1st-order decoder, which is more robust to speech input as well as out-of-domain training data. The features implemented reflect those of <ref type="bibr" target="#b1">(Bohnet, 2010</ref>) (based on lexemes and part-of-speech tags). The parser was trained on Penn-Treebank data transformed to match speech (lower-cased, no punctuation), with one iteration of self-training on the Transtac training set. We also use the combination of both parsers, where source words are only tagged if the tags derived independently from each parser agree with each other.</p></div>
<div xmlns="http://www.tei-c.org/ns/1.0"><head n="5">Data and Baseline Systems</head><p>Development experiments were carried out on the Transtac corpus of dialogs in the military and medical domain. The number of sentence pairs is 762k for the training set, 6.9k for the dev set, 2.8k for eval set 1, and 1.8k for eval set 2. Eval set 1 has one reference per sentence, eval set 2 has four references. For the development experiments we used a phrase-based Moses SMT system with a hierarchical reordering model, tested on Eval set 1. The language model was a backoff 6-gram model trained using Kneser-Ney discounting and interpolation of higher-and lower-order n-grams. In addition to automatic evaluation we performed manual analyses of the accuracy of verbal features in the IA translations on a subset of 65 sentences (containing 143 verb forms) from the live evaluations described above. This analysis counts a verb form as correct if its morphological features for person and number are correct, although it may have the wrong lemma (e.g., wrong word sense). The development experiments were designed to identify the setup that produces the highest verbal inflection accuracy. For final testing we used a more advanced SMT engine on Eval set 2.This system is the one used in the real-time dialog system; it contains a hierarchical phrase-based translation model, sparse features, and a neural network joint model (NNJM) <ref type="bibr" target="#b5">(Devlin et al., 2014)</ref>.  <ref type="table">Table 2</ref>: BLEU scores on Transtac eval set 1 and accuracy of verbal morphological features on manual eval set. std = standard, bo = backed-off system. <ref type="table">Table 2</ref> show the comparison between the baseline, different parsers, and the combined system. We see that verbal inflection accuracy increases substantially from the baseline performance and is best for the Macaon parser. Improvements over the baseline system without morphology are statistically significant; differences between the individual parsers are not (not, however, that the sample size for manual evaluation was quite small).</p></div>
<div xmlns="http://www.tei-c.org/ns/1.0"><head n="6">Experiments and Results</head></div>
<div xmlns="http://www.tei-c.org/ns/1.0"><head>Results in</head><p>BLEU is not affected negatively but even increases slightly -thus, data fragmentation does not seem to be a problem overall. This may be due to the nature of the task and domain, which is results in fairly short, simple sentence constructions that can be adequately translated by a concatenation of shorter phrases rather than requiring longer phrases. Back-off systems (indicated by bo) and the combined system improve BLEU only trivially while decreasing verbal inflection accuracy by varying amounts. For testing within the dialog system we thus choose the Macaon parser and utilize a standard translation model rather than a backoff model. An added benefit is that the Macaon parser is already used in other components in the dialog system. Using this setup we ran two experiments with dialog system's SMT engine: first, we re-extracted phrases and rules based on the morph-tagged data and reoptimized the feature weights. In the second experiment, we additionally applied the NNJM to the morph-tagged source text. To this end we include all the morphological variants of the original vocabulary that was used for the NNJM in the untagged baseline system. <ref type="table" target="#tab_3">Table 3</ref> shows the results. The morph-tagged data improves the BLEU score under both conditions: in Experiment 1, the improve-ment is almost a full BLEU point (0.91); in Experiment 2 the improvement is even larger (1.13), even though the baseline performance is stronger. Both results are statistically significant at p = 0.05, using a paired bootstrap resampling test. The combination of morph-tagged data and the more advanced modeling options (sparse features, NNJM) in this system seem to be beneficial. Improved translation performance may also be captured by the four reference translations as opposed to one in Eval set 1. In order to assess the added computation cost  of our procedure we computed the decoding speed of the MT component in the dialog system for both the baseline and the morpho-tag systems. In the baseline MT system (with NNJM) without morphotags, decoding takes 0.01572 seconds per word or 0.15408 seconds per sentence -these numbers were obtained on a Dell Precision M4800 Laptop with a quad-core Intel i7-4930MX Processor and 32GB of RAM. Morpho-tagging only adds 0.00031 seconds per word or 0.0024 seconds per sentence. Thus, our procedure is extremely efficient. An analysis of the remaining morphological translation errors not captured by our approach showed that in about 34% of all cases these were due to part-of-speech tagging or parser errors, i.e. verbs were mistagged as nouns rather than verbs and thus did not receive any morphological tags, or the parser hypothesized wrong dependency relations. In 53% of the cases the problem is the lack of more extensive discourse or contextual knowledge. This includes constructions where there is no overt subject for a verb in the current utterance, and the appropriate underlying subject must be inferred from the preceding discourse or from knowledge of the situational context. This is an instance of the more general problem of control (see e.g., <ref type="bibr" target="#b14">(Landau, 2013)</ref> for an overview of research in this area). It is exemplified by cases such as the following: 1. The first step is to make sure that all personnel are in your debrief. Here, the underlying subject of "to make sure" could be a range of different candidates (I, you, we, etc.) and must be inferred from context. 2. I can provide up to one platoon to help you guys cordon off the area. In this case the statistical parser identified I as the subject of help, but platoon is more likely to be the controller and was in fact identified as the underlying subject by the annotator. Such cases could potentially be resolved during the parsing step by integrating semantic information, e.g. as in <ref type="bibr" target="#b0">(Bansal et al., 2014)</ref>. However, initial investigations with semantic features in the Macaon parser resulted in a significant slow-down of the parser. In other cases, more sophisticated modeling of the entities and their relationships in the situational context will be required. This clearly is an area for future study.</p><p>Finally, in 13% of the cases, mistranslations are caused by a mismatch of number features across languages (e.g. number features for nouns such as family or people).</p></div>
<div xmlns="http://www.tei-c.org/ns/1.0"><head n="7">Conclusion</head><p>We have shown that significant gains in BLEU and verbal inflection accuracy in speech-to-speech translation for English-IA can be achieved by incorporating morphological tags derived from dependency parse information in the source language. The proposed method is fast, low-resource, and can easily be incorporated into a real-time dialog system. It adds negligible computational cost and does not require any target-language specific annotation tools. Possible areas for future study include the use of discourse or and other contextual information to determine morphological agreement, application to other languages pairs/morphological agreement types, and learning the annotation rules from data.</p></div><figure xmlns="http://www.tei-c.org/ns/1.0" xml:id="fig_0"><head>Figure 1 :</head><label>1</label><figDesc>Dialog system used in this work.</figDesc></figure>
<figure xmlns="http://www.tei-c.org/ns/1.0" type="table" xml:id="tab_0" validated="false"><head>Table 1 :</head><label>1</label><figDesc>Examples of mistranslated morphology: English ASR hypotheses and IA translation hypotheses.</figDesc><table></table></figure>
<figure xmlns="http://www.tei-c.org/ns/1.0" type="table" xml:id="tab_3" validated="false"><head>Table 3 :</head><label>3</label><figDesc></figDesc><table>BLEU on Eval set 2 using dialog system's SMT 
engine. 

</table></figure>
		</body>
		<back>

			<div type="acknowledgement">
<div xmlns="http://www.tei-c.org/ns/1.0"><head>Acknowledgments</head><p>This study was funded by the Defense Advanced Research Projects Agency (DARPA) under contract HR0011-12-C-0016 -subcontract 19-000234.</p></div>
			</div>

			<div type="references">

				<listBibl>

<biblStruct xml:id="b0">
	<analytic>
		<title level="a" type="main">Tailoring continuous word representations for dependency parsing</title>
		<author>
			<persName xmlns="http://www.tei-c.org/ns/1.0"><forename type="first">M</forename><surname>Bansal</surname></persName>
		</author>
		<author>
			<persName xmlns="http://www.tei-c.org/ns/1.0"><forename type="first">K</forename><surname>Gimpel</surname></persName>
		</author>
		<author>
			<persName xmlns="http://www.tei-c.org/ns/1.0"><forename type="first">K</forename><surname>Livescu</surname></persName>
		</author>
	</analytic>
	<monogr>
		<title level="m">Proc. of ACL</title>
		<meeting>of ACL</meeting>
		<imprint>
			<date type="published" when="2014" />
		</imprint>
	</monogr>
</biblStruct>

<biblStruct xml:id="b1">
	<analytic>
		<title level="a" type="main">Very high accuracy and fast depen-999 dency parsing is not a contradiction</title>
		<author>
			<persName xmlns="http://www.tei-c.org/ns/1.0"><forename type="first">B</forename><surname>Bohnet</surname></persName>
		</author>
	</analytic>
	<monogr>
		<title level="m">Proceedings of COLING</title>
		<meeting>COLING</meeting>
		<imprint>
			<date type="published" when="2010" />
			<biblScope unit="page" from="89" to="97" />
		</imprint>
	</monogr>
</biblStruct>

<biblStruct xml:id="b2">
	<analytic>
		<title level="a" type="main">Translating into morphologically rich languages with synthetic phrases</title>
		<author>
			<persName xmlns="http://www.tei-c.org/ns/1.0"><forename type="first">V</forename><surname>Chahuneau</surname></persName>
		</author>
		<author>
			<persName xmlns="http://www.tei-c.org/ns/1.0"><forename type="first">E</forename><surname>Schlinger</surname></persName>
		</author>
		<author>
			<persName xmlns="http://www.tei-c.org/ns/1.0"><forename type="first">N</forename><surname>Smith</surname></persName>
		</author>
		<author>
			<persName xmlns="http://www.tei-c.org/ns/1.0"><forename type="first">C</forename><surname>Dyer</surname></persName>
		</author>
	</analytic>
	<monogr>
		<title level="m">Proceedings of EMNLP</title>
		<meeting>EMNLP</meeting>
		<imprint>
			<date type="published" when="2013" />
		</imprint>
	</monogr>
</biblStruct>

<biblStruct xml:id="b3">
	<analytic>
		<title level="a" type="main">Evaluation of machine translation errors in English and Iraqi Arabic</title>
		<author>
			<persName xmlns="http://www.tei-c.org/ns/1.0"><forename type="first">S</forename><surname>Condon</surname></persName>
		</author>
		<author>
			<persName xmlns="http://www.tei-c.org/ns/1.0"><forename type="first">D</forename><surname>Parvaz</surname></persName>
		</author>
		<author>
			<persName xmlns="http://www.tei-c.org/ns/1.0"><forename type="first">J</forename><surname>Aberdeen</surname></persName>
		</author>
		<author>
			<persName xmlns="http://www.tei-c.org/ns/1.0"><forename type="first">C</forename><surname>Doran</surname></persName>
		</author>
		<author>
			<persName xmlns="http://www.tei-c.org/ns/1.0"><forename type="first">A</forename><surname>Freeman</surname></persName>
		</author>
		<author>
			<persName xmlns="http://www.tei-c.org/ns/1.0"><forename type="first">M</forename><surname>Awad</surname></persName>
		</author>
	</analytic>
	<monogr>
		<title level="m">Proceedings of LREC</title>
		<meeting>LREC</meeting>
		<imprint>
			<date type="published" when="2010" />
		</imprint>
	</monogr>
</biblStruct>

<biblStruct xml:id="b4">
	<analytic>
		<title level="a" type="main">Generating typed dependency parses from phrase structure parses</title>
		<author>
			<persName xmlns="http://www.tei-c.org/ns/1.0"><forename type="first">M.-C</forename><surname>De Marneffe</surname></persName>
		</author>
		<author>
			<persName xmlns="http://www.tei-c.org/ns/1.0"><forename type="first">B</forename><surname>Maccartney</surname></persName>
		</author>
		<author>
			<persName xmlns="http://www.tei-c.org/ns/1.0"><forename type="first">C</forename><forename type="middle">D</forename><surname>Manning</surname></persName>
		</author>
	</analytic>
	<monogr>
		<title level="m">Proceedings of LREC</title>
		<meeting>LREC</meeting>
		<imprint>
			<date type="published" when="2006" />
		</imprint>
	</monogr>
</biblStruct>

<biblStruct xml:id="b5">
	<analytic>
		<title level="a" type="main">Fast and robust neural network joint models for statistical machine translation</title>
		<author>
			<persName xmlns="http://www.tei-c.org/ns/1.0"><forename type="first">J</forename><surname>Devlin</surname></persName>
		</author>
	</analytic>
	<monogr>
		<title level="m">Proceedings of ACL</title>
		<meeting>ACL</meeting>
		<imprint>
			<date type="published" when="2014" />
			<biblScope unit="page" from="1370" to="1380" />
		</imprint>
	</monogr>
</biblStruct>

<biblStruct xml:id="b6">
	<analytic>
		<title level="a" type="main">Translate, predict or generate: modeling rich morphology in statistical machine translation</title>
		<author>
			<persName xmlns="http://www.tei-c.org/ns/1.0"><forename type="first">A</forename><forename type="middle">El</forename><surname>Kholy</surname></persName>
		</author>
		<author>
			<persName xmlns="http://www.tei-c.org/ns/1.0"><forename type="first">N</forename><surname>Habash</surname></persName>
		</author>
	</analytic>
	<monogr>
		<title level="m">Proceedings of EAMT</title>
		<meeting>EAMT</meeting>
		<imprint>
			<date type="published" when="2012" />
		</imprint>
	</monogr>
</biblStruct>

<biblStruct xml:id="b7">
	<analytic>
		<title level="a" type="main">Can you give me another word for hyperbaric? -improving speech translation using targeted clarification questions</title>
		<author>
			<persName xmlns="http://www.tei-c.org/ns/1.0"><forename type="first">F</forename><surname>Ayan</surname></persName>
		</author>
	</analytic>
	<monogr>
		<title level="m">Proceedings of ICASSP</title>
		<meeting>ICASSP</meeting>
		<imprint>
			<date type="published" when="2013" />
		</imprint>
	</monogr>
</biblStruct>

<biblStruct xml:id="b8">
	<analytic>
		<title level="a" type="main">Modeling inflection and word-formation in SMT</title>
		<author>
			<persName xmlns="http://www.tei-c.org/ns/1.0"><forename type="first">A</forename><surname>Fraser</surname></persName>
		</author>
		<author>
			<persName xmlns="http://www.tei-c.org/ns/1.0"><forename type="first">M</forename><surname>Weller</surname></persName>
		</author>
		<author>
			<persName xmlns="http://www.tei-c.org/ns/1.0"><forename type="first">A</forename><surname>Cahill</surname></persName>
		</author>
		<author>
			<persName xmlns="http://www.tei-c.org/ns/1.0"><forename type="first">F</forename><surname>Cap</surname></persName>
		</author>
	</analytic>
	<monogr>
		<title level="m">Proceedings of EACL</title>
		<meeting>EACL</meeting>
		<imprint>
			<date type="published" when="2012" />
			<biblScope unit="page" from="664" to="674" />
		</imprint>
	</monogr>
</biblStruct>

<biblStruct xml:id="b9">
	<analytic>
		<title level="a" type="main">Improving statistical MT through morphological analysis</title>
		<author>
			<persName xmlns="http://www.tei-c.org/ns/1.0"><forename type="first">S</forename><surname>Goldwater</surname></persName>
		</author>
		<author>
			<persName xmlns="http://www.tei-c.org/ns/1.0"><forename type="first">D</forename><surname>Mcclosky</surname></persName>
		</author>
	</analytic>
	<monogr>
		<title level="m">Proceedings of EMNLP</title>
		<meeting>EMNLP</meeting>
		<imprint>
			<date type="published" when="2005" />
			<biblScope unit="page" from="676" to="683" />
		</imprint>
	</monogr>
</biblStruct>

<biblStruct xml:id="b10">
	<analytic>
		<title level="a" type="main">A class-based agreement model for generating accuractely inflected translation</title>
		<author>
			<persName xmlns="http://www.tei-c.org/ns/1.0"><forename type="first">S</forename><surname>Green</surname></persName>
		</author>
		<author>
			<persName xmlns="http://www.tei-c.org/ns/1.0"><forename type="first">J</forename><surname>Denero</surname></persName>
		</author>
	</analytic>
	<monogr>
		<title level="m">Proceedings of ACL</title>
		<meeting>ACL</meeting>
		<imprint>
			<date type="published" when="2012" />
			<biblScope unit="page" from="146" to="155" />
		</imprint>
	</monogr>
</biblStruct>

<biblStruct xml:id="b11">
	<analytic>
		<title level="a" type="main">Arabic preprocessing schemes for statistical machine translation</title>
		<author>
			<persName xmlns="http://www.tei-c.org/ns/1.0"><forename type="first">N</forename><surname>Habash</surname></persName>
		</author>
		<author>
			<persName xmlns="http://www.tei-c.org/ns/1.0"><forename type="first">F</forename><surname>Sadat</surname></persName>
		</author>
	</analytic>
	<monogr>
		<title level="m">Proceedings of NAACL</title>
		<meeting>NAACL</meeting>
		<imprint>
			<date type="published" when="2006" />
		</imprint>
	</monogr>
</biblStruct>

<biblStruct xml:id="b12">
	<analytic>
		<title level="a" type="main">Factored translation models</title>
		<author>
			<persName xmlns="http://www.tei-c.org/ns/1.0"><forename type="first">P</forename><surname>Koehn</surname></persName>
		</author>
		<author>
			<persName xmlns="http://www.tei-c.org/ns/1.0"><forename type="first">H</forename><surname>Hoang</surname></persName>
		</author>
	</analytic>
	<monogr>
		<title level="m">Proceedings of EMNLP</title>
		<meeting>EMNLP</meeting>
		<imprint>
			<date type="published" when="2007" />
			<biblScope unit="page" from="868" to="876" />
		</imprint>
	</monogr>
</biblStruct>

<biblStruct xml:id="b13">
	<analytic>
		<title level="a" type="main">Empirical methods for compound splitting</title>
		<author>
			<persName xmlns="http://www.tei-c.org/ns/1.0"><forename type="first">P</forename><surname>Koehn</surname></persName>
		</author>
		<author>
			<persName xmlns="http://www.tei-c.org/ns/1.0"><forename type="first">K</forename><surname>Knight</surname></persName>
		</author>
	</analytic>
	<monogr>
		<title level="m">Proceedings of EACL</title>
		<meeting>EACL</meeting>
		<imprint>
			<date type="published" when="2003" />
		</imprint>
	</monogr>
</biblStruct>

<biblStruct xml:id="b14">
	<monogr>
		<title level="m" type="main">Control in Generative Grammar: A Research Companion</title>
		<author>
			<persName xmlns="http://www.tei-c.org/ns/1.0"><forename type="first">I</forename><surname>Landau</surname></persName>
		</author>
		<imprint>
			<date type="published" when="2013" />
			<publisher>Cambridge University Press</publisher>
			<pubPlace>Cambridge, UK</pubPlace>
		</imprint>
	</monogr>
</biblStruct>

<biblStruct xml:id="b15">
	<analytic>
		<title level="a" type="main">Morphological analysis for statistical machine translation</title>
		<author>
			<persName xmlns="http://www.tei-c.org/ns/1.0"><forename type="first">S</forename><surname>Lee</surname></persName>
		</author>
	</analytic>
	<monogr>
		<title level="m">Proceedings of HLT-NAACL</title>
		<meeting>HLT-NAACL</meeting>
		<imprint>
			<date type="published" when="2004" />
		</imprint>
	</monogr>
</biblStruct>

<biblStruct xml:id="b16">
	<analytic>
		<title level="a" type="main">Non-projective dependency parsing using spanning tree algorithms</title>
		<author>
			<persName xmlns="http://www.tei-c.org/ns/1.0"><forename type="first">R</forename><surname>Mcdonald</surname></persName>
		</author>
		<author>
			<persName xmlns="http://www.tei-c.org/ns/1.0"><forename type="first">F</forename><surname>Pereira</surname></persName>
		</author>
		<author>
			<persName xmlns="http://www.tei-c.org/ns/1.0"><forename type="first">K</forename><surname>Ribarov</surname></persName>
		</author>
		<author>
			<persName xmlns="http://www.tei-c.org/ns/1.0"><forename type="first">J</forename><surname>Hajič</surname></persName>
		</author>
	</analytic>
	<monogr>
		<title level="m">Proceedings of HLT/EMNLP</title>
		<meeting>HLT/EMNLP</meeting>
		<imprint>
			<date type="published" when="2005" />
			<biblScope unit="page" from="523" to="530" />
		</imprint>
	</monogr>
</biblStruct>

<biblStruct xml:id="b17">
	<analytic>
		<title level="a" type="main">Generating complex morphology for machine translation</title>
		<author>
			<persName xmlns="http://www.tei-c.org/ns/1.0"><forename type="first">E</forename><surname>Minkov</surname></persName>
		</author>
		<author>
			<persName xmlns="http://www.tei-c.org/ns/1.0"><forename type="first">K</forename><surname>Toutanova</surname></persName>
		</author>
		<author>
			<persName xmlns="http://www.tei-c.org/ns/1.0"><forename type="first">H</forename><surname>Suzuki</surname></persName>
		</author>
	</analytic>
	<monogr>
		<title level="m">Proceedings of ACL</title>
		<meeting>ACL</meeting>
		<imprint>
			<date type="published" when="2007" />
			<biblScope unit="page" from="128" to="135" />
		</imprint>
	</monogr>
</biblStruct>

<biblStruct xml:id="b18">
	<analytic>
		<title level="a" type="main">Automatically enriching spoken corpora with syntactic information for linguistic studies</title>
		<author>
			<persName xmlns="http://www.tei-c.org/ns/1.0"><forename type="first">A</forename><surname>Nasr</surname></persName>
		</author>
		<author>
			<persName xmlns="http://www.tei-c.org/ns/1.0"><forename type="first">F</forename><surname>Bechet</surname></persName>
		</author>
		<author>
			<persName xmlns="http://www.tei-c.org/ns/1.0"><forename type="first">B</forename><surname>Favre</surname></persName>
		</author>
		<author>
			<persName xmlns="http://www.tei-c.org/ns/1.0"><forename type="first">T</forename><surname>Bazillon</surname></persName>
		</author>
		<author>
			<persName xmlns="http://www.tei-c.org/ns/1.0"><forename type="first">J</forename><surname>Deulofeu</surname></persName>
		</author>
		<author>
			<persName xmlns="http://www.tei-c.org/ns/1.0"><forename type="first">A</forename><surname>Valli</surname></persName>
		</author>
	</analytic>
	<monogr>
		<title level="m">Proceedings of LREC</title>
		<meeting>LREC</meeting>
		<imprint>
			<date type="published" when="2014" />
		</imprint>
	</monogr>
</biblStruct>

<biblStruct xml:id="b19">
	<analytic>
		<title level="a" type="main">Towards the use of word stems and suffixes for statistical machine translation</title>
		<author>
			<persName xmlns="http://www.tei-c.org/ns/1.0"><forename type="first">M</forename><surname>Popovic</surname></persName>
		</author>
		<author>
			<persName xmlns="http://www.tei-c.org/ns/1.0"><forename type="first">H</forename><surname>Ney</surname></persName>
		</author>
	</analytic>
	<monogr>
		<title level="m">Proceedings of LREC</title>
		<meeting>LREC</meeting>
		<imprint>
			<date type="published" when="2004" />
		</imprint>
	</monogr>
</biblStruct>

<biblStruct xml:id="b20">
	<monogr>
		<title level="m" type="main">Applying Morphology to English-Arabic Statistical Machine Translation</title>
		<author>
			<persName xmlns="http://www.tei-c.org/ns/1.0"><forename type="first">S</forename><surname>Sultan</surname></persName>
		</author>
		<imprint>
			<date type="published" when="2011" />
		</imprint>
		<respStmt>
			<orgName>Department of Computer Science, ETH Zürich</orgName>
		</respStmt>
	</monogr>
	<note type="report_type">Ph.D. thesis</note>
</biblStruct>

<biblStruct xml:id="b21">
	<analytic>
		<title level="a" type="main">Applying morphology generation models to machine translation</title>
		<author>
			<persName xmlns="http://www.tei-c.org/ns/1.0"><forename type="first">K</forename><surname>Toutanova</surname></persName>
		</author>
		<author>
			<persName xmlns="http://www.tei-c.org/ns/1.0"><forename type="first">H</forename><surname>Suzuki</surname></persName>
		</author>
		<author>
			<persName xmlns="http://www.tei-c.org/ns/1.0"><forename type="first">A</forename><surname>Ruopp</surname></persName>
		</author>
	</analytic>
	<monogr>
		<title level="m">Proceedings of ACL</title>
		<meeting>ACL</meeting>
		<imprint>
			<date type="published" when="2008" />
			<biblScope unit="page" from="514" to="522" />
		</imprint>
	</monogr>
</biblStruct>

<biblStruct xml:id="b22">
	<analytic>
		<title level="a" type="main">Using subcategorization knowledge to improve case prediction for translation to German</title>
		<author>
			<persName xmlns="http://www.tei-c.org/ns/1.0"><forename type="first">M</forename><surname>Weller</surname></persName>
		</author>
		<author>
			<persName xmlns="http://www.tei-c.org/ns/1.0"><forename type="first">A</forename><surname>Fraser</surname></persName>
		</author>
		<author>
			<persName xmlns="http://www.tei-c.org/ns/1.0"><forename type="first">S</forename><surname>Schulte Im Walde</surname></persName>
		</author>
	</analytic>
	<monogr>
		<title level="m">Proceedings of ACL</title>
		<meeting>ACL</meeting>
		<imprint>
			<date type="published" when="2013" />
			<biblScope unit="page" from="593" to="603" />
		</imprint>
	</monogr>
</biblStruct>

<biblStruct xml:id="b23">
	<analytic>
		<title level="a" type="main">Agreement constraints for statistical machine translation into German</title>
		<author>
			<persName xmlns="http://www.tei-c.org/ns/1.0"><forename type="first">P</forename><surname>Williams</surname></persName>
		</author>
		<author>
			<persName xmlns="http://www.tei-c.org/ns/1.0"><forename type="first">P</forename><surname>Koehn</surname></persName>
		</author>
	</analytic>
	<monogr>
		<title level="m">Proceedings of WMT</title>
		<meeting>WMT</meeting>
		<imprint>
			<date type="published" when="2011" />
		</imprint>
	</monogr>
</biblStruct>

				</listBibl>
			</div>
		</back>
	</text>
</TEI>
