<?xml version="1.0" encoding="UTF-8"?>
<TEI xml:space="preserve" xmlns="http://www.tei-c.org/ns/1.0" 
xmlns:xsi="http://www.w3.org/2001/XMLSchema-instance" 
xsi:schemaLocation="http://www.tei-c.org/ns/1.0 /home/varun/Desktop/NLP/Projects/grobid-0.5.6/grobid-home/schemas/xsd/Grobid.xsd"
 xmlns:xlink="http://www.w3.org/1999/xlink">
	<teiHeader xml:lang="en">
		<fileDesc>
			<titleStmt>
				<title level="a" type="main">BEYOND WITHOUT FORGETTING: MULTI-TASK LEARNING FOR CLASSIFICATION WITH DISJOINT DATASETS</title>
			</titleStmt>
			<publicationStmt>
				<publisher/>
				<availability status="unknown"><licence/></availability>
			</publicationStmt>
			<sourceDesc>
				<biblStruct>
					<analytic>
						<author>
							<persName xmlns="http://www.tei-c.org/ns/1.0"><forename type="first">Yan</forename><surname>Hong</surname></persName>
						</author>
						<author>
							<persName xmlns="http://www.tei-c.org/ns/1.0"><forename type="first">Li</forename><surname>Niu</surname></persName>
						</author>
						<author>
							<persName xmlns="http://www.tei-c.org/ns/1.0"><forename type="first">Jianfu</forename><surname>Zhang</surname></persName>
						</author>
						<author>
							<persName xmlns="http://www.tei-c.org/ns/1.0"><forename type="first">Liqing</forename><surname>Zhang</surname></persName>
						</author>
						<title level="a" type="main">BEYOND WITHOUT FORGETTING: MULTI-TASK LEARNING FOR CLASSIFICATION WITH DISJOINT DATASETS</title>
					</analytic>
					<monogr>
						<imprint>
							<date/>
						</imprint>
					</monogr>
				</biblStruct>
			</sourceDesc>
		</fileDesc>

		<encodingDesc>
			<appInfo>
				<application version="0.5.6" ident="GROBID" when="2020-04-20T12:41+0000">
					<ref target="https://github.com/kermitt2/grobid">GROBID - A machine learning software for extracting information from scholarly documents</ref>
				</application>
			</appInfo>
		</encodingDesc>		<profileDesc>
			<textClass>
				<keywords>
					<term>Index Terms-multi-task learning</term>
					<term>semi-supervised learning</term>
					<term>pseudo label</term>
				</keywords>
			</textClass>
			<abstract>
<div xmlns="http://www.tei-c.org/ns/1.0"><p>Multi-task Learning (MTL) for classification with disjoint datasets aims to explore MTL when one task only has one labeled dataset. In existing methods, for each task, the unlabeled datasets are not fully exploited to facilitate this task. Inspired by semi-supervised learning, we use unlabeled datasets with pseudo labels to facilitate each task. However, there are two major issues: 1) the pseudo labels are very noisy; 2) the unlabeled datasets and the labeled dataset for each task has considerable data distribution mismatch. To address these issues, we propose our MTL with Selective Augmentation (MTL-SA) method to select the training samples in unlabeled datasets with confident pseudo labels and close data distribution to the labeled dataset. Then, we use the selected training samples to add information and use the remaining training samples to preserve information. Extensive experiments on face-centric and human-centric applications demonstrate the effectiveness of our MTL-SA method.</p></div>
			</abstract>
		</profileDesc>
	</teiHeader>
	<text xml:lang="en">
		<body>
<div xmlns="http://www.tei-c.org/ns/1.0"><head n="1.">INTRODUCTION</head><p>Multi-task Learning (MTL) for classification targets at exploiting the shared information among multiple related tasks. Each classification task (e.g., gender classification) has a corresponding label set (e.g., male and female). In standard MTL, one dataset is usually associated with multiple label sets corresponding to multiple tasks. However, in the real world, one dataset is often associated with only one label set corresponding to one task, and thus multi-task learning requires multiple disjoint datasets. This learning scenario is called multi-task learning with disjoint datasets in our paper.</p><p>In MTL with disjoint datasets, the training strategies can be roughly categorized into joint training and alternating training. For ease of representation, in the remainder of this paper, we take two datasets corresponding to two tasks as an example, in which dataset A (resp., B) is used for task A (resp., B). In joint training, dataset A and dataset B are jointly used to train a multi-task network at the same time <ref type="bibr" target="#b30">[1]</ref>. However, in this case, task A (resp., B) would be biased towards the labeled dataset A (resp., B) instead of benefiting from the existence of unlabeled dataset B (resp., A) <ref type="bibr" target="#b31">[2]</ref>.</p><p>Instead of joint training, a naive alternating training strategy is as follows. Suppose dataset B is used in the current epoch, the training process for task B is supervised by dataset B with ground-truth labels, while task-specific parameters for task A remain frozen. However, the training process forgets knowledge learned from dataset A in the previous epoch when using dataset B. To preserve the knowledge, Learning without Forgetting (LwF) <ref type="bibr">[3]</ref> proposed to supervise task A by dataset B with soft label vector (i.e., decision values of all categories) predicted by the model trained on dataset A in the previous epoch. We refer to this alternating training strategy as MTL-wF. However, the drawback of MTL-wF is that when using dataset B, the training process for task A only preserves the information of dataset A from the previous epoch without fully exploiting the information in dataset B.</p><p>In this paper, we build our method upon MTL-wF, but aim to fully exploit the unlabeled dataset to add information instead of only preserving information. Tagging unlabeled data with pseudo label to augment training data has been widely used in semi-supervised learning <ref type="bibr">[4,</ref><ref type="bibr">5,</ref><ref type="bibr">6]</ref>. Therefore, we tend to augment each task using the unlabeled dataset with pseudo labels. By taking the epoch of using dataset B as an example, we can obtain the soft label vectors of dataset B for task A, which are predicted by the model trained on dataset A in the previous epoch. The soft label vector can be converted to one-hot pseudo label vector, similar to semi-supervised learning <ref type="bibr">[4,</ref><ref type="bibr">5,</ref><ref type="bibr">6]</ref>. Then, we can use dataset B with pseudo labels as additional supervision information to augment task A. However, there exist two major issues. Firstly, predicted pseudo labels could be very noisy. When using the training samples in dataset B with very noisy pseudo labels to augment task A, the performance on task A could be adversely affected. Secondly, the data distributions of dataset A and dataset B may be considerably different. Following the terminology in domain adaptation <ref type="bibr">[7]</ref>, dataset A and dataset B with different data distributions can be referred to as domain A and domain B respectively. When applying the model trained on domain B to the test samples in domain A, the performance could be significantly degraded due to the data distribution mismatch <ref type="bibr">[8]</ref>.</p><p>We will discuss how to address the above two issues by taking the epoch of using dataset B as an example. To address the first issue, we tend to use confidence score and local density to select the training samples in dataset B with confident pseudo labels. To address the second issue, we cluster dataset B into different groups and select those groups with closer data distribution to dataset A based on data distribution difference. To simultaneously handle the above two issues, we tend to select the training samples in dataset B which have both confident pseudo labels and close data distribution to dataset A. For the selected samples, we use pseudo label vectors as their training label vectors to add information. For the unselected training samples, we use soft label vectors as their training label vectors to preserve information as in <ref type="bibr">[3]</ref>. Instead of binary selection, we assign different weights for different training samples in dataset B and the assigned weights are used to interpolate pseudo label vectors and soft label vectors, leading to interpolated label vectors. By using the interpolated label vector as training label vector, each training sample in dataset B can augment task A to different degrees. Therefore, we name our method as Multi-Task Learning with Selective Augmentation (MTL-SA). Comprehensive experiments on four face-centric datasets and two human-centric datasets demonstrate the superiority of our MTL-SA.</p></div>
<div xmlns="http://www.tei-c.org/ns/1.0"><head n="2.">RELATED WORK</head></div>
<div xmlns="http://www.tei-c.org/ns/1.0"><head n="2.1.">Multi-task Learning with Disjoint Datasets</head><p>The training strategies for MTL with disjoint datasets can be roughly categorized into joint training and alternating training: 1) For joint training, the methods in <ref type="bibr">[9,</ref><ref type="bibr">10]</ref> proposed to treat all tasks equally and train the multi-task network with disjoint datasets; 2) For alternating training, the method in <ref type="bibr">[11]</ref> proposed to use one dataset to supervise corresponding task in each epoch. The idea of <ref type="bibr">[3]</ref> is adopted in <ref type="bibr">[12]</ref>, which aims to preserve information from the previous epoch. All of the above works do not fully exploit unlabeled datasets for each task while our method can select training samples from unlabeled datasets to augment each task.</p></div>
<div xmlns="http://www.tei-c.org/ns/1.0"><head n="2.2.">Semi-supervised Multi-task Learning</head><p>One group of semi-supervised MTL methods <ref type="bibr">[13,</ref><ref type="bibr">14]</ref> exploit shared manifold information among multiple tasks. Another group of semi-supervised MTL methods <ref type="bibr" target="#b31">[2,</ref><ref type="bibr">15,</ref><ref type="bibr">16,</ref><ref type="bibr">17]</ref> aim to infer confident pseudo labels for unlabeled training samples. Our method is more related to the second group. Although the above methods consider how to infer confident pseudo labels, they do not consider the data distribution mismatch between labeled and unlabeled training samples. In contrast, our method considers both pseudo label noise and data distribution mismatch when using unlabeled training samples.</p></div>
<div xmlns="http://www.tei-c.org/ns/1.0"><head n="2.3.">Label Vector Interpolation</head><p>The goal of label vector interpolation is incorporating different types of label information to smooth label vector or handle the label noise. To name a few, Szegedy et al. <ref type="bibr">[18]</ref> proposed to interpolate the label vector and a constant vector with uniform values to smooth the label vector. Li et al. <ref type="bibr">[19]</ref> proposed to interpolate the noisy label vector and the label vector predicted by an auxiliary model trained on clean data to handle the label noise. However, they use the same interpolation coefficient for all training samples. Instead, our method assigns different interpolation coefficients to different training samples adaptively.</p></div>
<div xmlns="http://www.tei-c.org/ns/1.0"><head n="3.">BACKGROUND</head></div>
<div xmlns="http://www.tei-c.org/ns/1.0"><head n="3.1.">Problem Definition</head><p>In MTL for classification with disjoint datasets, we assume that we have two datasets corresponding to two tasks. Images D A = {I a 1 , ..., I a na } from dataset A are labeled with Y A = {y a 1 , ..., y a na } with the label set corresponding to task A, while images</p><formula xml:id="formula_0">D B = {I b 1 , ..., I b n b } from dataset B are anno- tated with Y B = {y b 1 , ..., y b n b }</formula><p>with the label set corresponding to task B. Our multi-task network consists of convolutional layers with model parameter θ s shared by two tasks and task-specific layers with model parameter θ a (resp., θ b ) for task A (resp., B). Besides, we use p a t (·) (resp., p b t (·)) to represent the label predictor based on model parameters {θ s , θ a } (resp., {θ s , θ b }). Similarly, we use f a t (·) (resp., f b t (·)) to represent the feature extractor based on model parameters {θ s , θ a } (resp., {θ s , θ b }) with the last classification layer removed. Next, we will introduce the alternating training strategy with information preservation <ref type="bibr">[3]</ref>.</p></div>
<div xmlns="http://www.tei-c.org/ns/1.0"><head n="3.2.">Multi-task Learning without Forgetting</head><p>As discussed in Section 1, the idea of Learning without Forgetting (LwF) <ref type="bibr">[3]</ref> could be incorporated into naive alternating training strategy, leading to Multi-Task Learning without Forgetting (MTL-wF). The process of MTL-wF is depicted in <ref type="figure" target="#fig_0">Figure 1</ref>. Specifically, training images D A = {I a 1 , ..., I a na } from dataset A and images D B = {I b 1 , ..., I b n b } from dataset B are fed into multi-task network in an alternating fashion, in which n a (resp., n b ) is the number of training images in dataset A (resp., B). As shown in <ref type="figure" target="#fig_0">Figure 1</ref>, in epoch t−1, the network is trained with images D A from dataset A. Each image I a i has ground-truth label vector y a i for task A, but does not have ground-truth label for task B. Thus, we use the decision values of I a i activated by label predictor p b t−2 (·) (i.e., {θ s , θ b } from epoch t−2) as the soft label vectorỹ b i of I a i . Subsequently, images D B from dataset B are used to train the network in epoch t, in which each image I b i has ground-truth label vector y b i for task B and soft label vectorỹ a i activated by label predictor p a t−1 (·) for task A. In alternating training, dataset B (resp., A) with soft label vector are used for task A (resp., B). The reason of using soft label vector as supervision is that the task-specific layers will become less effective if the shared layers are updated while the task-specific layers remain unchanged, which is dubbed as forgetting effect <ref type="bibr">[3]</ref>.</p><formula xml:id="formula_1">Formally, with the soft labelỹ b i = p b t−2 (I a i ) of D A , the loss function in epoch t−1 can be written as min θ s ,θ a ,θ b na i=1 L(y a i , p a t−1 (I a i )) + L(ỹ b i , p b t−1 (I a i )),<label>(1)</label></formula><p>where L(y, p) is the cross-entropy loss calculated based on the input label vector y and the output decision values p.</p><formula xml:id="formula_2">Similarly, in epoch t, with the soft labelỹ a i = p a t−1 (I b i ) of D B ,</formula></div>
<div xmlns="http://www.tei-c.org/ns/1.0"><head>the loss function can be written as</head><formula xml:id="formula_3">min θ s ,θ a ,θ b n b i=1 L(ỹ a i , p a t (I b i )) + L(y b i , p b t (I b i )).<label>(2)</label></formula><p>As the number of training epochs increases, dataset A and dataset B are alternatingly fed into the multi-task network, and {θ s , θ a , θ b } can be updated continuously without forgetting effect. One similar work to MTL-wF is the method in <ref type="bibr">[12]</ref>, but this method focuses on action classification and captioning instead of multi-classification tasks.</p></div>
<div xmlns="http://www.tei-c.org/ns/1.0"><head n="4.">OUR METHOD</head><p>In this section, we extend MTL-wF introduced in Section 3.2 to our Multi-Task Learning with Selective Augmentation (MTL-SA) method. Unlike MTL-wF which can only preserve information without forgetting effect, our method aims to utilize the unlabeled dataset to augment each task with extra information, like semi-supervised multi-task learning. Inspired by semi-supervised MTL methods using pseudo labels <ref type="bibr" target="#b31">[2,</ref><ref type="bibr">15]</ref>, we tend to generate pseudo labels for unlabeled dataset and use them as weak supervision information to augment each task. In particular, given a soft label vector, we can easily obtain the corresponding pseudo label vector by setting the entry with the highest decision value as 1 and the remaining entries as 0 <ref type="bibr">[5]</ref>. However, for each task, there exist two major issues when using the unlabeled dataset with pseudo labels to augment this task: pseudo label noise as well as the data distribution mismatch between the unlabeled dataset and the labeled dataset. So it may be ineffective to use all training samples in the unlabeled dataset with pseudo labels. To address the above two issues, we tend to select the training samples in the unlabeled dataset with confident pseudo labels and close data distribution to the labeled dataset. Then, we use pseudo label vectors for the selected training samples to add information while using soft label vectors for the unselected training samples to preserve information. In our method, we assign different weights to different training samples, in which higher weight indicates being selected. Then, the weight is used as interpolation coefficient to interpolate pseudo label vector and soft label vector.</p><p>In epoch t−1, when using dataset A for task B, we obtain the soft label vector of</p><formula xml:id="formula_4">I a i asỹ b i = p b t−2 (I a i ). We can easily obtain its pseudo label vectorȳ b i based onȳ b i,k = 1 if k = arg max k ỹ b i,k andȳ b i,k = 0 otherwise, in whichỹ b i,k (resp., y b i,k ) is the k-th entry ofỹ b i (resp.,ȳ b i ). Assume we have learnt the weight w i for I a i , the interpolated label vector iŝ y b i = w i · y b i + (1 − w i ) ·ỹ b i .<label>(3)</label></formula><p>Then, in epoch t−1, the loss function can be written as</p><formula xml:id="formula_5">min θ s ,θ a ,θ b na i=1 L(y a i , p a t−1 (I a i )) + L(ŷ b i , p b t−1 (I a i )).<label>(4)</label></formula><p>By comparing <ref type="formula" target="#formula_14">(8)</ref> with <ref type="formula" target="#formula_1">(1)</ref></p><formula xml:id="formula_6">, the only difference is thatỹ b i is replaced withŷ b i . So (1) is a special case of (8) when w i = 0. Similarly, in epoch t, the loss function of our method is min θ s ,θ a ,θ b n b i=1 L(ŷ a i , p a t (I b i )) + L(y b i , p b t (I b i )),<label>(5)</label></formula><p>in whichŷ a i can be obtained similar toŷ b i in <ref type="formula" target="#formula_4">(3)</ref>. Before each epoch, we learn weight w i for each training sample, which is used to interpolate its pseudo label vector and soft label vector. This is equivalent to using w i to control the tradeoff between adding and preserving information. The remaining problem is how to determine w i , which will be detailed in the following sections.</p></div>
<div xmlns="http://www.tei-c.org/ns/1.0"><head n="4.1.">Data Selection</head><p>Since alternating training strategy is adopted, we take training epoch t using dataset B as an example to describe our method in Section 4.1 and 4.2. As depicted in <ref type="figure" target="#fig_0">Figure 1</ref>, in epoch t,</p><formula xml:id="formula_7">training images D B = {I b 1 , ..., I b n b } from dataset B with la- bels Y B = {y b 1 , ..., y b n b</formula><p>} are fed into the multi-task network. To augment task A by using dataset B with pseudo labels, we tend to select the training samples in dataset B with confident pseudo labels and close data distribution to dataset A.</p></div>
<div xmlns="http://www.tei-c.org/ns/1.0"><head n="4.1.1.">Selecting Data with Confident Pseudo Labels</head><p>Given an image I b i with its pseudo label vectorȳ a i generated from its soft label vectorỹ a i , one intuitive measurement of the confidence ofȳ a i is the highest decision value inỹ a i , which reflects the probability of I b i being classified into its pseudo category arg max kỹ a i,k . Formally, the confidence of pseudo label vectorỹ a i can be measured by w c i = max kỹ a i,k . However, w c i does not take the relation among different training samples into account and thus its reliability is significantly compromised. Inspired by recent work <ref type="bibr">[20]</ref> which leverages local density to measure the purity of noisy labels, we also assume that the training images with higher local density are more prone to have correct pseudo labels. Due to space limitation, we leave the details of calculating local density to Supplementary. Finally, we combine w c i with normalized local density w d i to measure the confidence of pseudo label:</p><formula xml:id="formula_8">w s i = w c i · w d i .</formula></div>
<div xmlns="http://www.tei-c.org/ns/1.0"><head n="4.1.2.">Selecting Data with Closer Data Distribution</head><p>In order to bridge the domain gap between dataset A and dataset B, we can select samples from dataset B with closer data distribution to dataset A to facilitate task A. In this paper, as a simple approach, we group the training samples in dataset B into C b clusters and find the clusters with closer data distribution to dataset A. Considering the data variance within dataset A, it may be ineffective to calculate the domain difference between each cluster and the entire dataset A. So we also group the training samples in dataset A into C a clusters, and calculate the domain difference between each cluster in dataset B and each cluster in dataset A based on Maximum Mean Discrepancy (MMD) <ref type="bibr">[21]</ref>, which is commonly used in domain adaptation <ref type="bibr">[7]</ref>. Then, we calculate the weighted sum of distances between each cluster from dataset B and the entire dataset A, in which the weights can be learnt by Earth Mover's Distance (EMD). Due to space limitation, we leave the details of calculating EMD to Supplementary. We use d E k to denote EMD between the k-th cluster in domain B and the whole domain A, and use γ i,k to denote the probability that i-th sample is from the k-th cluster. Then, the distance between each sample in domain B and the entire domain A can be calculated asd i = C b k=1 d E k · γ i,k . Finally, we tend to assign weight w g i = exp(−λ ·d i ) for the i-th sample in domain B to select those close to domain A, where λ is set as 0.1 in all experiments.</p></div>
<div xmlns="http://www.tei-c.org/ns/1.0"><head n="4.2.">Label Vector Interpolation</head><p>We aim to select the training samples in dataset B with confident pseudo labels and close data distribution to dataset A to add information, by assigning larger weights on their pseudo label vectors. Based on previously introduced w s i and w g i , the combined weight can be calculated and normalized by</p><formula xml:id="formula_9">w i = w s i ·w g i max j∈[1,n b ] w s j ·w g j .</formula><p>Then, we can arrive at the interpolated label vector:ŷ</p><formula xml:id="formula_10">a i = w i · y a i + (1 − w i ) ·ỹ a i ,<label>(6)</label></formula><p>which corresponds to the interpolated label vector in <ref type="bibr">(9)</ref>. Inspired by knowledge distillation <ref type="bibr">[22]</ref>, we make slight improvement on the soft label vectorỹ a i by introducing the factor of temperature T , and arrive atỹ a i with the j-th element beingỹ a i,j = (ỹ a i,j ) 1/T C a j=1 (ỹ a i,j ) 1/T , in whichỹ a i,j is the j-th element inỹ a i . In our experiments, we replaceỹ a i in (6) byỹ a i with T = 2, which can generally achieve good performance. The summary of whole training algorithm is left to Supplementary due to space limitation.</p></div>
<div xmlns="http://www.tei-c.org/ns/1.0"><head n="5.">EXPERIMENT</head></div>
<div xmlns="http://www.tei-c.org/ns/1.0"><head n="5.1.">Datasets</head><p>For face-centric applications, we construct three pairs of disjoint datasets by using three facial expression datasets of different scales (i.e., Expw <ref type="bibr" target="#b31">[2]</ref>, FER+ <ref type="bibr">[23]</ref>, and SFEW <ref type="bibr">[24]</ref>), and one pose dataset (i.e., AFLW <ref type="bibr">[25]</ref>) for facial expression recognition and pose estimation. We also construct one pair of disjoint human-centric datasets by using one clothes style dataset (i.e., DeepFashion <ref type="bibr">[26]</ref>) and one human attribute dataset (i.e., PETA <ref type="bibr">[27]</ref>) for cloth style classification and age stage estimation. The details of datasets and training/test splits can be found in Supplementary.</p></div>
<div xmlns="http://www.tei-c.org/ns/1.0"><head n="5.2.">Implementation Details</head><p>Following <ref type="bibr">[28]</ref>, we use the convolutional layers of VGG as shared layers, and two FC layers as task-specific layers for two tasks. We also employ cross-stitch layer <ref type="bibr">[29]</ref> between FC layers of two tasks. For fair comparison, we use the same backbone network for all methods. In the training stage, we set the batchsize as 32 and use Adam optimizer with the learning rate 0.0001.</p></div>
<div xmlns="http://www.tei-c.org/ns/1.0"><head n="5.3.">Comparison with Other Multi-task Learning for Classification Methods</head><p>In this section, we compare the performance of MTL-SA with three groups of baselines. In the first group, we compare with All-in-one network <ref type="bibr" target="#b30">[1]</ref> using joint training strategy and MTL-wF using alternating training strategy. In the second group, we compare with manifold based semi-supervised MTL methods, including SFSMR <ref type="bibr">[14]</ref> and SLRM <ref type="bibr">[30]</ref>. In the third group, we compare with semi-supervised MTL methods LEL-LTN <ref type="bibr">[15]</ref> and DCN-AP <ref type="bibr" target="#b31">[2]</ref> using pseudo labels. We also compare with Single-Task Learning (STL), which uses one separate network for each task without parameter sharing. The details of baselines are provided in Supplementary.</p><p>The results of different methods are summarized in Table 1. Based on <ref type="table" target="#tab_0">Table 1</ref>, we observe that MTL methods generally outperform STL, which demonstrates the benefit of sharing information among multiple tasks. We also observe that LwF <ref type="bibr">[3]</ref> with alternating training strategy achieves better results than All-in-one <ref type="bibr" target="#b30">[1]</ref> with joint training strategy, which indicates the advantage of alternating training strategy. Another observation is that semi-supervised MTL methods SFSMR <ref type="bibr">[14]</ref>, SLRM <ref type="bibr">[30]</ref>, LEL-LTN <ref type="bibr">[15]</ref> and DCN-AP <ref type="bibr" target="#b31">[2]</ref> generally outperform All-in-one <ref type="bibr" target="#b30">[1]</ref>, which shows that it is helpful to use unlabeled training samples based on manifold structure information or refined pseudo label information. It can also be seen that our proposed MTL-SA achieves significant improvement over the closest related baseline MTL-wF, which demonstrates the advantage of selectively adding information instead of merely preserving information. Moreover, our method achieves the best results on all four pairs of datasets, which indicates the effectiveness of selectively augmenting each task by using the training samples in the unlabeled dataset with confident pseudo labels and close data distribution to the labeled dataset.</p></div>
<div xmlns="http://www.tei-c.org/ns/1.0"><head n="5.4.">Ablation Studies</head><p>Note that the final weight used in our method w i = w c i · w d i · w g i is based on three types of weights w c i , w d i , and w g i . To investigate the importance of each type of weight, we perform ablation studies on our MTL-SA method. By taking a pair of face-centric datasets and a pair of human-centric datasets as examples, we report the results of three special cases with constant weights by setting w i as 0, 1, and 0.5. When w i = 0, we only use knowledge distillation to preserve the information obtained in the previous epoch. When w i = 1, we use pseudo labels for all training samples. When w i = 0.5, we use simple label interpolation with the same weight for all training samples. Besides, we report the results of three special cases only using one type of weight (i.e., w c i , w d i , or w g i ). Experimental results are summarized in <ref type="table">Table 2</ref>. We observe that MTL-SA (w i = 0) is slightly better than MTL-wF <ref type="bibr">[3]</ref>, which indicates the benefit of knowledge distillation with higher temperature T &gt; 1. We also observe that MTL-SA (w i = 1) achieves worse results compared with MTL-SA (w i = 0), which shows that it is harmful to use all training samples with pseudo labels due to the label noise and data distribution mismatch. By comparing our special cases only using one type of weight (i.e., MTL-SA (only w c ), MTL-SA (only w d ), MTL-SA (only w g )) with the special cases using constant weights (i.e., MTL-SA (w = 0), MTL-SA (w = 1), MTL-SA (w = 0.5)), it can be seen that simple interpolation of pseudo label vector and soft label vector with a constant weight is not very effective while our special cases using any type of weight generally outperform the simple interpolation. Among three types of weights, MTL-SA (only w g ) performs more favorably, which might be because that the domain gap between FER+ (resp., DeepFashion) and AFLW (resp., PETA) is quite huge and can be mitigated by selecting the training samples with close data distribution. Finally, our full-fledged MTL-SA method outperforms all special cases on both pairs of datasets, which verifies the effectiveness of selecting training sample in the unlabeled dataset to augment each task based on multiple selection criteria. We have similar observations on the other pairs of datasets.</p><p>Recall that we use EMD to measure distribution difference. We also compare with MTL-SA (only w g (MMD)) which simply uses MMD instead of EMD. We observe that MTL-SA (only w g (MMD)) underperforms MTL-SA (only w g (EMD)), which indicates the benefit of our design.</p></div>
<div xmlns="http://www.tei-c.org/ns/1.0"><head n="5.5.">Qualitative Results</head><p>In Supplementary, we provide in-depth analyses to prove the existence of two issues: pseudo label noise and data distribution mismatch. We also show qualitative results to corroborate the effectiveness of our method to address the above two issues.</p></div>
<div xmlns="http://www.tei-c.org/ns/1.0"><head n="6.">CONCLUSION</head><p>In this paper, we have proposed our Multi-Task Learning for Classification with Selective Augmentation (MTL-SA) method based on our designed three sample selection criteria. Comprehensive experiments on three pairs of face-centric datasets and one pair of human-centric datasets have demonstrated the effectiveness of our proposed method.</p><p>In this Supplementary, we first describe the technical details that are omitted in the main text in Section G, H, I. Then, we introduce the details of our used datasets and compared baselines in Section J, K. Finally, we provide more experimental results in Section L, M.</p></div>
<div xmlns="http://www.tei-c.org/ns/1.0"><head>G. DETAILS OF CALCULATING LOCAL DENSITY</head><p>In Section 4.1.1 in the main text, we proposed to use local density as the measurement of pseudo label confidence and here we provide the technical details. We group images</p><formula xml:id="formula_11">D B = {I b 1 , ..., I b n b } in dataset B</formula><p>based on their pseudo labels. For the c-th group of training samples with the same pseudo label c, we use feature extractor f a t−1 (·) (i.e., model parameters {θ s , θ a } for task A with the last classification layer removed) to extract their features. Note that in this section, we use the feature extractor corresponding to the task (i.e., task A) which needs to be augmented with the current unlabeled dataset (i.e., dataset B). Then, we calculate the Euclidean distance matrix D ∈ R n b c ×n b c with n b c being the number of samples in the c-th group. Each entry in D is calculated by D i,j = ||f a t−1 (I b i ) − f a t−1 (I b j )|| 2 . Given an image I b i in the c-th group, we calculate its local density as ρ i = j δ(D i,j &lt; d c ), where δ(D i,j &lt; d c ) = 1 if D i,j &lt; d c and 0 otherwise, in which d c is determined by sorting (n b c ) 2 entries in D in increasing order and select the number at the location κ · (n b c ) 2 (κ = 0.6 in our experiments). Hence, ρ i is the number of samples in the c-group with the distance to I b i smaller than d c . We assume the images in each group with correct pseudo labels should be close to each other in the feature space, leading to a large value of local density. Therefore, for I b i in the c-th group, we use normalized local density w d i = ρi max j∈Ic ρj to measure its pseudo label confidence, in which I c is the index set of the c-th group.</p></div>
<div xmlns="http://www.tei-c.org/ns/1.0"><head>H. DETAILS OF CALCULATING EARTH MOVING DISTANCE (EMD) BETWEEN TWO DOMAINS</head><p>In Section 4.1.2 in the main text, we proposed to calculate the data distribution difference between each cluster in dataset B and the entire dataset A. Formally, we treat the training samples D B = {I b 1 , ..., I b n b } (resp., D A = {I a 1 , ..., I a na }) in dataset B (resp., A) as domain B (resp., A). We use feature extractor f a t−1 (·) to extract features for D B and D A . Based on the extracted features, we use Gaussian Mixed Model (GMM) to group domain B (resp., A) into C b (resp., C a ) clusters, in which each cluster is a Gaussian model with the mean feature vector µ b k (resp., µ a k ) and prior weight π b k (resp., π a k ). Thus, we can define domain B (resp., A) as <ref type="figure" target="#fig_0">1 , π a  1 )</ref>, ..., (µ a C a , π a C a )}). We calculate the MMD distance d M k,j between the k-th cluster in domain B and the jth cluster in domain A as d M k,j = ||µ b k − µ a j || 2 . Furthermore, we can obtain the distance between the k-th cluster in domain B and the entire domain A, which is calculated by Earth Mover's Distance (EMD) between {(µ b k , 1)} and {(µ a 1 , π a 1 ), ..., (µ a C a , π a C a )}:</p><formula xml:id="formula_12">{(µ b 1 , π b 1 ), ..., (µ b C b , π b C b )} (resp., {(µ a</formula><formula xml:id="formula_13">d E k = C a j=1 h k,j d M k,j C a j=1 h k,j ,<label>(7)</label></formula><p>where the optimal flow h k,j corresponding to the least amount of total work is obtained by solving the EMD optimization problem. The distance d E k can be viewed as the required amount of work to move the k-th cluster from domain B to the whole domain A.</p></div>
<div xmlns="http://www.tei-c.org/ns/1.0"><head>I. THE WHOLE TRAINING ALGORITHM</head><p>We rewrite the loss functions of our method as follows. The loss function in epoch t−1 can be written as</p><formula xml:id="formula_14">min θ s ,θ a ,θ b na i=1 L(y a i , p a t−1 (I a i )) + L(ŷ b i , p b t−1 (I a i )).<label>(8)</label></formula><p>Besides, the loss function in epoch t can be written as</p><formula xml:id="formula_15">min θ s ,θ a ,θ b n b i=1 L(ŷ a i , p a t (I b i )) + L(y b i , p b t (I b i )).<label>(9)</label></formula><p>The whole training algorithm is summarized in Algorithm 1. In the testing stage, we use {θ s , θ a } ( resp., {θ s , θ b }) for evaluation on the task A (resp., B).</p></div>
<div xmlns="http://www.tei-c.org/ns/1.0"><head>J. DETAILS OF DATASETS</head><p>For face-centric tasks, we use three datasets for facial expression recognition with different scales including a large-scale dataset Expw <ref type="bibr" target="#b31">[2]</ref>, a medium-scale dataset FER+ <ref type="bibr">[23]</ref>, and a small-scale dataset SFEW <ref type="bibr">[24]</ref>. In detail, Expw has over 90,000 images collected from websites, which are split into 80% training images and 20% testing images. FER+ contains 28,709 training images, 3,589 validation images, and 3,589 testing images. SFEW consists of a training set with 958 samples, a validation set with 436 samples, and a test set with 372 samples. Expw and SFEW are annotated with seven expression labels while FER+ is labeled with eight expression labels. Besides, the facial poses in these datasets are quite diverse, so we conjecture that the facial pose information from pose datasets could be beneficial for the facial expression recognition task. For facial pose estimation, we use AFLW dataset <ref type="bibr">[25]</ref>, which totally has 25,993 faces labeled with five types of poses including left profile face, left face, frontal face, right face and right profile face. We divide AFLW into 80% training samples and 20% test samples following <ref type="bibr">[31]</ref>. Based on the above mentioned three facial expression datasets (i.e., Expw, FER+, and SFEW) and one facial pose dataset (i.e., AFLW), we construct three pairs of facial expression and pose datasets, leading to three MTL settings with two disjoint datasets for two tasks.</p><p>For human-centric tasks, we construct one pair of disjoint datasets for clothes style classification and human attribute (e.g., age stage) estimation. Our used dataset for clothes style classification is DeepFashion <ref type="bibr">[26]</ref> with 289, 222 images from 50 clothes styles, and we splite it into training samples, validation samples and tesing samples according to the ratio of 4 : 1 : 1. Our used dataset for age stage estimation is PETA <ref type="bibr">[27]</ref> with 19, 000 images from 4 age stages (16 to 30, 31-45, 46-60, and above 61), and the split rule is the same as above used in DeepFashion dataset.</p></div>
<div xmlns="http://www.tei-c.org/ns/1.0"><head>K. DETAILS OF BASELINES</head><p>We compare our MTL-SA method with three groups of baselines.</p><p>For the first group of baselines, we compare with Allin-one network <ref type="bibr" target="#b30">[1]</ref> using joint training strategy and MTL-wF using alternating training strategy. In particular, to compare with All-in-one <ref type="bibr" target="#b30">[1]</ref>, we mix training samples from two datasets to train our model in each epoch. To compare with MTL-wF, we use one dataset to train our network in each epoch and alternate between two datasets, in which soft label vectors are used to prevent forgetting effect.</p><p>For the second group of baselines, we compare with manifold learning based semi-supervised MTL methods <ref type="bibr">[13,</ref><ref type="bibr">14,</ref><ref type="bibr">30]</ref>, which utilizes manifold regularization on unlabeled training samples. Specifically, to compare with SFSMR <ref type="bibr">[14]</ref>, we use l 2,1 -norm and trace norm term to generate manifold regularization for label fitness and manifold smoothness. To compare with SLRM <ref type="bibr">[30]</ref>, we combine nuclear norm and Laplacian norm for complexity regularization and smoothness regularization.</p><p>For the third group of baselines, we compare with semisupervised MTL methods LEL-LTN <ref type="bibr">[15]</ref> and DCN-AP <ref type="bibr" target="#b31">[2]</ref>, which use pseudo labels to boost multiple tasks. Particularly, to compare with LEL-LTN <ref type="bibr">[15]</ref> which employs label transfer network to tag samples with pseudo labels, we add a label transfer module to the penultimate layer of our network. To compare with DCN-AP <ref type="bibr" target="#b31">[2]</ref> which uses label propagation to fill in missing labels similar to multi-label learning, we leverage Markov Random Field (MRF) to refine the pseudo labels based on our predicted labels. Finally, we also compare with Single-Task Learning (STL), which uses one separate network for each task without parameter sharing. In the left subfigure, the data distributions of two datasets are overlapped to certain extent but still considerably different. Visually, the images in SFEW are often captured in poor light condition while the images in dataset AFLW are generally captured in good light condition, resulting in the data distribution discrepancy between these two datasets. SFEW is a facial expression dataset while AFLW is a pose dataset, so AFLW does not have ground-truth emotion labels. But we can get pseudo emotion labels for images in AFLW through our method. In the right subfigure, we show a few images from AFLW with the pseudo emotion label "angry", in which some images are actually not "angry". This indicates the existence of pseudo label noise. However, based on the right subfigure, the samples with correct pseudo labels are more prone to have higher local density.</p><p>Next, we attempt to investigate data distribution mismatch and pseudo label confidence in a quantitative way. For data distribution mismatch, we calculate MMD <ref type="bibr">[21]</ref> between AFLW and FER+ datasets, and the MMD value is 0.243. We <ref type="figure">Fig. 2</ref>. Given one task (i.e., facial expression recognition) with a labeled dataset (i.e., SFEW) and an unlabeled dataset (i.e., AFLW), there are two issues when using AFLW with pseudo labels to augment this task: 1) data distribution mismatch between AFLW and SFEW; 2) noisy pseudo labels of AFLW dataset. Image samples are visualized with t-SNE based on their features. Best viewed in color. also divide AFLW into two clusters using K-means and calculate MMD between two clusters. The obtained MMD value is 0.031, which is much lower than 0.243, which proves the existence of data distribution mismatch between two datasets.</p><p>One measurement of pseudo label confidence is local density. We assume that the samples with high local density are more prone to have correct pseudo labels. From the images with pseudo "fear" label on AFLW, we randomly sample 100 images with local density larger than 0.95 and 100 images with local density smaller than 0.15. Because AFLW does not provide ground-truth emotion labels, we manually annotate the emotion labels of selected samples to measure the accuracy of pseudo labels. We find that 96 (resp., 3) out of 100 samples with high (resp., low) local density have correct pseudo labels, which proves the correlation between low local density and noisy pseudo labels.</p></div>
<div xmlns="http://www.tei-c.org/ns/1.0"><head>M. QUALITATIVE ANALYSES OF SAMPLE SELECTION</head><p>To investigate the effectiveness of our sample selection method in a qualitative way, we take the pair of SFEW and AFLW datasets as an example and show five images in AFLW dataset with the highest (resp., lowest) weights w i obtained by our method in the top (resp., bottom) row in <ref type="figure">Figure 3</ref>. From <ref type="figure">Figure 3</ref>, we observe that the pseudo facial expression labels of images in the top row are all correct while those in the bottom row are generally incorrect, which shows that the combination of decision value and local density is a reliable measurement for the confidence of pseudo labels. We also observe that some images in the top row are captured in dark environment. Based on our observation, the images in SFEW <ref type="figure">Fig. 3</ref>. Illustration of training samples in AFLW dataset with weights w i and pseudo facial expression labels. In the top (resp., bottom) row, we show five training sample with the highest (resp., lowest) weights obtained by our method .</p><p>are often captured in poor light condition while the images in dataset AFLW are generally captured in good light condition, so the training images in the top row are visually more similar to the SFEW dataset, which implies the effectiveness of sample selection based on data distribution distance.</p></div>
<div xmlns="http://www.tei-c.org/ns/1.0"><head>N. REFERENCES</head><p>[1] Rajeev Ranjan, Swami Sankaranarayanan, Carlos D Castillo, and Rama Chellappa, "An all-in-one convolutional neural network for face analysis," in FG, 2017.</p><p>[2] Zhanpeng Zhang, Ping Luo, Chen Change Loy, and Xiaoou Tang, "From facial expression recognition to interpersonal relation prediction," IJCV, 2018.</p></div><figure xmlns="http://www.tei-c.org/ns/1.0" xml:id="fig_0"><head>Fig. 1 .</head><label>1</label><figDesc>Alternating training strategy for multi-task learning with disjoint datasets. We only show two epochs here, in which dataset A is used in training epoch t − 1 and dataset B is used in training epoch t.</figDesc></figure>
<figure xmlns="http://www.tei-c.org/ns/1.0" xml:id="fig_1"><head>Algorithm 1 Feed</head><label>1</label><figDesc>Alternating Optimization Algorithm for MTL-SA Input: Training images D a with labels Y a in dataset A and training images D b with labels Y b in dataset B. Model parameters θ s , θ a , and θ b initialized by joint training method<ref type="bibr" target="#b30">[1]</ref>. 1: for t = 1 → t max do D b into the network to obtain f a t−1 (I b ),ỹ a , s , θ a , and θ b based on the loss function in Eqn. s , θ a , and θ b based on the loss function in Eqn.13: end for14:  return Model parameters θ s , θ a and θ b .</figDesc></figure>
<figure xmlns="http://www.tei-c.org/ns/1.0" xml:id="fig_2"><head></head><label></label><figDesc>L. IN-DEPTH ANALYSES OF DATA DISTRIBUTION MISMATCH AND LOCAL DENSITY We visualize sampled images from AFLW and SFEW datasets with t-SNE based on their extracted features in Figure 2.</figDesc></figure>
<figure xmlns="http://www.tei-c.org/ns/1.0" type="table" xml:id="tab_0" validated="true"><head>Table 1 .</head><label>1</label><figDesc>Accuracy(%) of different methods on four pairs of datasets. Best results are denoted in boldface.</figDesc><table>Method 
Face-centric 
Human-centric 
Expw 
AFLW 
FER+ 
AFLW 
SFEW 
AFLW 
DeepFashion 
PETA 
STL 
64.17 
75.17 
82.13 
75.17 
47.49 
75.17 
81.71 
78.08 
All-in-one 
63.54 
76.01 
82.57 
76.41 
45.51 
75.27 
80.39 
79.02 
MTL-wF 
66.10 
77.08 
82.73 
76.12 
50.11 
76.02 
82.12 
79.83 
SFSMR 
65.04 
76.81 
82.89 
76.78 
51.01 
76.07 
81.83 
80.04 
SLRM 
65.44 
76.51 
82.91 
76.82 
50.61 
75.92 
82.01 
79.43 
LEL-LTN 
65.42 
76.17 
83.08 
75.89 
50.56 
76.49 
81.23 
79.84 
DCN-AP 
66.01 
77.17 
82.14 
76.75 
52.10 
76.54 
82.93 
80.11 
MTL-SA 
67.34 
78.41 
84.45 
77.92 
53.50 
77.85 
84.12 
81.78 

Table 2. Accuracy(%) of our special cases on two pairs of 
datasets. Best results are denoted in boldface. 

Method 
Face-centric 
Human-centric 
FER+ AFLW DeepFashion PETA 
MTL-wF 
82.73 76.12 
82.12 
79.83 
w = 0 
82.88 76.23 
82.53 
80.04 
w = 1 
82.48 75.62 
81.12 
79.14 
w = 0.5 
82.74 76.17 
81.79 
79.46 
only w c 
83.01 76.92 
82.45 
79.98 
only w d 
83.21 77.01 
82.71 
79.96 
only w g (EMD) 83.44 77.42 
82.94 
80.32 
only w g (MMD) 83.02 77.12 
82.46 
80.03 
MTL-SA 
84.45 77.92 
84.12 
81.78 

</table></figure>
		</body>
		<back>
			<div type="references">

				<listBibl>

<biblStruct xml:id="b0">
	<analytic>
		<title level="a" type="main">Learning without forgetting</title>
		<author>
			<persName xmlns="http://www.tei-c.org/ns/1.0"><forename type="first">Zhizhong</forename><surname>Li</surname></persName>
		</author>
		<author>
			<persName xmlns="http://www.tei-c.org/ns/1.0"><forename type="first">Derek</forename><surname>Hoiem</surname></persName>
		</author>
	</analytic>
	<monogr>
		<title level="j">TPAMI</title>
		<imprint>
			<date type="published" when="2018" />
		</imprint>
	</monogr>
</biblStruct>

<biblStruct xml:id="b1">
	<monogr>
		<title level="m" type="main">Semi-supervised learning</title>
		<author>
			<persName xmlns="http://www.tei-c.org/ns/1.0"><forename type="first">Olivier</forename><surname>Chapelle</surname></persName>
		</author>
		<author>
			<persName xmlns="http://www.tei-c.org/ns/1.0"><forename type="first">Bernhard</forename><surname>Scholkopf</surname></persName>
		</author>
		<author>
			<persName xmlns="http://www.tei-c.org/ns/1.0"><forename type="first">Alexander</forename><surname>Zien</surname></persName>
		</author>
		<imprint>
			<date type="published" when="2009" />
			<publisher>TNN</publisher>
		</imprint>
	</monogr>
</biblStruct>

<biblStruct xml:id="b2">
	<analytic>
		<title level="a" type="main">Pseudo-label: The simple and efficient semi-supervised learning method for deep neural networks</title>
		<author>
			<persName xmlns="http://www.tei-c.org/ns/1.0"><forename type="first">Dong-Hyun</forename><surname>Lee</surname></persName>
		</author>
	</analytic>
	<monogr>
		<title level="m">ICML</title>
		<imprint>
			<date type="published" when="2013" />
		</imprint>
	</monogr>
</biblStruct>

<biblStruct xml:id="b3">
	<monogr>
		<title level="m" type="main">Mixmatch: A holistic approach to semi-supervised learning</title>
		<author>
			<persName xmlns="http://www.tei-c.org/ns/1.0"><forename type="first">David</forename><surname>Berthelot</surname></persName>
		</author>
		<author>
			<persName xmlns="http://www.tei-c.org/ns/1.0"><forename type="first">Nicholas</forename><surname>Carlini</surname></persName>
		</author>
		<author>
			<persName xmlns="http://www.tei-c.org/ns/1.0"><forename type="first">Ian</forename><surname>Goodfellow</surname></persName>
		</author>
		<author>
			<persName xmlns="http://www.tei-c.org/ns/1.0"><forename type="first">Nicolas</forename><surname>Papernot</surname></persName>
		</author>
		<author>
			<persName xmlns="http://www.tei-c.org/ns/1.0"><forename type="first">Avital</forename><surname>Oliver</surname></persName>
		</author>
		<author>
			<persName xmlns="http://www.tei-c.org/ns/1.0"><forename type="first">Colin</forename><surname>Raffel</surname></persName>
		</author>
		<idno type="arXiv">arXiv:1905.02249</idno>
		<imprint>
			<date type="published" when="2019" />
		</imprint>
	</monogr>
	<note type="report_type">arXiv preprint</note>
</biblStruct>

<biblStruct xml:id="b4">
	<monogr>
		<title level="m" type="main">Visual domain adaptation: A survey of recent advances</title>
		<author>
			<persName xmlns="http://www.tei-c.org/ns/1.0"><forename type="first">M</forename><surname>Vishal</surname></persName>
		</author>
		<author>
			<persName xmlns="http://www.tei-c.org/ns/1.0"><forename type="first">Raghuraman</forename><surname>Patel</surname></persName>
		</author>
		<author>
			<persName xmlns="http://www.tei-c.org/ns/1.0"><forename type="first">Ruonan</forename><surname>Gopalan</surname></persName>
		</author>
		<author>
			<persName xmlns="http://www.tei-c.org/ns/1.0"><forename type="first">Rama</forename><surname>Li</surname></persName>
		</author>
		<author>
			<persName xmlns="http://www.tei-c.org/ns/1.0"><surname>Chellappa</surname></persName>
		</author>
		<imprint>
			<date type="published" when="2015" />
			<publisher>SPM</publisher>
		</imprint>
	</monogr>
</biblStruct>

<biblStruct xml:id="b5">
	<analytic>
		<title level="a" type="main">Unbiased look at dataset bias</title>
		<author>
			<persName xmlns="http://www.tei-c.org/ns/1.0"><forename type="first">Antonio</forename><surname>Torralba</surname></persName>
		</author>
		<author>
			<persName xmlns="http://www.tei-c.org/ns/1.0"><forename type="first">Alexei</forename><forename type="middle">A</forename><surname>Efros</surname></persName>
		</author>
	</analytic>
	<monogr>
		<title level="m">CVPR</title>
		<imprint>
			<date type="published" when="2011" />
		</imprint>
	</monogr>
</biblStruct>

<biblStruct xml:id="b6">
	<analytic>
		<title level="a" type="main">Neural network for disjoint annotations</title>
		<author>
			<persName xmlns="http://www.tei-c.org/ns/1.0"><forename type="first">Hongshen</forename><surname>Chen</surname></persName>
		</author>
		<author>
			<persName xmlns="http://www.tei-c.org/ns/1.0"><forename type="first">Yue</forename><surname>Zhang</surname></persName>
		</author>
		<author>
			<persName xmlns="http://www.tei-c.org/ns/1.0"><forename type="first">Qun</forename><surname>Liu</surname></persName>
		</author>
	</analytic>
	<monogr>
		<title level="j">EMNLP</title>
		<imprint>
			<date type="published" when="2016" />
		</imprint>
	</monogr>
</biblStruct>

<biblStruct xml:id="b7">
	<monogr>
		<title level="m" type="main">A joint many-task model: Growing a neural network for multiple nlp tasks</title>
		<author>
			<persName xmlns="http://www.tei-c.org/ns/1.0"><forename type="first">Kazuma</forename><surname>Hashimoto</surname></persName>
		</author>
		<author>
			<persName xmlns="http://www.tei-c.org/ns/1.0"><forename type="first">Caiming</forename><surname>Xiong</surname></persName>
		</author>
		<author>
			<persName xmlns="http://www.tei-c.org/ns/1.0"><forename type="first">Yoshimasa</forename><surname>Tsuruoka</surname></persName>
		</author>
		<author>
			<persName xmlns="http://www.tei-c.org/ns/1.0"><forename type="first">Richard</forename><surname>Socher</surname></persName>
		</author>
		<idno type="arXiv">arXiv:1611.01587</idno>
		<imprint>
			<date type="published" when="2016" />
		</imprint>
	</monogr>
	<note type="report_type">arXiv preprint</note>
</biblStruct>

<biblStruct xml:id="b8">
	<monogr>
		<title level="m" type="main">Universal representations:the missing link between faces, text, planktons, and cat breeds</title>
		<author>
			<persName xmlns="http://www.tei-c.org/ns/1.0"><forename type="first">Hakan</forename><surname>Bilen</surname></persName>
		</author>
		<author>
			<persName xmlns="http://www.tei-c.org/ns/1.0"><forename type="first">Andrea</forename><surname>Vedaldi</surname></persName>
		</author>
		<idno type="arXiv">arXiv:1701.07275</idno>
		<imprint>
			<date type="published" when="2017" />
		</imprint>
	</monogr>
	<note type="report_type">arXiv preprint</note>
</biblStruct>

<biblStruct xml:id="b9">
	<monogr>
		<title level="m" type="main">Disjoint multi-task learning between disjoint human-centric tasks</title>
		<author>
			<persName xmlns="http://www.tei-c.org/ns/1.0"><forename type="first">Dong-Jin</forename><surname>Kim</surname></persName>
		</author>
		<author>
			<persName xmlns="http://www.tei-c.org/ns/1.0"><forename type="first">Jinsoo</forename><surname>Choi</surname></persName>
		</author>
		<author>
			<persName xmlns="http://www.tei-c.org/ns/1.0"><forename type="first">Tae-Hyun</forename><surname>Oh</surname></persName>
		</author>
		<imprint>
			<date type="published" when="2018" />
			<publisher>WACV</publisher>
		</imprint>
	</monogr>
	<note>Youngjin Yoon, and In So Kweon</note>
</biblStruct>

<biblStruct xml:id="b10">
	<monogr>
		<title level="m" type="main">Semisupervised multitask learning for scene recognition</title>
		<author>
			<persName xmlns="http://www.tei-c.org/ns/1.0"><forename type="first">Xiaoqiang</forename><surname>Lu</surname></persName>
		</author>
		<author>
			<persName xmlns="http://www.tei-c.org/ns/1.0"><forename type="first">Xuelong</forename><surname>Li</surname></persName>
		</author>
		<author>
			<persName xmlns="http://www.tei-c.org/ns/1.0"><forename type="first">Lichao</forename><surname>Mou</surname></persName>
		</author>
		<imprint>
			<date type="published" when="2015" />
		</imprint>
	</monogr>
</biblStruct>

<biblStruct xml:id="b11">
	<monogr>
		<title level="m" type="main">Semisupervised feature analysis by mining correlations among multiple tasks</title>
		<author>
			<persName xmlns="http://www.tei-c.org/ns/1.0"><forename type="first">Xiaojun</forename><surname>Chang</surname></persName>
		</author>
		<author>
			<persName xmlns="http://www.tei-c.org/ns/1.0"><forename type="first">Yi</forename><surname>Yang</surname></persName>
		</author>
		<imprint>
			<date type="published" when="2017" />
		</imprint>
	</monogr>
</biblStruct>

<biblStruct xml:id="b12">
	<monogr>
		<title level="m" type="main">Multi-task learning of pairwise sequence classification tasks over disparate label spaces</title>
		<author>
			<persName xmlns="http://www.tei-c.org/ns/1.0"><forename type="first">Isabelle</forename><surname>Augenstein</surname></persName>
		</author>
		<author>
			<persName xmlns="http://www.tei-c.org/ns/1.0"><forename type="first">Sebastian</forename><surname>Ruder</surname></persName>
		</author>
		<author>
			<persName xmlns="http://www.tei-c.org/ns/1.0"><forename type="first">Anders</forename><surname>Søgaard</surname></persName>
		</author>
		<idno type="arXiv">arXiv:1802.09913</idno>
		<imprint>
			<date type="published" when="2018" />
		</imprint>
	</monogr>
	<note type="report_type">arXiv preprint</note>
</biblStruct>

<biblStruct xml:id="b13">
	<analytic>
		<title level="a" type="main">Deep semi-supervised person re-identification with external memory</title>
		<author>
			<persName xmlns="http://www.tei-c.org/ns/1.0"><forename type="first">Qize</forename><surname>Yang</surname></persName>
		</author>
		<author>
			<persName xmlns="http://www.tei-c.org/ns/1.0"><forename type="first">Ancong</forename><surname>Wu</surname></persName>
		</author>
		<author>
			<persName xmlns="http://www.tei-c.org/ns/1.0"><forename type="first">Wei-Shi</forename><surname>Zheng</surname></persName>
		</author>
	</analytic>
	<monogr>
		<title level="m">2019 IEEE International Conference on Multimedia and Expo (ICME)</title>
		<imprint>
			<publisher>IEEE</publisher>
			<date type="published" when="2019" />
			<biblScope unit="page" from="1096" to="1101" />
		</imprint>
	</monogr>
</biblStruct>

<biblStruct xml:id="b14">
	<analytic>
		<title level="a" type="main">Doubly semi-supervised multimodal adversarial learning for classification, generation and retrieval</title>
		<author>
			<persName xmlns="http://www.tei-c.org/ns/1.0"><forename type="first">Changde</forename><surname>Du</surname></persName>
		</author>
		<author>
			<persName xmlns="http://www.tei-c.org/ns/1.0"><forename type="first">Changying</forename><surname>Du</surname></persName>
		</author>
		<author>
			<persName xmlns="http://www.tei-c.org/ns/1.0"><forename type="first">Huiguang</forename><surname>He</surname></persName>
		</author>
	</analytic>
	<monogr>
		<title level="m">2019 IEEE International Conference on Multimedia and Expo (ICME)</title>
		<imprint>
			<publisher>IEEE</publisher>
			<date type="published" when="2019" />
			<biblScope unit="page" from="13" to="18" />
		</imprint>
	</monogr>
</biblStruct>

<biblStruct xml:id="b15">
	<analytic>
		<title level="a" type="main">Rethinking the inception architecture for computer vision</title>
		<author>
			<persName xmlns="http://www.tei-c.org/ns/1.0"><forename type="first">Christian</forename><surname>Szegedy</surname></persName>
		</author>
		<author>
			<persName xmlns="http://www.tei-c.org/ns/1.0"><forename type="first">Vincent</forename><surname>Vanhoucke</surname></persName>
		</author>
		<author>
			<persName xmlns="http://www.tei-c.org/ns/1.0"><forename type="first">Sergey</forename><surname>Ioffe</surname></persName>
		</author>
		<author>
			<persName xmlns="http://www.tei-c.org/ns/1.0"><forename type="first">Jon</forename><surname>Shlens</surname></persName>
		</author>
		<author>
			<persName xmlns="http://www.tei-c.org/ns/1.0"><forename type="first">Zbigniew</forename><surname>Wojna</surname></persName>
		</author>
	</analytic>
	<monogr>
		<title level="m">CVPR</title>
		<imprint>
			<date type="published" when="2016" />
		</imprint>
	</monogr>
</biblStruct>

<biblStruct xml:id="b16">
	<analytic>
		<title level="a" type="main">Learning from noisy labels with distillation</title>
		<author>
			<persName xmlns="http://www.tei-c.org/ns/1.0"><forename type="first">Yuncheng</forename><surname>Li</surname></persName>
		</author>
		<author>
			<persName xmlns="http://www.tei-c.org/ns/1.0"><forename type="first">Jianchao</forename><surname>Yang</surname></persName>
		</author>
		<author>
			<persName xmlns="http://www.tei-c.org/ns/1.0"><forename type="first">Yale</forename><surname>Song</surname></persName>
		</author>
		<author>
			<persName xmlns="http://www.tei-c.org/ns/1.0"><forename type="first">Liangliang</forename><surname>Cao</surname></persName>
		</author>
		<author>
			<persName xmlns="http://www.tei-c.org/ns/1.0"><forename type="first">Jiebo</forename><surname>Luo</surname></persName>
		</author>
		<author>
			<persName xmlns="http://www.tei-c.org/ns/1.0"><forename type="first">Li-Jia</forename><surname>Li</surname></persName>
		</author>
	</analytic>
	<monogr>
		<title level="m">ICCV</title>
		<imprint>
			<date type="published" when="2017" />
		</imprint>
	</monogr>
</biblStruct>

<biblStruct xml:id="b17">
	<analytic>
		<title level="a" type="main">Curriculumnet: Weakly supervised learning from large-scale web images</title>
		<author>
			<persName xmlns="http://www.tei-c.org/ns/1.0"><forename type="first">Sheng</forename><surname>Guo</surname></persName>
		</author>
		<author>
			<persName xmlns="http://www.tei-c.org/ns/1.0"><forename type="first">Weilin</forename><surname>Huang</surname></persName>
		</author>
		<author>
			<persName xmlns="http://www.tei-c.org/ns/1.0"><forename type="first">Haozhi</forename><surname>Zhang</surname></persName>
		</author>
		<author>
			<persName xmlns="http://www.tei-c.org/ns/1.0"><forename type="first">Chenfan</forename><surname>Zhuang</surname></persName>
		</author>
		<author>
			<persName xmlns="http://www.tei-c.org/ns/1.0"><forename type="first">Dengke</forename><surname>Dong</surname></persName>
		</author>
		<author>
			<persName xmlns="http://www.tei-c.org/ns/1.0"><forename type="first">R</forename><surname>Matthew</surname></persName>
		</author>
		<author>
			<persName xmlns="http://www.tei-c.org/ns/1.0"><forename type="first">Dinglong</forename><surname>Scott</surname></persName>
		</author>
		<author>
			<persName xmlns="http://www.tei-c.org/ns/1.0"><surname>Huang</surname></persName>
		</author>
	</analytic>
	<monogr>
		<title level="m">ECCV</title>
		<imprint>
			<date type="published" when="2018" />
		</imprint>
	</monogr>
</biblStruct>

<biblStruct xml:id="b18">
	<analytic>
		<title level="a" type="main">Correcting sample selection bias by unlabeled data</title>
		<author>
			<persName xmlns="http://www.tei-c.org/ns/1.0"><forename type="first">J</forename><surname>Huang</surname></persName>
		</author>
		<author>
			<persName xmlns="http://www.tei-c.org/ns/1.0"><forename type="first">A</forename><surname>Smola</surname></persName>
		</author>
		<author>
			<persName xmlns="http://www.tei-c.org/ns/1.0"><forename type="first">A</forename><surname>Gretton</surname></persName>
		</author>
		<author>
			<persName xmlns="http://www.tei-c.org/ns/1.0"><forename type="first">K</forename><surname>Borgwardt</surname></persName>
		</author>
		<author>
			<persName xmlns="http://www.tei-c.org/ns/1.0"><forename type="first">B</forename><surname>Scholkopf</surname></persName>
		</author>
	</analytic>
	<monogr>
		<title level="m">NIPS</title>
		<imprint>
			<date type="published" when="2006" />
		</imprint>
	</monogr>
</biblStruct>

<biblStruct xml:id="b19">
	<analytic>
		<title level="a" type="main">Distilling the knowledge in a neural network</title>
		<author>
			<persName xmlns="http://www.tei-c.org/ns/1.0"><forename type="first">Geoffrey</forename><surname>Hinton</surname></persName>
		</author>
		<author>
			<persName xmlns="http://www.tei-c.org/ns/1.0"><forename type="first">Oriol</forename><surname>Vinyals</surname></persName>
		</author>
		<author>
			<persName xmlns="http://www.tei-c.org/ns/1.0"><forename type="first">Jeff</forename><surname>Dean</surname></persName>
		</author>
	</analytic>
	<monogr>
		<title level="j">Computer Science</title>
		<imprint>
			<biblScope unit="volume">14</biblScope>
			<biblScope unit="issue">7</biblScope>
			<biblScope unit="page" from="38" to="39" />
			<date type="published" when="2015" />
		</imprint>
	</monogr>
</biblStruct>

<biblStruct xml:id="b20">
	<analytic>
		<title level="a" type="main">Training deep networks for facial expression recognition with crowd-sourced label distribution</title>
		<author>
			<persName xmlns="http://www.tei-c.org/ns/1.0"><forename type="first">Emad</forename><surname>Barsoum</surname></persName>
		</author>
		<author>
			<persName xmlns="http://www.tei-c.org/ns/1.0"><forename type="first">Cha</forename><surname>Zhang</surname></persName>
		</author>
		<author>
			<persName xmlns="http://www.tei-c.org/ns/1.0"><surname>Cristian Canton</surname></persName>
		</author>
		<author>
			<persName xmlns="http://www.tei-c.org/ns/1.0"><forename type="first">Zhengyou</forename><surname>Ferrer</surname></persName>
		</author>
		<author>
			<persName xmlns="http://www.tei-c.org/ns/1.0"><surname>Zhang</surname></persName>
		</author>
	</analytic>
	<monogr>
		<title level="m">ICMI</title>
		<imprint>
			<date type="published" when="2016" />
		</imprint>
	</monogr>
</biblStruct>

<biblStruct xml:id="b21">
	<analytic>
		<title level="a" type="main">Static facial expression analysis in tough conditions: Data, evaluation protocol and benchmark</title>
		<author>
			<persName xmlns="http://www.tei-c.org/ns/1.0"><forename type="first">Abhinav</forename><surname>Dhall</surname></persName>
		</author>
		<author>
			<persName xmlns="http://www.tei-c.org/ns/1.0"><forename type="first">Roland</forename><surname>Goecke</surname></persName>
		</author>
		<author>
			<persName xmlns="http://www.tei-c.org/ns/1.0"><forename type="first">Simon</forename><surname>Lucey</surname></persName>
		</author>
		<author>
			<persName xmlns="http://www.tei-c.org/ns/1.0"><forename type="first">Tom</forename><surname>Gedeon</surname></persName>
		</author>
	</analytic>
	<monogr>
		<title level="m">ICCV Workshop</title>
		<imprint>
			<date type="published" when="2011" />
		</imprint>
	</monogr>
</biblStruct>

<biblStruct xml:id="b22">
	<analytic>
		<title level="a" type="main">Annotated facial landmarks in the wild: A large-scale, real-world database for facial landmark localization</title>
		<author>
			<persName xmlns="http://www.tei-c.org/ns/1.0"><forename type="first">Martin</forename><surname>Koestinger</surname></persName>
		</author>
		<author>
			<persName xmlns="http://www.tei-c.org/ns/1.0"><forename type="first">Paul</forename><surname>Wohlhart</surname></persName>
		</author>
		<author>
			<persName xmlns="http://www.tei-c.org/ns/1.0"><forename type="first">M</forename><surname>Peter</surname></persName>
		</author>
		<author>
			<persName xmlns="http://www.tei-c.org/ns/1.0"><forename type="first">Horst</forename><surname>Roth</surname></persName>
		</author>
		<author>
			<persName xmlns="http://www.tei-c.org/ns/1.0"><surname>Bischof</surname></persName>
		</author>
	</analytic>
	<monogr>
		<title level="m">ICCV Workshop</title>
		<imprint>
			<date type="published" when="2011" />
		</imprint>
	</monogr>
</biblStruct>

<biblStruct xml:id="b23">
	<analytic>
		<title level="a" type="main">Deepfashion: Powering robust clothes recognition and retrieval with rich annotations</title>
		<author>
			<persName xmlns="http://www.tei-c.org/ns/1.0"><forename type="first">Ziwei</forename><surname>Liu</surname></persName>
		</author>
		<author>
			<persName xmlns="http://www.tei-c.org/ns/1.0"><forename type="first">Ping</forename><surname>Luo</surname></persName>
		</author>
		<author>
			<persName xmlns="http://www.tei-c.org/ns/1.0"><forename type="first">Shi</forename><surname>Qiu</surname></persName>
		</author>
		<author>
			<persName xmlns="http://www.tei-c.org/ns/1.0"><forename type="first">Xiaogang</forename><surname>Wang</surname></persName>
		</author>
		<author>
			<persName xmlns="http://www.tei-c.org/ns/1.0"><forename type="first">Xiaoou</forename><surname>Tang</surname></persName>
		</author>
	</analytic>
	<monogr>
		<title level="m">CVPR</title>
		<imprint>
			<date type="published" when="2016" />
		</imprint>
	</monogr>
</biblStruct>

<biblStruct xml:id="b24">
	<analytic>
		<title level="a" type="main">Pedestrian attribute recognition at far distance</title>
		<author>
			<persName xmlns="http://www.tei-c.org/ns/1.0"><forename type="first">Yubin</forename><surname>Deng</surname></persName>
		</author>
		<author>
			<persName xmlns="http://www.tei-c.org/ns/1.0"><forename type="first">Ping</forename><surname>Luo</surname></persName>
		</author>
		<author>
			<persName xmlns="http://www.tei-c.org/ns/1.0"><forename type="first">Chen</forename><forename type="middle">Change</forename><surname>Loy</surname></persName>
		</author>
		<author>
			<persName xmlns="http://www.tei-c.org/ns/1.0"><forename type="first">Xiaoou</forename><surname>Tang</surname></persName>
		</author>
	</analytic>
	<monogr>
		<title level="m">ACM MM</title>
		<imprint>
			<date type="published" when="2014" />
		</imprint>
	</monogr>
</biblStruct>

<biblStruct xml:id="b25">
	<monogr>
		<title level="m" type="main">Multi-task, multilabel and multi-domain learning with residual convolutional networks for emotion recognition</title>
		<author>
			<persName xmlns="http://www.tei-c.org/ns/1.0"><forename type="first">Gerard</forename><surname>Pons</surname></persName>
		</author>
		<author>
			<persName xmlns="http://www.tei-c.org/ns/1.0"><forename type="first">David</forename><surname>Masip</surname></persName>
		</author>
		<idno type="arXiv">arXiv:1802.06664</idno>
		<imprint>
			<date type="published" when="2018" />
		</imprint>
	</monogr>
	<note type="report_type">arXiv preprint</note>
</biblStruct>

<biblStruct xml:id="b26">
	<analytic>
		<title level="a" type="main">Cross-stitch networks for multi-task learning</title>
		<author>
			<persName xmlns="http://www.tei-c.org/ns/1.0"><forename type="first">Ishan</forename><surname>Misra</surname></persName>
		</author>
		<author>
			<persName xmlns="http://www.tei-c.org/ns/1.0"><forename type="first">Abhinav</forename><surname>Shrivastava</surname></persName>
		</author>
		<author>
			<persName xmlns="http://www.tei-c.org/ns/1.0"><forename type="first">Abhinav</forename><surname>Gupta</surname></persName>
		</author>
		<author>
			<persName xmlns="http://www.tei-c.org/ns/1.0"><forename type="first">Martial</forename><surname>Hebert</surname></persName>
		</author>
	</analytic>
	<monogr>
		<title level="m">CVPR</title>
		<imprint>
			<date type="published" when="2016" />
		</imprint>
	</monogr>
</biblStruct>

<biblStruct xml:id="b27">
	<analytic>
		<title level="a" type="main">Semi-supervised low-rank mapping learning for multilabel classification</title>
		<author>
			<persName xmlns="http://www.tei-c.org/ns/1.0"><forename type="first">Liping</forename><surname>Jing</surname></persName>
		</author>
		<author>
			<persName xmlns="http://www.tei-c.org/ns/1.0"><forename type="first">Liu</forename><surname>Yang</surname></persName>
		</author>
		<author>
			<persName xmlns="http://www.tei-c.org/ns/1.0"><forename type="first">Jian</forename><surname>Yu</surname></persName>
		</author>
		<author>
			<persName xmlns="http://www.tei-c.org/ns/1.0"><forename type="first">Michael K</forename><surname>Ng</surname></persName>
		</author>
	</analytic>
	<monogr>
		<title level="m">CVPR</title>
		<imprint>
			<date type="published" when="2015" />
		</imprint>
	</monogr>
</biblStruct>

<biblStruct xml:id="b28">
	<monogr>
		<title level="m" type="main">Benchmarking parts based face processing in-the-wild for gender recognition and head pose estimation</title>
		<author>
			<persName xmlns="http://www.tei-c.org/ns/1.0"><surname>Flávio H De B Zavan</surname></persName>
		</author>
		<author>
			<persName xmlns="http://www.tei-c.org/ns/1.0"><forename type="first">R</forename><forename type="middle">P</forename><surname>Olga</surname></persName>
		</author>
		<author>
			<persName xmlns="http://www.tei-c.org/ns/1.0"><forename type="first">Luciano</forename><surname>Bellon</surname></persName>
		</author>
		<author>
			<persName xmlns="http://www.tei-c.org/ns/1.0"><forename type="first">Gérard G</forename><surname>Silva</surname></persName>
		</author>
		<author>
			<persName xmlns="http://www.tei-c.org/ns/1.0"><surname>Medioni</surname></persName>
		</author>
		<imprint>
			<date type="published" when="2018" />
		</imprint>
	</monogr>
	<note type="report_type">PRL</note>
</biblStruct>

<biblStruct xml:id="b29">
	<monogr>
		<title/>
		<author>
			<persName xmlns="http://www.tei-c.org/ns/1.0"><forename type="first">O</forename><surname>References</surname></persName>
		</author>
		<imprint/>
	</monogr>
</biblStruct>

<biblStruct xml:id="b30">
	<monogr>
		<title level="m" type="main">An all-in-one convolutional neural network for face analysis</title>
		<author>
			<persName xmlns="http://www.tei-c.org/ns/1.0"><forename type="first">Rajeev</forename><surname>Ranjan</surname></persName>
		</author>
		<author>
			<persName xmlns="http://www.tei-c.org/ns/1.0"><forename type="first">Swami</forename><surname>Sankaranarayanan</surname></persName>
		</author>
		<author>
			<persName xmlns="http://www.tei-c.org/ns/1.0"><forename type="first">D</forename><surname>Carlos</surname></persName>
		</author>
		<author>
			<persName xmlns="http://www.tei-c.org/ns/1.0"><forename type="first">Rama</forename><surname>Castillo</surname></persName>
		</author>
		<author>
			<persName xmlns="http://www.tei-c.org/ns/1.0"><surname>Chellappa</surname></persName>
		</author>
		<imprint>
			<date type="published" when="2017" />
		</imprint>
	</monogr>
</biblStruct>

<biblStruct xml:id="b31">
	<monogr>
		<title level="m" type="main">From facial expression recognition to interpersonal relation prediction</title>
		<author>
			<persName xmlns="http://www.tei-c.org/ns/1.0"><forename type="first">Zhanpeng</forename><surname>Zhang</surname></persName>
		</author>
		<author>
			<persName xmlns="http://www.tei-c.org/ns/1.0"><forename type="first">Ping</forename><surname>Luo</surname></persName>
		</author>
		<author>
			<persName xmlns="http://www.tei-c.org/ns/1.0"><forename type="first">Chen</forename><forename type="middle">Change</forename><surname>Loy</surname></persName>
		</author>
		<author>
			<persName xmlns="http://www.tei-c.org/ns/1.0"><forename type="first">Xiaoou</forename><surname>Tang</surname></persName>
		</author>
		<imprint>
			<date type="published" when="2018" />
		</imprint>
	</monogr>
	<note type="report_type">IJCV</note>
</biblStruct>

<biblStruct xml:id="b32">
	<monogr>
		<title level="m" type="main">Learning without forgetting</title>
		<author>
			<persName xmlns="http://www.tei-c.org/ns/1.0"><forename type="first">Zhizhong</forename><surname>Li</surname></persName>
		</author>
		<author>
			<persName xmlns="http://www.tei-c.org/ns/1.0"><forename type="first">Derek</forename><surname>Hoiem</surname></persName>
		</author>
		<imprint>
			<date type="published" when="2018" />
		</imprint>
	</monogr>
	<note type="report_type">TPAMI</note>
</biblStruct>

<biblStruct xml:id="b33">
	<monogr>
		<title level="m" type="main">Semi-supervised learning</title>
		<author>
			<persName xmlns="http://www.tei-c.org/ns/1.0"><forename type="first">Olivier</forename><surname>Chapelle</surname></persName>
		</author>
		<author>
			<persName xmlns="http://www.tei-c.org/ns/1.0"><forename type="first">Bernhard</forename><surname>Scholkopf</surname></persName>
		</author>
		<author>
			<persName xmlns="http://www.tei-c.org/ns/1.0"><forename type="first">Alexander</forename><surname>Zien</surname></persName>
		</author>
		<imprint>
			<date type="published" when="2009" />
			<publisher>TNN</publisher>
		</imprint>
	</monogr>
</biblStruct>

<biblStruct xml:id="b34">
	<analytic>
		<title level="a" type="main">Pseudo-label: The simple and efficient semi-supervised learning method for deep neural networks</title>
		<author>
			<persName xmlns="http://www.tei-c.org/ns/1.0"><forename type="first">Dong-Hyun</forename><surname>Lee</surname></persName>
		</author>
	</analytic>
	<monogr>
		<title level="m">ICML</title>
		<imprint>
			<date type="published" when="2013" />
		</imprint>
	</monogr>
</biblStruct>

<biblStruct xml:id="b35">
	<monogr>
		<title level="m" type="main">Mixmatch: A holistic approach to semi-supervised learning</title>
		<author>
			<persName xmlns="http://www.tei-c.org/ns/1.0"><forename type="first">David</forename><surname>Berthelot</surname></persName>
		</author>
		<author>
			<persName xmlns="http://www.tei-c.org/ns/1.0"><forename type="first">Nicholas</forename><surname>Carlini</surname></persName>
		</author>
		<author>
			<persName xmlns="http://www.tei-c.org/ns/1.0"><forename type="first">Ian</forename><surname>Goodfellow</surname></persName>
		</author>
		<author>
			<persName xmlns="http://www.tei-c.org/ns/1.0"><forename type="first">Nicolas</forename><surname>Papernot</surname></persName>
		</author>
		<author>
			<persName xmlns="http://www.tei-c.org/ns/1.0"><forename type="first">Avital</forename><surname>Oliver</surname></persName>
		</author>
		<author>
			<persName xmlns="http://www.tei-c.org/ns/1.0"><forename type="first">Colin</forename><surname>Raffel</surname></persName>
		</author>
		<idno type="arXiv">arXiv:1905.02249</idno>
		<imprint>
			<date type="published" when="2019" />
		</imprint>
	</monogr>
	<note type="report_type">arXiv preprint</note>
</biblStruct>

<biblStruct xml:id="b36">
	<analytic>
		<title level="a" type="main">Visual domain adaptation: A survey of recent advances</title>
		<author>
			<persName xmlns="http://www.tei-c.org/ns/1.0"><forename type="first">M</forename><surname>Vishal</surname></persName>
		</author>
		<author>
			<persName xmlns="http://www.tei-c.org/ns/1.0"><forename type="first">Raghuraman</forename><surname>Patel</surname></persName>
		</author>
		<author>
			<persName xmlns="http://www.tei-c.org/ns/1.0"><forename type="first">Ruonan</forename><surname>Gopalan</surname></persName>
		</author>
		<author>
			<persName xmlns="http://www.tei-c.org/ns/1.0"><forename type="first">Rama</forename><surname>Li</surname></persName>
		</author>
		<author>
			<persName xmlns="http://www.tei-c.org/ns/1.0"><surname>Chellappa</surname></persName>
		</author>
	</analytic>
	<monogr>
		<title level="j">SPM</title>
		<imprint>
			<date type="published" when="2015" />
		</imprint>
	</monogr>
</biblStruct>

<biblStruct xml:id="b37">
	<analytic>
		<title level="a" type="main">Unbiased look at dataset bias</title>
		<author>
			<persName xmlns="http://www.tei-c.org/ns/1.0"><forename type="first">Antonio</forename><surname>Torralba</surname></persName>
		</author>
		<author>
			<persName xmlns="http://www.tei-c.org/ns/1.0"><forename type="first">Alexei</forename><forename type="middle">A</forename><surname>Efros</surname></persName>
		</author>
	</analytic>
	<monogr>
		<title level="m">CVPR</title>
		<imprint>
			<date type="published" when="2011" />
		</imprint>
	</monogr>
</biblStruct>

<biblStruct xml:id="b38">
	<analytic>
		<title level="a" type="main">Neural network for disjoint annotations</title>
		<author>
			<persName xmlns="http://www.tei-c.org/ns/1.0"><forename type="first">Hongshen</forename><surname>Chen</surname></persName>
		</author>
		<author>
			<persName xmlns="http://www.tei-c.org/ns/1.0"><forename type="first">Yue</forename><surname>Zhang</surname></persName>
		</author>
		<author>
			<persName xmlns="http://www.tei-c.org/ns/1.0"><forename type="first">Qun</forename><surname>Liu</surname></persName>
		</author>
	</analytic>
	<monogr>
		<title level="j">EMNLP</title>
		<imprint>
			<date type="published" when="2016" />
		</imprint>
	</monogr>
</biblStruct>

<biblStruct xml:id="b39">
	<monogr>
		<title level="m" type="main">A joint many-task model: Growing a neural network for multiple nlp tasks</title>
		<author>
			<persName xmlns="http://www.tei-c.org/ns/1.0"><forename type="first">Kazuma</forename><surname>Hashimoto</surname></persName>
		</author>
		<author>
			<persName xmlns="http://www.tei-c.org/ns/1.0"><forename type="first">Caiming</forename><surname>Xiong</surname></persName>
		</author>
		<author>
			<persName xmlns="http://www.tei-c.org/ns/1.0"><forename type="first">Yoshimasa</forename><surname>Tsuruoka</surname></persName>
		</author>
		<author>
			<persName xmlns="http://www.tei-c.org/ns/1.0"><forename type="first">Richard</forename><surname>Socher</surname></persName>
		</author>
		<idno type="arXiv">arXiv:1611.01587</idno>
		<imprint>
			<date type="published" when="2016" />
		</imprint>
	</monogr>
	<note type="report_type">arXiv preprint</note>
</biblStruct>

<biblStruct xml:id="b40">
	<monogr>
		<title level="m" type="main">Universal representations:the missing link between faces, text, planktons, and cat breeds</title>
		<author>
			<persName xmlns="http://www.tei-c.org/ns/1.0"><forename type="first">Hakan</forename><surname>Bilen</surname></persName>
		</author>
		<author>
			<persName xmlns="http://www.tei-c.org/ns/1.0"><forename type="first">Andrea</forename><surname>Vedaldi</surname></persName>
		</author>
		<idno type="arXiv">arXiv:1701.07275</idno>
		<imprint>
			<date type="published" when="2017" />
		</imprint>
	</monogr>
	<note type="report_type">arXiv preprint</note>
</biblStruct>

<biblStruct xml:id="b41">
	<monogr>
		<title level="m" type="main">Disjoint multi-task learning between disjoint human-centric tasks</title>
		<author>
			<persName xmlns="http://www.tei-c.org/ns/1.0"><forename type="first">Dong-Jin</forename><surname>Kim</surname></persName>
		</author>
		<author>
			<persName xmlns="http://www.tei-c.org/ns/1.0"><forename type="first">Jinsoo</forename><surname>Choi</surname></persName>
		</author>
		<author>
			<persName xmlns="http://www.tei-c.org/ns/1.0"><forename type="first">Tae-Hyun</forename><surname>Oh</surname></persName>
		</author>
		<imprint>
			<date type="published" when="2018" />
			<publisher>WACV</publisher>
		</imprint>
	</monogr>
	<note>Youngjin Yoon, and In So Kweon</note>
</biblStruct>

<biblStruct xml:id="b42">
	<monogr>
		<title level="m" type="main">Semisupervised multitask learning for scene recognition</title>
		<author>
			<persName xmlns="http://www.tei-c.org/ns/1.0"><forename type="first">Xiaoqiang</forename><surname>Lu</surname></persName>
		</author>
		<author>
			<persName xmlns="http://www.tei-c.org/ns/1.0"><forename type="first">Xuelong</forename><surname>Li</surname></persName>
		</author>
		<author>
			<persName xmlns="http://www.tei-c.org/ns/1.0"><forename type="first">Lichao</forename><surname>Mou</surname></persName>
		</author>
		<imprint>
			<date type="published" when="2015" />
		</imprint>
	</monogr>
</biblStruct>

<biblStruct xml:id="b43">
	<monogr>
		<title level="m" type="main">Semisupervised feature analysis by mining correlations among multiple tasks</title>
		<author>
			<persName xmlns="http://www.tei-c.org/ns/1.0"><forename type="first">Xiaojun</forename><surname>Chang</surname></persName>
		</author>
		<author>
			<persName xmlns="http://www.tei-c.org/ns/1.0"><forename type="first">Yi</forename><surname>Yang</surname></persName>
		</author>
		<imprint>
			<date type="published" when="2017" />
		</imprint>
	</monogr>
</biblStruct>

<biblStruct xml:id="b44">
	<monogr>
		<title level="m" type="main">Multi-task learning of pairwise sequence classification tasks over disparate label spaces</title>
		<author>
			<persName xmlns="http://www.tei-c.org/ns/1.0"><forename type="first">Isabelle</forename><surname>Augenstein</surname></persName>
		</author>
		<author>
			<persName xmlns="http://www.tei-c.org/ns/1.0"><forename type="first">Sebastian</forename><surname>Ruder</surname></persName>
		</author>
		<author>
			<persName xmlns="http://www.tei-c.org/ns/1.0"><forename type="first">Anders</forename><surname>Søgaard</surname></persName>
		</author>
		<idno type="arXiv">arXiv:1802.09913</idno>
		<imprint>
			<date type="published" when="2018" />
		</imprint>
	</monogr>
	<note type="report_type">arXiv preprint</note>
</biblStruct>

<biblStruct xml:id="b45">
	<analytic>
		<title level="a" type="main">Deep semisupervised person re-identification with external memory</title>
		<author>
			<persName xmlns="http://www.tei-c.org/ns/1.0"><forename type="first">Qize</forename><surname>Yang</surname></persName>
		</author>
		<author>
			<persName xmlns="http://www.tei-c.org/ns/1.0"><forename type="first">Ancong</forename><surname>Wu</surname></persName>
		</author>
		<author>
			<persName xmlns="http://www.tei-c.org/ns/1.0"><forename type="first">Wei-Shi</forename><surname>Zheng</surname></persName>
		</author>
	</analytic>
	<monogr>
		<title level="m">2019 IEEE International Conference on Multimedia and Expo (ICME)</title>
		<imprint>
			<publisher>IEEE</publisher>
			<date type="published" when="2019" />
			<biblScope unit="page" from="1096" to="1101" />
		</imprint>
	</monogr>
</biblStruct>

<biblStruct xml:id="b46">
	<analytic>
		<title level="a" type="main">Doubly semisupervised multimodal adversarial learning for classification, generation and retrieval</title>
		<author>
			<persName xmlns="http://www.tei-c.org/ns/1.0"><forename type="first">Changde</forename><surname>Du</surname></persName>
		</author>
		<author>
			<persName xmlns="http://www.tei-c.org/ns/1.0"><forename type="first">Changying</forename><surname>Du</surname></persName>
		</author>
		<author>
			<persName xmlns="http://www.tei-c.org/ns/1.0"><forename type="first">Huiguang</forename><surname>He</surname></persName>
		</author>
	</analytic>
	<monogr>
		<title level="m">2019 IEEE International Conference on Multimedia and Expo (ICME)</title>
		<imprint>
			<publisher>IEEE</publisher>
			<date type="published" when="2019" />
			<biblScope unit="page" from="13" to="18" />
		</imprint>
	</monogr>
</biblStruct>

<biblStruct xml:id="b47">
	<analytic>
		<title level="a" type="main">Rethinking the inception architecture for computer vision</title>
		<author>
			<persName xmlns="http://www.tei-c.org/ns/1.0"><forename type="first">Christian</forename><surname>Szegedy</surname></persName>
		</author>
		<author>
			<persName xmlns="http://www.tei-c.org/ns/1.0"><forename type="first">Vincent</forename><surname>Vanhoucke</surname></persName>
		</author>
		<author>
			<persName xmlns="http://www.tei-c.org/ns/1.0"><forename type="first">Sergey</forename><surname>Ioffe</surname></persName>
		</author>
		<author>
			<persName xmlns="http://www.tei-c.org/ns/1.0"><forename type="first">Jon</forename><surname>Shlens</surname></persName>
		</author>
		<author>
			<persName xmlns="http://www.tei-c.org/ns/1.0"><forename type="first">Zbigniew</forename><surname>Wojna</surname></persName>
		</author>
	</analytic>
	<monogr>
		<title level="m">CVPR</title>
		<imprint>
			<date type="published" when="2016" />
		</imprint>
	</monogr>
</biblStruct>

<biblStruct xml:id="b48">
	<analytic>
		<title level="a" type="main">Learning from noisy labels with distillation</title>
		<author>
			<persName xmlns="http://www.tei-c.org/ns/1.0"><forename type="first">Yuncheng</forename><surname>Li</surname></persName>
		</author>
		<author>
			<persName xmlns="http://www.tei-c.org/ns/1.0"><forename type="first">Jianchao</forename><surname>Yang</surname></persName>
		</author>
		<author>
			<persName xmlns="http://www.tei-c.org/ns/1.0"><forename type="first">Yale</forename><surname>Song</surname></persName>
		</author>
		<author>
			<persName xmlns="http://www.tei-c.org/ns/1.0"><forename type="first">Liangliang</forename><surname>Cao</surname></persName>
		</author>
		<author>
			<persName xmlns="http://www.tei-c.org/ns/1.0"><forename type="first">Jiebo</forename><surname>Luo</surname></persName>
		</author>
		<author>
			<persName xmlns="http://www.tei-c.org/ns/1.0"><forename type="first">Li-Jia</forename><surname>Li</surname></persName>
		</author>
	</analytic>
	<monogr>
		<title level="m">ICCV</title>
		<imprint>
			<date type="published" when="2017" />
		</imprint>
	</monogr>
</biblStruct>

<biblStruct xml:id="b49">
	<analytic>
		<title level="a" type="main">Curriculumnet: Weakly supervised learning from large-scale web images</title>
		<author>
			<persName xmlns="http://www.tei-c.org/ns/1.0"><forename type="first">Sheng</forename><surname>Guo</surname></persName>
		</author>
		<author>
			<persName xmlns="http://www.tei-c.org/ns/1.0"><forename type="first">Weilin</forename><surname>Huang</surname></persName>
		</author>
		<author>
			<persName xmlns="http://www.tei-c.org/ns/1.0"><forename type="first">Haozhi</forename><surname>Zhang</surname></persName>
		</author>
		<author>
			<persName xmlns="http://www.tei-c.org/ns/1.0"><forename type="first">Chenfan</forename><surname>Zhuang</surname></persName>
		</author>
		<author>
			<persName xmlns="http://www.tei-c.org/ns/1.0"><forename type="first">Dengke</forename><surname>Dong</surname></persName>
		</author>
		<author>
			<persName xmlns="http://www.tei-c.org/ns/1.0"><forename type="first">R</forename><surname>Matthew</surname></persName>
		</author>
		<author>
			<persName xmlns="http://www.tei-c.org/ns/1.0"><forename type="first">Dinglong</forename><surname>Scott</surname></persName>
		</author>
		<author>
			<persName xmlns="http://www.tei-c.org/ns/1.0"><surname>Huang</surname></persName>
		</author>
	</analytic>
	<monogr>
		<title level="m">ECCV</title>
		<imprint>
			<date type="published" when="2018" />
		</imprint>
	</monogr>
</biblStruct>

<biblStruct xml:id="b50">
	<analytic>
		<title level="a" type="main">Correcting sample selection bias by unlabeled data</title>
		<author>
			<persName xmlns="http://www.tei-c.org/ns/1.0"><forename type="first">J</forename><surname>Huang</surname></persName>
		</author>
		<author>
			<persName xmlns="http://www.tei-c.org/ns/1.0"><forename type="first">A</forename><surname>Smola</surname></persName>
		</author>
		<author>
			<persName xmlns="http://www.tei-c.org/ns/1.0"><forename type="first">A</forename><surname>Gretton</surname></persName>
		</author>
		<author>
			<persName xmlns="http://www.tei-c.org/ns/1.0"><forename type="first">K</forename><surname>Borgwardt</surname></persName>
		</author>
		<author>
			<persName xmlns="http://www.tei-c.org/ns/1.0"><forename type="first">B</forename><surname>Scholkopf</surname></persName>
		</author>
	</analytic>
	<monogr>
		<title level="m">NIPS</title>
		<imprint>
			<date type="published" when="2006" />
		</imprint>
	</monogr>
</biblStruct>

<biblStruct xml:id="b51">
	<analytic>
		<title level="a" type="main">Distilling the knowledge in a neural network</title>
		<author>
			<persName xmlns="http://www.tei-c.org/ns/1.0"><forename type="first">Geoffrey</forename><surname>Hinton</surname></persName>
		</author>
		<author>
			<persName xmlns="http://www.tei-c.org/ns/1.0"><forename type="first">Oriol</forename><surname>Vinyals</surname></persName>
		</author>
		<author>
			<persName xmlns="http://www.tei-c.org/ns/1.0"><forename type="first">Jeff</forename><surname>Dean</surname></persName>
		</author>
	</analytic>
	<monogr>
		<title level="j">Computer Science</title>
		<imprint>
			<biblScope unit="volume">14</biblScope>
			<biblScope unit="issue">7</biblScope>
			<biblScope unit="page" from="38" to="39" />
			<date type="published" when="2015" />
		</imprint>
	</monogr>
</biblStruct>

<biblStruct xml:id="b52">
	<analytic>
		<title level="a" type="main">Training deep networks for facial expression recognition with crowd-sourced label distribution</title>
		<author>
			<persName xmlns="http://www.tei-c.org/ns/1.0"><forename type="first">Emad</forename><surname>Barsoum</surname></persName>
		</author>
		<author>
			<persName xmlns="http://www.tei-c.org/ns/1.0"><forename type="first">Cha</forename><surname>Zhang</surname></persName>
		</author>
		<author>
			<persName xmlns="http://www.tei-c.org/ns/1.0"><surname>Cristian Canton</surname></persName>
		</author>
		<author>
			<persName xmlns="http://www.tei-c.org/ns/1.0"><forename type="first">Zhengyou</forename><surname>Ferrer</surname></persName>
		</author>
		<author>
			<persName xmlns="http://www.tei-c.org/ns/1.0"><surname>Zhang</surname></persName>
		</author>
	</analytic>
	<monogr>
		<title level="m">ICMI</title>
		<imprint>
			<date type="published" when="2016" />
		</imprint>
	</monogr>
</biblStruct>

<biblStruct xml:id="b53">
	<analytic>
		<title level="a" type="main">Static facial expression analysis in tough conditions: Data, evaluation protocol and benchmark</title>
		<author>
			<persName xmlns="http://www.tei-c.org/ns/1.0"><forename type="first">Abhinav</forename><surname>Dhall</surname></persName>
		</author>
		<author>
			<persName xmlns="http://www.tei-c.org/ns/1.0"><forename type="first">Roland</forename><surname>Goecke</surname></persName>
		</author>
		<author>
			<persName xmlns="http://www.tei-c.org/ns/1.0"><forename type="first">Simon</forename><surname>Lucey</surname></persName>
		</author>
		<author>
			<persName xmlns="http://www.tei-c.org/ns/1.0"><forename type="first">Tom</forename><surname>Gedeon</surname></persName>
		</author>
	</analytic>
	<monogr>
		<title level="m">ICCV Workshop</title>
		<imprint>
			<date type="published" when="2011" />
		</imprint>
	</monogr>
</biblStruct>

<biblStruct xml:id="b54">
	<analytic>
		<title level="a" type="main">Annotated facial landmarks in the wild: A largescale, real-world database for facial landmark localization</title>
		<author>
			<persName xmlns="http://www.tei-c.org/ns/1.0"><forename type="first">Martin</forename><surname>Koestinger</surname></persName>
		</author>
		<author>
			<persName xmlns="http://www.tei-c.org/ns/1.0"><forename type="first">Paul</forename><surname>Wohlhart</surname></persName>
		</author>
		<author>
			<persName xmlns="http://www.tei-c.org/ns/1.0"><forename type="first">M</forename><surname>Peter</surname></persName>
		</author>
		<author>
			<persName xmlns="http://www.tei-c.org/ns/1.0"><forename type="first">Horst</forename><surname>Roth</surname></persName>
		</author>
		<author>
			<persName xmlns="http://www.tei-c.org/ns/1.0"><surname>Bischof</surname></persName>
		</author>
	</analytic>
	<monogr>
		<title level="m">ICCV Workshop</title>
		<imprint>
			<date type="published" when="2011" />
		</imprint>
	</monogr>
</biblStruct>

<biblStruct xml:id="b55">
	<analytic>
		<title level="a" type="main">Deepfashion: Powering robust clothes recognition and retrieval with rich annotations</title>
		<author>
			<persName xmlns="http://www.tei-c.org/ns/1.0"><forename type="first">Ziwei</forename><surname>Liu</surname></persName>
		</author>
		<author>
			<persName xmlns="http://www.tei-c.org/ns/1.0"><forename type="first">Ping</forename><surname>Luo</surname></persName>
		</author>
		<author>
			<persName xmlns="http://www.tei-c.org/ns/1.0"><forename type="first">Shi</forename><surname>Qiu</surname></persName>
		</author>
		<author>
			<persName xmlns="http://www.tei-c.org/ns/1.0"><forename type="first">Xiaogang</forename><surname>Wang</surname></persName>
		</author>
		<author>
			<persName xmlns="http://www.tei-c.org/ns/1.0"><forename type="first">Xiaoou</forename><surname>Tang</surname></persName>
		</author>
	</analytic>
	<monogr>
		<title level="m">CVPR</title>
		<imprint>
			<date type="published" when="2016" />
		</imprint>
	</monogr>
</biblStruct>

<biblStruct xml:id="b56">
	<analytic>
		<title level="a" type="main">Pedestrian attribute recognition at far distance</title>
		<author>
			<persName xmlns="http://www.tei-c.org/ns/1.0"><forename type="first">Yubin</forename><surname>Deng</surname></persName>
		</author>
		<author>
			<persName xmlns="http://www.tei-c.org/ns/1.0"><forename type="first">Ping</forename><surname>Luo</surname></persName>
		</author>
		<author>
			<persName xmlns="http://www.tei-c.org/ns/1.0"><forename type="first">Chen</forename><forename type="middle">Change</forename><surname>Loy</surname></persName>
		</author>
		<author>
			<persName xmlns="http://www.tei-c.org/ns/1.0"><forename type="first">Xiaoou</forename><surname>Tang</surname></persName>
		</author>
	</analytic>
	<monogr>
		<title level="m">ACM MM</title>
		<imprint>
			<date type="published" when="2014" />
		</imprint>
	</monogr>
</biblStruct>

<biblStruct xml:id="b57">
	<monogr>
		<title level="m" type="main">Multi-task, multi-label and multi-domain learning with residual convolutional networks for emotion recognition</title>
		<author>
			<persName xmlns="http://www.tei-c.org/ns/1.0"><forename type="first">Gerard</forename><surname>Pons</surname></persName>
		</author>
		<author>
			<persName xmlns="http://www.tei-c.org/ns/1.0"><forename type="first">David</forename><surname>Masip</surname></persName>
		</author>
		<idno type="arXiv">arXiv:1802.06664</idno>
		<imprint>
			<date type="published" when="2018" />
		</imprint>
	</monogr>
	<note type="report_type">arXiv preprint</note>
</biblStruct>

<biblStruct xml:id="b58">
	<analytic>
		<title level="a" type="main">Cross-stitch networks for multi-task learning</title>
		<author>
			<persName xmlns="http://www.tei-c.org/ns/1.0"><forename type="first">Ishan</forename><surname>Misra</surname></persName>
		</author>
		<author>
			<persName xmlns="http://www.tei-c.org/ns/1.0"><forename type="first">Abhinav</forename><surname>Shrivastava</surname></persName>
		</author>
		<author>
			<persName xmlns="http://www.tei-c.org/ns/1.0"><forename type="first">Abhinav</forename><surname>Gupta</surname></persName>
		</author>
		<author>
			<persName xmlns="http://www.tei-c.org/ns/1.0"><forename type="first">Martial</forename><surname>Hebert</surname></persName>
		</author>
	</analytic>
	<monogr>
		<title level="m">CVPR</title>
		<imprint>
			<date type="published" when="2016" />
		</imprint>
	</monogr>
</biblStruct>

<biblStruct xml:id="b59">
	<analytic>
		<title level="a" type="main">Semisupervised low-rank mapping learning for multi-label classification</title>
		<author>
			<persName xmlns="http://www.tei-c.org/ns/1.0"><forename type="first">Liping</forename><surname>Jing</surname></persName>
		</author>
		<author>
			<persName xmlns="http://www.tei-c.org/ns/1.0"><forename type="first">Liu</forename><surname>Yang</surname></persName>
		</author>
		<author>
			<persName xmlns="http://www.tei-c.org/ns/1.0"><forename type="first">Jian</forename><surname>Yu</surname></persName>
		</author>
		<author>
			<persName xmlns="http://www.tei-c.org/ns/1.0"><forename type="first">Michael K</forename><surname>Ng</surname></persName>
		</author>
	</analytic>
	<monogr>
		<title level="m">CVPR</title>
		<imprint>
			<date type="published" when="2015" />
		</imprint>
	</monogr>
</biblStruct>

<biblStruct xml:id="b60">
	<monogr>
		<title level="m" type="main">Benchmarking parts based face processing in-the-wild for gender recognition and head pose estimation</title>
		<author>
			<persName xmlns="http://www.tei-c.org/ns/1.0"><surname>Flávio H De B Zavan</surname></persName>
		</author>
		<author>
			<persName xmlns="http://www.tei-c.org/ns/1.0"><forename type="first">R</forename><forename type="middle">P</forename><surname>Olga</surname></persName>
		</author>
		<author>
			<persName xmlns="http://www.tei-c.org/ns/1.0"><forename type="first">Luciano</forename><surname>Bellon</surname></persName>
		</author>
		<author>
			<persName xmlns="http://www.tei-c.org/ns/1.0"><forename type="first">Gérard G</forename><surname>Silva</surname></persName>
		</author>
		<author>
			<persName xmlns="http://www.tei-c.org/ns/1.0"><surname>Medioni</surname></persName>
		</author>
		<imprint>
			<date type="published" when="2018" />
		</imprint>
	</monogr>
	<note type="report_type">PRL</note>
</biblStruct>

				</listBibl>
			</div>
		</back>
	</text>
</TEI>
