<?xml version="1.0" encoding="UTF-8"?>
<TEI xml:space="preserve" xmlns="http://www.tei-c.org/ns/1.0" 
xmlns:xsi="http://www.w3.org/2001/XMLSchema-instance" 
xsi:schemaLocation="http://www.tei-c.org/ns/1.0 /home/varun/Desktop/NLP/Projects/grobid-0.5.6/grobid-home/schemas/xsd/Grobid.xsd"
 xmlns:xlink="http://www.w3.org/1999/xlink">
	<teiHeader xml:lang="en">
		<fileDesc>
			<titleStmt>
				<title level="a" type="main">Semantic Structural Evaluation for Text Simplification</title>
			</titleStmt>
			<publicationStmt>
				<publisher>Association for Computational Linguistics</publisher>
				<availability status="unknown"><p>Copyright Association for Computational Linguistics</p>
				</availability>
				<date>June 1 -6. 2018. 2018</date>
			</publicationStmt>
			<sourceDesc>
				<biblStruct>
					<analytic>
						<author>
							<persName xmlns="http://www.tei-c.org/ns/1.0"><forename type="first">Elior</forename><surname>Sulem</surname></persName>
							<affiliation key="aff0">
								<orgName type="department">Department of Computer Science</orgName>
								<orgName type="institution">The Hebrew University of Jerusalem</orgName>
							</affiliation>
						</author>
						<author>
							<persName xmlns="http://www.tei-c.org/ns/1.0"><forename type="first">Omri</forename><surname>Abend</surname></persName>
							<affiliation key="aff0">
								<orgName type="department">Department of Computer Science</orgName>
								<orgName type="institution">The Hebrew University of Jerusalem</orgName>
							</affiliation>
						</author>
						<author>
							<persName xmlns="http://www.tei-c.org/ns/1.0"><forename type="first">Ari</forename><surname>Rappoport</surname></persName>
							<affiliation key="aff0">
								<orgName type="department">Department of Computer Science</orgName>
								<orgName type="institution">The Hebrew University of Jerusalem</orgName>
							</affiliation>
						</author>
						<title level="a" type="main">Semantic Structural Evaluation for Text Simplification</title>
					</analytic>
					<monogr>
						<title level="m">Proceedings of NAACL-HLT 2018</title>
						<meeting>NAACL-HLT 2018 <address><addrLine>New Orleans, Louisiana</addrLine></address>
						</meeting>
						<imprint>
							<publisher>Association for Computational Linguistics</publisher>
							<biblScope unit="page" from="685" to="696"/>
							<date type="published">June 1 -6. 2018. 2018</date>
						</imprint>
					</monogr>
				</biblStruct>
			</sourceDesc>
		</fileDesc>

		<encodingDesc>
			<appInfo>
				<application version="0.5.6" ident="GROBID" when="2020-04-20T14:51+0000">
					<ref target="https://github.com/kermitt2/grobid">GROBID - A machine learning software for extracting information from scholarly documents</ref>
				</application>
			</appInfo>
		</encodingDesc>		<profileDesc>
			<abstract>
<div xmlns="http://www.tei-c.org/ns/1.0"><p>Current measures for evaluating text simplification systems focus on evaluating lexical text aspects, neglecting its structural aspects. In this paper we propose the first measure to address structural aspects of text simplification, called SAMSA. It leverages recent advances in semantic parsing to assess simplification quality by decomposing the input based on its semantic structure and comparing it to the output. SAMSA provides a reference-less automatic evaluation procedure, avoiding the problems that reference-based methods face due to the vast space of valid simplifications for a given sentence. Our human evaluation experiments show both SAMSA's substantial correlation with human judgments, as well as the deficiency of existing reference-based measures in evaluating structural simplification. 1</p></div>
			</abstract>
		</profileDesc>
	</teiHeader>
	<text xml:lang="en">
		<body>
<div xmlns="http://www.tei-c.org/ns/1.0"><head n="1">Introduction</head><p>Text simplification (TS) addresses the translation of an input sentence into one or more simpler sentences. It is a useful preprocessing step for several NLP tasks, such as machine translation <ref type="bibr" target="#b8">(Chandrasekar et al., 1996;</ref><ref type="bibr" target="#b28">Mishra et al., 2014)</ref> and relation extraction <ref type="bibr" target="#b32">(Niklaus et al., 2016)</ref>, and has also been shown useful in the development of reading aids, e.g., for people with dyslexia <ref type="bibr" target="#b35">(Rello et al., 2013)</ref> or non-native speakers <ref type="bibr" target="#b37">(Siddharthan, 2002)</ref>.</p><p>The task has attracted much attention in the past decade <ref type="bibr" target="#b51">(Zhu et al., 2010;</ref><ref type="bibr" target="#b47">Woodsend and Lapata, 2011;</ref><ref type="bibr" target="#b48">Wubben et al., 2012;</ref><ref type="bibr" target="#b38">Siddharthan and Angrosh, 2014;</ref><ref type="bibr" target="#b29">Narayan and Gardent, 2014)</ref>, but has yet to converge on an evaluation protocol that yields comparable results across different methods and strongly correlates with human judgments. This is in part due to the difficulty to combine the effects of different simplification operations (e.g., deletion, splitting and substitution). <ref type="bibr" target="#b50">Xu et al. (2016)</ref> has recently made considerable progress towards that goal, and proposed to tackle it both by using an improved reference-based measure, named SARI, and by increasing the number of references. However, their research focused on lexical, rather than structural simplification, which provides a complementary view of TS quality as this paper will show. This paper focuses on the evaluation of the structural aspects of the task. We introduce the semantic measure SAMSA (Simplification Automatic evaluation Measure through Semantic Annotation), the first structure-aware measure for TS in general, and the first to use semantic structure in this context in particular. SAMSA stipulates that an optimal split of the input is one where each predicate-argument structure is assigned its own sentence, and measures to what extent this assertion holds for the input-output pair in question, by using semantic structure. SAMSA focuses on the core semantic components of the sentence, and is tolerant towards the deletion of other units. <ref type="bibr">2</ref> For example, SAMSA will assign a high score to the output split "John got home. John gave Mary a call." for the input sentence "John got home and gave Mary a call.", as it splits each of its predicate-argument structures to a different sentence. Splits that alter predicate-argument relations such as "John got home and gave. Mary called." are penalized by SAMSA.</p><p>SAMSA's use of semantic structures for TS evaluation has several motivations. First, it provides means to measure the extent to which the meaning of the source is preserved in the output. Second, it provides means for measuring whether the input sentence was split to semantic units of the right granularity. Third, defining a semantic measure that does not require references avoids the difficulties incurred by their non-uniqueness, and the difficulty in collecting high quality references, as reported by <ref type="bibr" target="#b49">Xu et al. (2015)</ref> and by <ref type="bibr" target="#b29">Narayan and Gardent (2014)</ref> with respect to the Parallel Wikipedia Corpus (PWKP; <ref type="bibr" target="#b51">Zhu et al., 2010)</ref>. SAMSA is further motivated by its use of semantic annotation only on the source side, which allows to evaluate multiple systems using same source-side annotation, and avoids the need to parse system outputs, which can be garbled.</p><p>In this paper we use the UCCA scheme for defining semantic structure <ref type="bibr" target="#b0">(Abend and Rappoport, 2013)</ref>. UCCA has been shown to be preserved remarkably well across translations <ref type="bibr" target="#b40">(Sulem et al., 2015)</ref> and has also been successfully used for machine translation evaluation <ref type="bibr" target="#b6">(Birch et al., 2016</ref>) (Section 2). We note, however, that SAMSA can be adapted to work with any semantic scheme that captures predicate-argument relations, such as AMR <ref type="bibr" target="#b3">(Banarescu et al., 2013)</ref> or Discourse Representation Structures <ref type="bibr" target="#b22">(Kamp, 1981)</ref>, as used by <ref type="bibr" target="#b29">Narayan and Gardent (2014)</ref>.</p><p>We experiment with SAMSA both where semantic annotation is carried out manually, and where it is carried out by a parser. See Section 4. We conduct human rating experiments and compare the resulting system rankings with those predicted by SAMSA. We find that SAMSA's rankings obtain high correlations with human rankings, and compare favorably to existing referencebased measures for TS. Moreover, our results show that existing measures, which mainly target lexical simplification, are ill-suited to predict human judgments where structural simplification is involved. Finally, we apply SAMSA to the dataset of the QATS shared task on simplification evaluation <ref type="bibr">(Štajner et al., 2016)</ref>. We find that SAMSA obtains comparative correlation with human judgments on the task, despite operating in a more restricted setting, as it does not use human ratings as training data and focuses only on structural aspects of simplicity. Section 2 presents previous work. Section 3 discusses UCCA. Section 4 presents SAMSA. Section 5 details the collection of human judgments. Our experimental setup for comparing our human and automatic rankings is given in Section 6, and results are given in Section 7, showing superior results for SAMSA. A discussion on the results is presented in Section 8. Section 9 presents experiments with SAMSA on the QATS evaluation benchmark.</p></div>
<div xmlns="http://www.tei-c.org/ns/1.0"><head n="2">Related Work</head><p>Evaluation Metrics for Text Simplification. As pointed out by <ref type="bibr" target="#b50">Xu et al. (2016)</ref>, many of the existing measures for TS evaluation do not generalize across systems, because they fail to capture the combined effects of the different simplification operations. The two main directions pursued are direct human judgments and automatic measures borrowed from machine translation (MT) evaluation. Human judgments generally include grammaticality (or fluency), meaning preservation (or adequacy) and simplicity. Human evaluation is usually carried out with a small number of sentences (18 to 20), randomly selected from the test set <ref type="bibr" target="#b48">(Wubben et al., 2012;</ref><ref type="bibr">Gardent, 2014, 2016)</ref>.</p><p>The most commonly used automatic measure for TS is BLEU <ref type="bibr" target="#b34">(Papineni et al., 2002)</ref>. Using 20 source sentences from the PWKP test corpus with 5 simplified sentences for each of them, <ref type="bibr" target="#b48">Wubben et al. (2012)</ref> investigated the correlation of BLEU with human evaluation, reporting positive correlation for simplicity, but no correlation for adequacy. <ref type="bibr">Stajner et al. (2014)</ref> explored the correlation with human judgments of six automatic metrics: cosine similarity with a bag-of-words representation, METEOR <ref type="bibr" target="#b13">(Denkowski and Lavie, 2011)</ref>, TERp <ref type="bibr" target="#b39">(Snover et al., 2009)</ref>, TINE <ref type="bibr" target="#b36">(Rios et al., 2011)</ref> and two sub-components of TINE: T-BLEU (a variant of BLEU which uses lower n-grams when no 4grams are found) and SRL (based on semantic role labeling). Using 280 pairs of a source sentence and a simplified output with only structural modifications, they found positive correlations for all the metrics except TERp with respect to meaning preservation and positive albeit lower correlations for METEOR, T-BLEU and TINE with respect to grammaticality. Human simplicity judgments were not considered in this experiment. In this paper we collect human judgments for grammaticality, meaning preservation and structural simplicity. To our knowledge, this is the first work to target structural simplicity evaluation, and it does so both through elicitation of human judgments and through the definition of SAMSA. <ref type="bibr" target="#b50">Xu et al. (2016)</ref> were the first to propose two evaluation measures tailored for simplification, focusing on lexical simplification. The first metric is FKBLEU, a combination of iBLEU <ref type="bibr" target="#b42">(Sun and Zhou, 2012)</ref>, originally proposed for evaluating paraphrase generation by comparing the output both to the reference and to the input, and of the Flesch-Kincaid Index (FK), a measure of the readability of the text <ref type="bibr" target="#b23">(Kincaid et al., 1975)</ref>. The second one is SARI (System output Against References and against the Input sentence) which compares the n-grams of the system output with those of the input and the human references, separately evaluating the quality of words that are added, deleted and kept by the systems. They found that FKBLEU and even more so SARI correlate better with human simplicity judgments than BLEU. On the other hand, BLEU (with multiple references) outperforms the other metrics on the dimensions of grammaticality and meaning preservation.</p><p>As the Parallel Wikipedia Corpus (PWKP), usually used in simplification research, has been shown to contain a large portion of problematic simplifications <ref type="bibr" target="#b49">(Xu et al., 2015;</ref><ref type="bibr" target="#b21">Hwang et al., 2015)</ref>, <ref type="bibr" target="#b50">Xu et al. (2016)</ref> further proposed to use multiple references (instead of a single reference) in the evaluation measures. SAMSA addresses this issue by directly comparing the input and the output of the simplification system, without requiring manually curated references.</p><p>Structural Measures for Text-to-text Generation. Other than measuring the number of splits <ref type="bibr">Gardent, 2014, 2016)</ref>, which only assesses the frequency of this operation and not its quality, no structural measures were previously proposed for the evaluation of structural simplification. The need for such a measure is pressing, given recent interest in structural simplification, e.g., in the Split and Rephrase task <ref type="bibr" target="#b31">(Narayan et al., 2017)</ref>, which focuses on sentence splitting.</p><p>In the task of sentence compression, which is similar to simplification in that they both involve deletion and paraphrasing, <ref type="bibr" target="#b10">Clarke and Lapata (2006)</ref> showed that a metric that uses syntactic dependencies better correlates with human evaluation than a metric based on surface sub-strings. <ref type="bibr" target="#b43">Toutanova et al. (2016)</ref> found that structure-aware metrics obtain higher correlation with human evaluation over bigram-based metrics, in particular with grammaticality judgments, but that they do not significantly outperform bigram-based metrics on any parameter. Both <ref type="bibr" target="#b10">Clarke and Lapata (2006)</ref> and <ref type="bibr" target="#b43">Toutanova et al. (2016)</ref> use reference-based metrics that use syntactic structure on both the output and the references. SAMSA on the other hand uses linguistic annotation only on the source side, with semantic structures instead of syntactic ones.</p><p>Semantic structures were used in MT evaluation, for example in the MEANT metric <ref type="bibr" target="#b26">(Lo et al., 2012)</ref>, which compares the output and the reference sentences, both annotated using SRL (Semantic Role Labeling). <ref type="bibr" target="#b25">Lo et al. (2014)</ref> proposes the XMEANT variant, which compares the SRL structures of the source and output (without using references). As some frequent constructions like nominal argument structures are not addressed by the SRL annotation, <ref type="bibr" target="#b6">Birch et al. (2016)</ref> proposed HUME, a human evaluation metric based on UCCA, using the semantic annotation only on the source side when comparing it to the output. We differ from HUME in proposing an automatic metric, tackling monolingual text simplification, rather than MT.</p><p>The UCCA annotation has also been recently used for the evaluation of Grammatical Error Correction (GEC). The USIM metric <ref type="bibr" target="#b9">(Choshen and Abend, 2018)</ref> measures the semantic faithfulness of the output to the source by comparing their respective UCCA graphs.</p><p>Semantic Structures in Text Simplification. In most of the work investigating the structural operations involved in text simplification, both in rulebased systems <ref type="bibr" target="#b38">(Siddharthan and Angrosh, 2014)</ref> and in statistical systems <ref type="bibr" target="#b51">(Zhu et al., 2010;</ref><ref type="bibr" target="#b47">Woodsend and Lapata, 2011)</ref>, the structures that were considered were syntactic. <ref type="bibr">Gardent (2014, 2016)</ref> proposed to use semantic structures in the simplification model, in particular in order to avoid splits and deletions which are inconsistent with the semantic structures. SAMSA identifies such incoherent splits, e.g., a split of a phrase describing a single event, and penalizes them.</p><p>Glavas andŠtajner (2013) presented two simplification systems based on event extraction. One of them, named Event-wise Simplification, transforms each factual event motion into a separate sentence. This approach fits with SAMSA's stipulation, that an optimal structural simplification is one where each (UCCA-) event in the input sentence is assigned a separate output sentence. However, unlike in their model, SAMSA stipulates that not only should multiple events evoked by a verb in the same sentence be avoided in a simplification, but penalizes sentences containing multiple events evoked by a lexical item of any category. For example, the sentence "John's un-expected kick towards the gate saved the game" which has two events, one evoked by "kick" (a noun) and another by "saving" (a verb) can be converted to "John kicked the ball towards the gate. It saved the game."</p></div>
<div xmlns="http://www.tei-c.org/ns/1.0"><head n="3">UCCA's Semantic Structures</head><p>In this section we will briefly describe the UCCA scheme, focusing on the concepts of Scenes and Centers which are key in the definition of SAMSA. UCCA (Universal Cognitive Conceptual Annotation; Abend and Rappoport, 2013) is a semantic annotation scheme based on typological (Dixon, 2010b,a, 2012) and cognitive <ref type="bibr" target="#b24">(Langacker, 2008)</ref> theories which aims to represent the main semantic phenomena in the text, abstracting away from syntactic detail. UCCA structures are directed acyclic graphs whose nodes (or units) correspond either to the leaves of the graph (including the words of the text) or to several elements jointly viewed as a single entity according to some semantic or cognitive consideration. Unlike AMR, UCCA semantic units are directly anchored in the text <ref type="bibr" target="#b6">Birch et al., 2016)</ref>, which allows easy inclusion of a word-toword alignment in the metric model (Section 4).</p><p>UCCA Scenes. A Scene, which is the most basic notion of the foundational layer of UCCA considered here, describes a movement, an action or a state which persists in time. Every Scene contains one main relation, which can be either a Process or a State. The Scene may contain one or more Participants, which are interpreted in a broad sense, including locations and destinations. For example, the sentence "He ran into the park" has a single Scene whose Process is "ran". The two Participants are "He" and "into the park".</p><p>Scenes can have several roles in the text. First, they can provide additional information about an established entity (Elaborator Scenes) as for example the Scene "who entered the house" in the sentence "The man who entered the house is John". They can also be one of the Participants of another Scene, for example, "he will be late" in the sentence: "He said he will be late". In the other cases, the Scenes are annotated as parallel Scenes (H) which can be linked by a Linker (L): "When L [he will arrive at home] H , [he will call them] H ".</p><p>Unit Centers. With regard to units which are not Scenes, the category Center denotes the semantic head of the unit. For example, "dogs" is the center of the expression "big brown dogs" and "box" is the center of "in the box". There could be more than one Center in a non-Scene unit, for example in the case of coordination, where all conjuncts are Centers.</p></div>
<div xmlns="http://www.tei-c.org/ns/1.0"><head n="4">The SAMSA Metric</head><p>SAMSA's main premise is that a structurally correct simplification is one where: (1) each sentence contains a single event from the input (UCCA Scene), (2) the main relation of each of the events and their participants are retained in the output.</p><p>For example, consider "John wrote a book. I read that book." as a simplification of "I read the book that John wrote.". Each output sentence contains one Scene, which has the same Scene elements as the source, and would thus be deemed correct by SAMSA. On the other hand, the output "John wrote. I read the book." is an incorrect split of that sentence, since a participant of the "writing" Scene, namely "the book" is absent in the split sentence. SAMSA would indeed penalize such a case.</p><p>Similarly, Scenes which have elements across several sentences receive a zero score by SAMSA.</p><p>As an example, consider the sentence "The combination of new weapons and tactics marks this battle as the end of chivalry", and erroneous split "The combination of new weapons and tactics. It is the end of chivalry." (adapted from the output of a recent system on the PWKP corpus), which does not preserve the original meaning.</p></div>
<div xmlns="http://www.tei-c.org/ns/1.0"><head n="4.1">Matching Scenes to Sentences</head><p>SAMSA is based on two external linguistic resources. One is a semantic annotation (UCCA in our experiments) of the source side, which can be carried out either manually or automatically, using the TUPA parser 3 (Transition-based UCCA parser; <ref type="bibr" target="#b19">Hershcovich et al., 2017)</ref> for UCCA. UCCA decomposes each sentence s into a set of Scenes {sc 1 , sc 2 , .., sc n }, where each scene sc i contains a main relation mr i (sub-span of sc i ) and a set of zero or more participants A i .</p><p>The second resource is a word-to-word alignment A between the words in the input and one or zero words in the output. The monolingual alignment thus permits SAMSA not to penalize outputs that involve lexical substitutions (e.g., "com-mence" might be aligned with "start"). We denote by n inp the number of UCCA Scenes in the input sentence and by n out the number of sentences in the output.</p><p>Given an input sentence's UCCA Scenes sc 1 , . . . , sc n inp , a non-annotated output of a simplification system split into sentences s 1 , . . . , s nout , and their word alignment A, we distinguish between two cases: 1. n inp ≥ n out : in this case, we compute the maximal Many-to-1 correspondence between Scenes and sentences. A Scene is matched to a sentence in the following way. We say that a leaf l in a Scene sc is consistent in a Scenesentence mapping M which maps sc to a sentence s, if there is a word w ∈ s which l aligns to (according to the word alignment A). The score of matching a Scene sc to a sentence s is then defined to be the total number of consistent leaves in sc. We traverse the Scenes in their order of occurrence in the text, selecting for each the sentence that maximizes the score. If n inp = n out , once a sentence is matched to a Scene, it cannot be matched to another one. Ties between sentences are broken towards the sentence that appeared first in the output. 2. n inp &lt; n out : In this case, a Scene will necessarily be split across several sentences. As this is an undesired result, we assign this instance a score of zero.</p></div>
<div xmlns="http://www.tei-c.org/ns/1.0"><head n="4.2">Score Computation</head><p>Minimal Centers. The minimal center of a UCCA unit u is UCCA's notion of a semantic head word, defined through recursive rules not unlike the head propagation rules used for converting constituency structures to dependency structures. More formally, we define the minimal center of a UCCA unit u (here a Participant or a Main Relation) to be the UCCA graph's leaf reached by starting from u and iteratively selecting the child tagged as Center. If a Participant (or a Center inside a Participant) is a Scene, its center is the main relation (Process or State) of the Scene. For example, the center of the unit "The previous president of the commission" (u 1 ) is "president of the commission". The center of the latter is "president", which is a leaf in the graph. So the minimal center of u 1 is "president".</p><p>Given the input sentence Scenes {sc 1 , ..., sc n inp }, the output sentences {s 1 , ..., s nout }, and a mapping between them M * , SAMSA is defined as:</p><formula xml:id="formula_0">nout ninp 1 2ninp sc i 1 M * (sc i ) (M Ri) + 1 ki k i j=1 1 M * (sc i ) (Par (j) i )</formula><p>where MR i is the minimal center of the main relation (Process or State) of sc i , and Par For an output sentence s, 1 s (u) is a function from the input units to {0, 1}, which returns 1 iff u is aligned (according to A) with a word in s. <ref type="bibr">4</ref> The role of the non-splitting penalty term n out /n inp in the SAMSA formula is to penalize cases where the number of sentences in the output is smaller than the number of Scenes. In order to isolate the effect of the non-splitting penalty, we experiment with an additional metric SAMSA abl (reads "SAMSA ablated"), which is identical to SAMSA but does not take this term into account. Corpus-level SAMSA and SAMSA abl scores are obtained by averaging their sentence scores.</p><p>In the case of implicit units i.e. omitted units that do not appear explicitly in the text <ref type="bibr" target="#b0">(Abend and Rappoport, 2013)</ref>, since the unit preservation cannot be directly captured, the score t for the relevant unit will be set to 0.5. For example, in the Scene "traveling is fun", the people who are traveling correspond to an implicit Participant. As implicit units are not covered by TUPA, this will only be relevant for the semi-automatic implementation of the metric (see Section 6).</p></div>
<div xmlns="http://www.tei-c.org/ns/1.0"><head n="5">Human Evaluation Benchmark</head></div>
<div xmlns="http://www.tei-c.org/ns/1.0"><head n="5.1">Evaluation Protocol</head><p>For testing the automatic metric, we first build a human evaluation benchmark, using 100 sentences from the complex part of the PWKP corpus and the outputs of six recent simplification systems for these sentences: 5 (1) TSM <ref type="bibr" target="#b51">(Zhu et al., 2010)</ref> using Tree-Based SMT, (2) RevILP (Woodsend and Lapata, 2011) using Quasi-Synchronous Grammars, (3) PBMT-R (Wubben et al., 2012) using Phrase-Based SMT, (4) Hybrid (Narayan and Gardent, 2014), a supervised system using DRS, (5) UN-SUP <ref type="bibr" target="#b30">(Narayan and Gardent, 2016)</ref>, an unsupervised system using DRS, and (6) Split-Deletion <ref type="bibr" target="#b30">(Narayan and Gardent, 2016)</ref>, the unsupervised system with only structural operations.</p><p>All these systems explicitly address at least one type of structural simplification operation. The last system, Split-Deletion, performs only structural (i.e., no lexical) operations. It is thus an interesting test case for SAMSA since here the aligner can be replaced by a simple match between identical words. In total we obtain 600 system outputs from the six systems, as well as 100 sentences from the simple Wikipedia side of the corpus, which serve as references. Five in-house annotators with high proficiency in English evaluated the resulting 700 input-output pairs by answering the questions in <ref type="table">Table 1</ref>. <ref type="bibr">6</ref> Qa addresses grammaticality, Qb and Qc capture two complementary aspects of meaning preservation (the addition and the removal of information) and Qd addresses structural simplicity. Possible answers are: 1 ("no"), 2 ("maybe") and 3 ("yes"). Following Glavas andŠtajner (2013), we used a 3 point Likert scale, which has recently been shown to be preferable over a 5 point scale through human studies on sentence compression <ref type="bibr" target="#b43">(Toutanova et al., 2016)</ref>.</p><p>Question Qd was accompanied by a negative example 7 showing a case of lexical simplification, where a complex word is replaced by a simple one. A positive example was not included so as not to bias the annotators by revealing the nature of the operations our experiments focus on (i.e., splitting and deletion).</p><p>The PWKP test corpus <ref type="bibr" target="#b51">(Zhu et al., 2010)</ref> was selected for our experiments over the development and test sets used in <ref type="bibr" target="#b50">(Xu et al., 2016)</ref>, as the latter's selection process was explicitly biased towards input-output pairs that mainly contain lexical simplifications.</p></div>
<div xmlns="http://www.tei-c.org/ns/1.0"><head>Qa</head><p>Is the output grammatical?</p><p>Qb Does the output add information, compared to the input?</p></div>
<div xmlns="http://www.tei-c.org/ns/1.0"><head>Qc</head><p>Does the output remove important information, compared to the input?</p></div>
<div xmlns="http://www.tei-c.org/ns/1.0"><head>Qd</head><p>Is the output simpler than the input, ignoring the complexity of the words? <ref type="table">Table 1</ref>: Questions for the human evaluation 6 Each input-output pair was rated by all five annotators. 7 Other questions appeared without any example.</p></div>
<div xmlns="http://www.tei-c.org/ns/1.0"><head n="5.2">Human Score Computation</head><p>Given the annotator's answers, we consider the following scores. First, the grammaticality score G is the answer to Qa. By inverting (changing 1 to 3 and 3 to 1) the answer for Qb, we obtain a Non-Addition score indicating to which extent no additional information has been added. Similarly, inverting the answer to Qc yields the Non-Removal score. Averaging these two scores, we obtain the meaning preservation score P. Finally, the structural simplicity score S is the answer to Qd. Each of these scores is averaged over the five annotators. We further compute an average human score:</p><formula xml:id="formula_1">AvgHuman = 1 3 (G + P + S)</formula></div>
<div xmlns="http://www.tei-c.org/ns/1.0"><head n="5.3">Inter-annotator Agreement</head><p>Inter-annotator agreement rates are computed in two ways. <ref type="table" target="#tab_0">Table 2</ref> presents the absolute agreement and Cohen's quadratic weighted κ <ref type="bibr" target="#b11">(Cohen, 1968)</ref>. <ref type="table">Table 3</ref> presents Spearman's correlation (ρ) between the human ratings of the input-output pairs (top row), and between the resulting system scores (bottom row). In both cases, the agreement between the five annotators is computed as the average agreement over the 10 annotator pairs.   <ref type="table">Table 3</ref>: Spearman's correlation (and p-values) of the system-level (top row) and sentence-level (bottom row) ratings of the five annotators. * p &lt; 10 −5 , * * p = 0.002.</p></div>
<div xmlns="http://www.tei-c.org/ns/1.0"><head n="6">Experimental Setup</head><p>We further compute SAMSA for the 100 sentences of the PWKP test set and the corresponding system outputs. Experiments are conducted in two settings: (1) a semi-automatic setting where UCCA annotation was carried out manually by a single expert UCCA annotator using the UC-CAApp annotation software , and according to the standard annotation guidelines; 8 (2) an automatic setting where the UCCA annotation was carried out by the TUPA parser <ref type="bibr" target="#b19">(Hershcovich et al., 2017)</ref>. Sentence segmentation of the outputs was carried out using the NLTK package <ref type="bibr" target="#b27">(Loper and Bird, 2002)</ref>. For word alignments, we used the aligner of Sultan et al. (2014). 9</p></div>
<div xmlns="http://www.tei-c.org/ns/1.0"><head n="7">Correlation with Human Evaluation</head><p>We compare the system rankings obtained by SAMSA and by the four human parameters. We find that the two leading systems according to AvgHuman and SAMSA turn out to be the same: Split-Deletion and RevILP. This is the case both for the semi-automatic and the automatic implementations of the metric. A Spearman ρ correlation between the human and SAMSA scores (comparing their rankings) is presented in <ref type="table">Table 4</ref>. We compare SAMSA and SAMSA abl to the reference-based measures SARI 10 <ref type="bibr" target="#b50">(Xu et al., 2016)</ref> and BLEU, as well as to the negative Levenshtein distance to the reference (-LD SR ). We use the only available reference for this corpus, in accordance with the standard practice. SARI is a reference-based measure, based on n-gram overlap between the source, output and reference, and focuses on lexical (rather than structural) simplification. For completeness, we include the other two measures reported in <ref type="bibr" target="#b30">Narayan and Gardent (2016)</ref>, which are measures of similarity to the input (i.e., they quantify the tendency of the systems to introduce changes to the input): the negative Levenshtein distances between the output and input compared to the original complex corpus (-LD SC ), and the number of sentences split by each of the systems.</p><p>The highest correlation with AvgHuman and grammaticality is obtained by semi-automatic SAMSA (0.58 and 0.54), a high correlation especially in comparison to the inter-annotator agreement on AvgHuman (0.64, <ref type="table">Table 3</ref>). The automatic version obtains high correlation with human judgments in these settings, where for struc-tural simplicity, it scores somewhat higher than the semi-automatic SAMSA. The highest correlation with structural simplicity is obtained by the number of sentences with splitting, where SAMSA (automatic and semi-automatic) is second and third highest, although when restricted to multi-Scene sentences, the correlation for SAMSA (semi-automatic) is higher (0.89, p = 0.009 and 0.77, p = 0.04).</p><p>The highest correlation for meaning preservation is obtained by SAMSA abl which provides further evidence that the retainment of semantic structures is a strong predictor of meaning preservation <ref type="bibr" target="#b40">(Sulem et al., 2015)</ref>. SAMSA in itself does not correlate with meaning preservation, probably due to its penalization of under-splitting sentences.</p><p>Note that the standard reference-based measures for simplification, BLEU and SARI, obtain low and often negative correlation with human ratings. We believe that this is the case because SARI and BLEU admittedly focus on lexical simplification, and are difficult to use to rank systems which also perform structural simplification.</p><p>Our results thus suggest that SAMSA provides additional value in predicting the quality of a simplification system and should be reported in tandem with more lexically-oriented measures.</p></div>
<div xmlns="http://www.tei-c.org/ns/1.0"><head n="8">Discussion</head><p>Human evaluation parameters. The fact that the highest correlations for structural simplicity and meaning preservation are obtained by different metrics (SAMSA and SAMSA abl respectively) highlights the complementarity of these two parameters for evaluating TS quality but also the difficulty of capturing them together. Indeed, a given sentence-level operation could both change the original meaning by adding or removing information (affecting the P score) and increase simplicity (S). On the other hand, the identity transformation perfectly preserves the meaning of the original sentence without making it simpler.</p><p>For examining this phenomenon, we compute Spearman's correlation at the system-level between the simplicity and meaning preservation human scores. We obtain a correlation of -0.77 (p = 0.04) between S and P. The correlation between S and the two sub-components of P, the Non-Addition and the Non-Removal scores, are -0.43 (p = 0.2) and -0.77 (p = 0.04) respectively. These negative correlations support our use  <ref type="table">Table 4</ref>: Spearman's correlation of system scores i.e. Pearson's correlation of system rankings <ref type="bibr">(and p-values)</ref>, between evaluation measures (columns) and human judgments (rows). The ranking is between the six simplification systems experimented with. The left block of columns corresponds to the SAMSA and SAMSA abl measures, in their semi-automatic and automatic forms. The middle block of columns corresponds to the reference-based measures SARI and BLEU, as well as -LD SR , which is the negative Levenshtein distances of the system output from the reference. The right block corresponds to measures of conservatism, and reflect how well the tendency of the systems to introduce changes to the input correlates with the human rankings. The block includes -LD SC , the negative Levenshtein distance from the source sentence, and the number of input sentences split by each of the systems. Levenshtein distances are taken as negative in order to capture similarity between the output and source/reference. The measure with the highest correlation in each row is boldfaced.</p><p>of an average human score for assessing the overall quality of the simplification.</p><p>Distribution at the sentence level. In addition to the system-level analysis presented in Section 7, we also investigate the behavior of SAMSA at the sentence level by examining its joint distribution with the human evaluation scores. Focusing on the AvgHuman score and the automatic implementation of SAMSA and using the same data as in Section 7, we consider a single pair of scores (AvgHuman i , SAMSA i ), 1 ≤ i ≤ 100, for each of the 100 source sentences, averaging over the SAMSA and human scores obtained for the 6 simplification systems (See <ref type="figure">Figure 1)</ref>. The joint distribution indicates a positive correlation between SAMSA and AvgHuman. The corresponding Pearson correlation is indeed 0.27 (p = 0.03).</p></div>
<div xmlns="http://www.tei-c.org/ns/1.0"><head n="9">Evaluation on the QATS Benchmark</head><p>In order to provide further validation for SAMSA predictive value for quality of simplification systems, we report SAMSA's correlation with a recently proposed benchmark, used for the QATS (Quality Assessment for Text Simplification) shared task <ref type="bibr">(Štajner et al., 2016)</ref>.</p><p>Setup. The test corpus contains 126 sentences taken from 3 datasets described inŠtajner et al. (2016) 11 : (1) EventS: original sentences from the EMM News-Brief 12 and their syntactically simplified versions (with significant content reduction) by the EventSimplify TS system <ref type="bibr">(Glavas 11</ref> http://qats2016.github.io/shared.html 12 emm.newsbrief.eu/NewsBrief/ clusteredition/en/latest.html andŠtajner, 2013) 13 (the test corpus contains 54 pairs from this dataset), (2) EncBrit: original sentences from the Encyclopedia Britannica <ref type="bibr" target="#b4">(Barzilay and Elhadad, 2003)</ref> and their automatic simplifications obtained using ATS systems based on several phrase-based statistical MT systems <ref type="bibr">(Štajner et al., 2015)</ref> trained on Wikipedia TS corpus <ref type="bibr" target="#b12">(Coster and Kauchak, 2011</ref>) (24 pairs), and (3) LSLight: sentences from English Wikipedia and their automatic simplifications <ref type="bibr">(Glavaš andŠtajner, 2015)</ref> by three different lexical simplification systems <ref type="bibr" target="#b5">(Biran et al., 2011;</ref><ref type="bibr" target="#b20">Horn et al., 2014;</ref><ref type="bibr">Glavaš anď Stajner, 2015)</ref> (48 pairs).</p><p>Human evaluation is also provided by this resource, with scores for overall quality, grammaticality, meaning preservation and simplicity. Importantly, the simplicity score does not explicitly refer to the output's structural simplicity, but rather to its readability. We focus on the overall human score, and compare it to SAMSA. Since different systems were used to simplify different portions of the input, correlation is taken at the sentence level.</p><p>We use the same implementations of SAMSA. Manual UCCA annotation is here performed by one of the authors of this paper. Results. We followŠtajner et al. <ref type="formula">(2016)</ref> and report the Pearson correlations (at the sentence level) between the rankings of the metrics and the human evaluation scores. Results show that the semi-automatic/automatic SAMSA obtains a Pearson correlation of 0.32 and 0.28 with the human scores. This places these measures in the 3rd and 4th places in the shared task, where the only two systems that surpassed it are marginally better, with scores of 0.33 and 0.34, and where the next 13 takelab.fer.hr/data/symplify  <ref type="figure">Figure 1</ref>: Joint distribution of the automatic SAMSA and the AvgHuman scores at the sentence level. Each point in the graph corresponds to a single source sentence. In addition to the scatter plot, a least-squares regression line is presented.</p><p>system in QATS obtained a correlation of 0.23. This correlation by SAMSA was obtained in more restricted conditions, compared to the measures that competed in QATS. First, SAMSA computes its score by only considering the UCCA structure of the source, and an automatic wordto-word alignment between the source and output. Most QATS systems, including OSVCML and OSVCML2 <ref type="bibr" target="#b33">(Nisioi and Nauze, 2016)</ref> which scored highest on the shared task, use an ensemble of classifiers based on bag-of-words, POS tags, sentiment information, negation, readability measures and other resources. Second, the systems participating in the shared task had training data available to them, annotated by the same annotators as the test data. This was used to train classifiers for predicting their score. This gives the QATS measures much predictive strength, but hampers their interpretability. SAMSA on the other hand is conceptually simple and interpretable. Third, the QATS shared task does not focus on structural simplification, but experiments on different types of systems. Indeed, some of the data was annotated by systems that exclusively perform lexical simplification, which is orthogonal to SAMSA's structural focus.</p><p>Given these factors, SAMSA's competitive correlation with the participating systems in QATS suggests that structural simplicity, as reflected by the correct splitting of UCCA Scenes, captures a major component in overall simplification quality, underscoring SAMSA's value. These promising results also motivate a future combination of SAMSA with classifier-based metrics.</p></div>
<div xmlns="http://www.tei-c.org/ns/1.0"><head n="10">Conclusion</head><p>We presented the first structure-aware metric for text simplification, SAMSA, and the first evaluation experiments that directly target the structural simplification component, separately from the lexical component. We argue that the structural and lexical dimensions of simplification are loosely related, and that TS evaluation protocols should assess both. We empirically demonstrate that strong measures that assess lexical simplification quality (notably SARI), fail to correlate with human judgments when structural simplification is performed by the evaluated systems. Our experiments show that SAMSA correlates well with human judgments in such settings, which demonstrates its usefulness for evaluating and tuning statistical simplification systems, and shows that structural evaluation provides a complementary perspective on simplification quality.</p></div><figure xmlns="http://www.tei-c.org/ns/1.0" xml:id="fig_0"><head>M</head><label></label><figDesc>* (sci) = argmax s score(sci, s) s.t. s / ∈ {M * (sc1), . . . , M * (sci−1)} if ninp = nout</figDesc></figure>
<figure xmlns="http://www.tei-c.org/ns/1.0" xml:id="fig_1"><head></head><label></label><figDesc>. . . , k i ) are the minimal centers of the Participants of sc i .</figDesc></figure>
<figure xmlns="http://www.tei-c.org/ns/1.0" type="table" xml:id="tab_0" validated="false"><head>Table 2 :</head><label>2</label><figDesc>Inter-annotator absolute agreement (and quadratic weighted κ), averaged over the 10 annotator pairs. Rows correspond to systems, columns to questions. The top "Total" row refers to the concatenation of the outputs of all 6 systems together with the reference sentences.</figDesc><table>Qa 
Qb 
Qc 
Qd 
AvgHuman 
Sen. 
0.63  *  
0.30  *  
0.48  *  
0.11  *  *  
0.49  *  
Sys. 
0.92  *  *  
0.54 (0.1) 0.64 (0.06) 0.14 (0.4) 
0.64 (0.06) 

</table></figure>
			<note xmlns="http://www.tei-c.org/ns/1.0" place="foot" n="1">All data and code are available in https://github. com/eliorsulem/SAMSA.</note>
			<note xmlns="http://www.tei-c.org/ns/1.0" place="foot" n="2">We do not consider other structural operations, such as passive to active transformations<ref type="bibr" target="#b7">(Canning, 2002)</ref>, that are currently not treated by corpus-based simplification systems.</note>
			<note xmlns="http://www.tei-c.org/ns/1.0" place="foot" n="3">https://github.com/danielhers/tupa</note>
			<note xmlns="http://www.tei-c.org/ns/1.0" place="foot" n="4">In some cases, the unit u can be a sequence of centers (if there are several minimal centers). In these cases, 1s(u) returns 1 iff the condition holds for all centers.5  All the data can be found here: http: //homepages.inf.ed.ac.uk/snaraya2/data/ simplification-2016.tgz.</note>
			<note xmlns="http://www.tei-c.org/ns/1.0" place="foot" n="8">http://www.cs.huji.ac.il/˜oabend/ ucca.html 9 https://github.com/ma-sultan/ monolingual-word-aligner 10 Data and code for can be found in https://github. com/cocoxu/simplification.</note>
		</body>
		<back>

			<div type="acknowledgement">
<div xmlns="http://www.tei-c.org/ns/1.0"><head>Acknowledgments</head><p>We would like to thank Zhemin Zhu and Sander Wubben for sharing their data, as well as the annotators for participating in our evaluation and UCCA annotation experiments. We also thank Daniel Hershcovich and the anonymous reviewers for their helpful comments. This work was partially supported by the Intel Collaborative Research Institute for Computational Intelligence (ICRI-CI) and by the Israel Science Foundation (grant No. 929/17), as well as by the HUJI Cyber Security Research Center in conjunction with the Israel National Cyber Bureau in the Prime Minister's Office.</p></div>
			</div>

			<div type="references">

				<listBibl>

<biblStruct xml:id="b0">
	<analytic>
		<title level="a" type="main">Universal Conceptual Cognitive Annotation (UCCA)</title>
		<author>
			<persName xmlns="http://www.tei-c.org/ns/1.0"><forename type="first">Omri</forename><surname>Abend</surname></persName>
		</author>
		<author>
			<persName xmlns="http://www.tei-c.org/ns/1.0"><forename type="first">Ari</forename><surname>Rappoport</surname></persName>
		</author>
		<ptr target="http://aclweb.org/anthology/P/P13/P13-1023.pdf" />
	</analytic>
	<monogr>
		<title level="m">Proc. of ACL-13</title>
		<meeting>of ACL-13</meeting>
		<imprint>
			<date type="published" when="2013" />
			<biblScope unit="page" from="228" to="238" />
		</imprint>
	</monogr>
</biblStruct>

<biblStruct xml:id="b1">
	<analytic>
		<title level="a" type="main">The state of the art in semantic representation</title>
		<author>
			<persName xmlns="http://www.tei-c.org/ns/1.0"><forename type="first">Omri</forename><surname>Abend</surname></persName>
		</author>
		<author>
			<persName xmlns="http://www.tei-c.org/ns/1.0"><forename type="first">Ari</forename><surname>Rappoport</surname></persName>
		</author>
		<ptr target="http://aclweb.org/anthology/P/P17/P17-1008.pdf" />
	</analytic>
	<monogr>
		<title level="m">Proc. of ACL&apos;17</title>
		<meeting>of ACL&apos;17</meeting>
		<imprint>
			<date type="published" when="2017" />
			<biblScope unit="page" from="77" to="89" />
		</imprint>
	</monogr>
</biblStruct>

<biblStruct xml:id="b2">
	<analytic>
		<title level="a" type="main">UCCAApp: Web-application for syntactic and semantic phrase-based annotation</title>
		<author>
			<persName xmlns="http://www.tei-c.org/ns/1.0"><forename type="first">Omri</forename><surname>Abend</surname></persName>
		</author>
		<author>
			<persName xmlns="http://www.tei-c.org/ns/1.0"><forename type="first">Shai</forename><surname>Yerushalmi</surname></persName>
		</author>
		<author>
			<persName xmlns="http://www.tei-c.org/ns/1.0"><forename type="first">Ari</forename><surname>Rappoport</surname></persName>
		</author>
		<ptr target="http://www.aclweb.org/anthology/P17-4019" />
	</analytic>
	<monogr>
		<title level="m">Proc. of ACL&apos;17, System Demonstrations</title>
		<meeting>of ACL&apos;17, System Demonstrations</meeting>
		<imprint>
			<date type="published" when="2017" />
			<biblScope unit="page" from="109" to="114" />
		</imprint>
	</monogr>
</biblStruct>

<biblStruct xml:id="b3">
	<analytic>
		<title level="a" type="main">Abstract Meaning Rrepresentation for sembanking</title>
		<author>
			<persName xmlns="http://www.tei-c.org/ns/1.0"><forename type="first">Laura</forename><surname>Banarescu</surname></persName>
		</author>
		<author>
			<persName xmlns="http://www.tei-c.org/ns/1.0"><forename type="first">Claire</forename><surname>Bonial</surname></persName>
		</author>
		<author>
			<persName xmlns="http://www.tei-c.org/ns/1.0"><forename type="first">Shu</forename><surname>Cai</surname></persName>
		</author>
		<author>
			<persName xmlns="http://www.tei-c.org/ns/1.0"><forename type="first">Madalina</forename><surname>Georgescu</surname></persName>
		</author>
		<author>
			<persName xmlns="http://www.tei-c.org/ns/1.0"><forename type="first">Kira</forename><surname>Griffitt</surname></persName>
		</author>
		<author>
			<persName xmlns="http://www.tei-c.org/ns/1.0"><forename type="first">Ulf</forename><surname>Hermjakob</surname></persName>
		</author>
		<author>
			<persName xmlns="http://www.tei-c.org/ns/1.0"><forename type="first">Kevin</forename><surname>Knight</surname></persName>
		</author>
		<author>
			<persName xmlns="http://www.tei-c.org/ns/1.0"><forename type="first">Philipp</forename><surname>Koehn</surname></persName>
		</author>
		<author>
			<persName xmlns="http://www.tei-c.org/ns/1.0"><forename type="first">Martha</forename><surname>Palmer</surname></persName>
		</author>
		<author>
			<persName xmlns="http://www.tei-c.org/ns/1.0"><forename type="first">Nathan</forename><surname>Schneider</surname></persName>
		</author>
		<ptr target="http://aclweb.org/anthology/W/W13/W13-2322.pdf" />
	</analytic>
	<monogr>
		<title level="m">Proc. of Linguistic Annotation Workshop and Interoperability with Discourse pages</title>
		<meeting>of Linguistic Annotation Workshop and Interoperability with Discourse pages</meeting>
		<imprint>
			<date type="published" when="2013" />
			<biblScope unit="page" from="178" to="186" />
		</imprint>
	</monogr>
</biblStruct>

<biblStruct xml:id="b4">
	<analytic>
		<title level="a" type="main">Sentence alignment for monolingual comparable corpora</title>
		<author>
			<persName xmlns="http://www.tei-c.org/ns/1.0"><forename type="first">Regina</forename><surname>Barzilay</surname></persName>
		</author>
		<author>
			<persName xmlns="http://www.tei-c.org/ns/1.0"><forename type="first">Noemie</forename><surname>Elhadad</surname></persName>
		</author>
	</analytic>
	<monogr>
		<title level="m">Proc. of EMNLP&apos;03</title>
		<meeting>of EMNLP&apos;03</meeting>
		<imprint>
			<date type="published" when="2003" />
			<biblScope unit="page">25</biblScope>
		</imprint>
	</monogr>
</biblStruct>

<biblStruct xml:id="b5">
	<analytic>
		<title level="a" type="main">Putting it simply: a context-aware approach to lexical simplification</title>
		<author>
			<persName xmlns="http://www.tei-c.org/ns/1.0"><forename type="first">Or</forename><surname>Biran</surname></persName>
		</author>
		<author>
			<persName xmlns="http://www.tei-c.org/ns/1.0"><forename type="first">Samuel</forename><surname>Brody</surname></persName>
		</author>
		<author>
			<persName xmlns="http://www.tei-c.org/ns/1.0"><forename type="first">Noémie</forename><surname>Elhadad</surname></persName>
		</author>
		<ptr target="http://aclweb.org/anthology/P/P11/P11-2087.pdf" />
	</analytic>
	<monogr>
		<title level="m">Proc. of ACL&apos;11</title>
		<meeting>of ACL&apos;11</meeting>
		<imprint>
			<date type="published" when="2011" />
			<biblScope unit="page" from="465" to="501" />
		</imprint>
	</monogr>
</biblStruct>

<biblStruct xml:id="b6">
	<analytic>
		<title level="a" type="main">HUME: Human UCCA-based evaluation of machine translation</title>
		<author>
			<persName xmlns="http://www.tei-c.org/ns/1.0"><forename type="first">Alexandra</forename><surname>Birch</surname></persName>
		</author>
		<author>
			<persName xmlns="http://www.tei-c.org/ns/1.0"><forename type="first">Omri</forename><surname>Abend</surname></persName>
		</author>
		<author>
			<persName xmlns="http://www.tei-c.org/ns/1.0"><forename type="first">Ondřej</forename><surname>Bojar</surname></persName>
		</author>
		<author>
			<persName xmlns="http://www.tei-c.org/ns/1.0"><forename type="first">Barry</forename><surname>Haddow</surname></persName>
		</author>
		<ptr target="http://aclweb.org/anthology/D/D16/D16-1134.pdf" />
	</analytic>
	<monogr>
		<title level="m">Proc. of EMNLP&apos;16</title>
		<meeting>of EMNLP&apos;16</meeting>
		<imprint>
			<date type="published" when="2016" />
			<biblScope unit="page" from="1264" to="1274" />
		</imprint>
	</monogr>
</biblStruct>

<biblStruct xml:id="b7">
	<monogr>
		<title level="m" type="main">Syntactic simplification of text</title>
		<author>
			<persName xmlns="http://www.tei-c.org/ns/1.0"><forename type="first">Yvonne</forename><forename type="middle">Margaret</forename><surname>Canning</surname></persName>
		</author>
		<imprint>
			<date type="published" when="2002" />
			<pubPlace>UK</pubPlace>
		</imprint>
		<respStmt>
			<orgName>University of Sunderland</orgName>
		</respStmt>
	</monogr>
	<note type="report_type">Ph.D. thesis</note>
</biblStruct>

<biblStruct xml:id="b8">
	<analytic>
		<title level="a" type="main">Motivations and methods for sentence simplification</title>
		<author>
			<persName xmlns="http://www.tei-c.org/ns/1.0"><forename type="first">Raman</forename><surname>Chandrasekar</surname></persName>
		</author>
		<author>
			<persName xmlns="http://www.tei-c.org/ns/1.0"><forename type="first">Christine</forename><surname>Doran</surname></persName>
		</author>
		<author>
			<persName xmlns="http://www.tei-c.org/ns/1.0"><forename type="first">Bangalore</forename><surname>Srinivas</surname></persName>
		</author>
		<ptr target="http://aclweb.org/anthology/C/C96/C96-2183.pdf" />
	</analytic>
	<monogr>
		<title level="m">Proc. of COL-ING&apos;96</title>
		<meeting>of COL-ING&apos;96</meeting>
		<imprint>
			<date type="published" when="1996" />
			<biblScope unit="page" from="1041" to="1044" />
		</imprint>
	</monogr>
</biblStruct>

<biblStruct xml:id="b9">
	<analytic>
		<title level="a" type="main">Referenceless measure of faithfulness for grammatical error correction</title>
		<author>
			<persName xmlns="http://www.tei-c.org/ns/1.0"><forename type="first">Leshem</forename><surname>Choshen</surname></persName>
		</author>
		<author>
			<persName xmlns="http://www.tei-c.org/ns/1.0"><forename type="first">Omri</forename><surname>Abend</surname></persName>
		</author>
	</analytic>
	<monogr>
		<title level="m">Proc. of NAACL&apos;18</title>
		<meeting>of NAACL&apos;18</meeting>
		<imprint>
			<date type="published" when="2018" />
		</imprint>
	</monogr>
	<note>Short papers. To appear</note>
</biblStruct>

<biblStruct xml:id="b10">
	<analytic>
		<title level="a" type="main">Models for sentence compression: A comparison across domains, training requirements and evaluation measures</title>
		<author>
			<persName xmlns="http://www.tei-c.org/ns/1.0"><forename type="first">James</forename><surname>Clarke</surname></persName>
		</author>
		<author>
			<persName xmlns="http://www.tei-c.org/ns/1.0"><forename type="first">Mirella</forename><surname>Lapata</surname></persName>
		</author>
		<ptr target="http://aclweb.org/anthology/P/P06/P06-1048.pdf" />
	</analytic>
	<monogr>
		<title level="m">Proc. of ACL-COLING&apos;06</title>
		<meeting>of ACL-COLING&apos;06</meeting>
		<imprint>
			<date type="published" when="2006" />
			<biblScope unit="page" from="377" to="384" />
		</imprint>
	</monogr>
</biblStruct>

<biblStruct xml:id="b11">
	<analytic>
		<title level="a" type="main">Weighted kappa: Nominal scale agreement provision for scaled disagreement or partial credit</title>
		<author>
			<persName xmlns="http://www.tei-c.org/ns/1.0"><forename type="first">Jacob</forename><surname>Cohen</surname></persName>
		</author>
	</analytic>
	<monogr>
		<title level="j">Psychological bulletin</title>
		<imprint>
			<biblScope unit="volume">70</biblScope>
			<biblScope unit="issue">4</biblScope>
			<biblScope unit="page">213</biblScope>
			<date type="published" when="1968" />
		</imprint>
	</monogr>
</biblStruct>

<biblStruct xml:id="b12">
	<analytic>
		<title level="a" type="main">Simple English Wikipedia: A new text simplification task</title>
		<author>
			<persName xmlns="http://www.tei-c.org/ns/1.0"><forename type="first">William</forename><surname>Coster</surname></persName>
		</author>
		<author>
			<persName xmlns="http://www.tei-c.org/ns/1.0"><forename type="first">David</forename><surname>Kauchak</surname></persName>
		</author>
		<ptr target="http://aclweb.org/anthology/P/P11/P11-2117.pdf" />
	</analytic>
	<monogr>
		<title level="m">Proc. of ACL&apos;11</title>
		<meeting>of ACL&apos;11</meeting>
		<imprint>
			<date type="published" when="2011" />
			<biblScope unit="page" from="665" to="669" />
		</imprint>
	</monogr>
</biblStruct>

<biblStruct xml:id="b13">
	<analytic>
		<title level="a" type="main">Meteor 1.3: Automatic metric for reliable optimization and evaluation of machine translation systems</title>
		<author>
			<persName xmlns="http://www.tei-c.org/ns/1.0"><forename type="first">Michael</forename><surname>Denkowski</surname></persName>
		</author>
		<author>
			<persName xmlns="http://www.tei-c.org/ns/1.0"><forename type="first">Alon</forename><surname>Lavie</surname></persName>
		</author>
		<ptr target="http://aclweb.org/anthology/W/W11/W11-2107.pdf" />
	</analytic>
	<monogr>
		<title level="m">Proc. of WMT&apos;11</title>
		<meeting>of WMT&apos;11</meeting>
		<imprint>
			<date type="published" when="2011" />
			<biblScope unit="page" from="85" to="91" />
		</imprint>
	</monogr>
</biblStruct>

<biblStruct xml:id="b14">
	<monogr>
		<title level="m" type="main">Basic Linguistic Theory: Grammatical Topics</title>
		<author>
			<persName xmlns="http://www.tei-c.org/ns/1.0"><forename type="first">M</forename><forename type="middle">W</forename><surname>Robert</surname></persName>
		</author>
		<author>
			<persName xmlns="http://www.tei-c.org/ns/1.0"><surname>Dixon</surname></persName>
		</author>
		<imprint>
			<date type="published" when="2010" />
			<publisher>Oxford University Press</publisher>
			<biblScope unit="volume">2</biblScope>
		</imprint>
	</monogr>
</biblStruct>

<biblStruct xml:id="b15">
	<monogr>
		<title level="m" type="main">Basic Linguistic Theory: Methodology</title>
		<author>
			<persName xmlns="http://www.tei-c.org/ns/1.0"><forename type="first">M</forename><forename type="middle">W</forename><surname>Robert</surname></persName>
		</author>
		<author>
			<persName xmlns="http://www.tei-c.org/ns/1.0"><surname>Dixon</surname></persName>
		</author>
		<imprint>
			<date type="published" when="2010" />
			<publisher>Oxford University Press</publisher>
			<biblScope unit="volume">1</biblScope>
		</imprint>
	</monogr>
</biblStruct>

<biblStruct xml:id="b16">
	<monogr>
		<title level="m" type="main">Basic Linguistic Theory: Further Grammatical Topics</title>
		<author>
			<persName xmlns="http://www.tei-c.org/ns/1.0"><forename type="first">M</forename><forename type="middle">W</forename><surname>Robert</surname></persName>
		</author>
		<author>
			<persName xmlns="http://www.tei-c.org/ns/1.0"><surname>Dixon</surname></persName>
		</author>
		<imprint>
			<date type="published" when="2012" />
			<publisher>Oxford University Press</publisher>
			<biblScope unit="volume">3</biblScope>
		</imprint>
	</monogr>
</biblStruct>

<biblStruct xml:id="b17">
	<analytic>
		<title level="a" type="main">Event-centered simplification of news stories</title>
		<author>
			<persName xmlns="http://www.tei-c.org/ns/1.0"><forename type="first">Goran</forename><surname>Glavas</surname></persName>
		</author>
		<author>
			<persName xmlns="http://www.tei-c.org/ns/1.0"><surname>Sanjaštajner</surname></persName>
		</author>
		<ptr target="http://aclweb.org/anthology/R13-2011" />
	</analytic>
	<monogr>
		<title level="m">Proc. of the Student Research Workshop associated with RANLP 2013</title>
		<meeting>of the Student Research Workshop associated with RANLP 2013</meeting>
		<imprint>
			<date type="published" when="2013" />
			<biblScope unit="page" from="71" to="78" />
		</imprint>
	</monogr>
</biblStruct>

<biblStruct xml:id="b18">
	<analytic>
		<title level="a" type="main">Simplifying lexical simplification: Do we need simplified corpora?</title>
		<author>
			<persName xmlns="http://www.tei-c.org/ns/1.0"><forename type="first">Goran</forename><surname>Glavaš</surname></persName>
		</author>
		<author>
			<persName xmlns="http://www.tei-c.org/ns/1.0"><surname>Sanjaštajner</surname></persName>
		</author>
		<ptr target="http://www.aclweb.org/anthology/P15-2011" />
	</analytic>
	<monogr>
		<title level="m">Proc. of ACL&apos;15</title>
		<meeting>of ACL&apos;15</meeting>
		<imprint>
			<date type="published" when="2015" />
			<biblScope unit="page" from="63" to="68" />
		</imprint>
	</monogr>
	<note>Short papers</note>
</biblStruct>

<biblStruct xml:id="b19">
	<analytic>
		<title level="a" type="main">A transition-based directed acyclic graph parser for UCCA</title>
		<author>
			<persName xmlns="http://www.tei-c.org/ns/1.0"><forename type="first">Daniel</forename><surname>Hershcovich</surname></persName>
		</author>
		<author>
			<persName xmlns="http://www.tei-c.org/ns/1.0"><forename type="first">Omri</forename><surname>Abend</surname></persName>
		</author>
		<author>
			<persName xmlns="http://www.tei-c.org/ns/1.0"><forename type="first">Ari</forename><surname>Rappoport</surname></persName>
		</author>
		<ptr target="http://aclweb.org/anthology/P/P17/P17-1104.pdf" />
	</analytic>
	<monogr>
		<title level="m">Proc. of ACL&apos;17</title>
		<meeting>of ACL&apos;17</meeting>
		<imprint>
			<date type="published" when="2017" />
			<biblScope unit="page" from="1127" to="1138" />
		</imprint>
	</monogr>
</biblStruct>

<biblStruct xml:id="b20">
	<analytic>
		<title level="a" type="main">Learning a lexical simplifier using Wikipedia</title>
		<author>
			<persName xmlns="http://www.tei-c.org/ns/1.0"><forename type="first">Colby</forename><surname>Horn</surname></persName>
		</author>
		<author>
			<persName xmlns="http://www.tei-c.org/ns/1.0"><forename type="first">Cathryn</forename><surname>Manduca</surname></persName>
		</author>
		<author>
			<persName xmlns="http://www.tei-c.org/ns/1.0"><forename type="first">David</forename><surname>Kauchak</surname></persName>
		</author>
		<ptr target="http://aclweb.org/anthology/P/P14/P14-2075.pdf" />
	</analytic>
	<monogr>
		<title level="m">Proc. of ACL&apos;14</title>
		<meeting>of ACL&apos;14</meeting>
		<imprint>
			<date type="published" when="2014" />
			<biblScope unit="page" from="458" to="463" />
		</imprint>
	</monogr>
	<note>Short papers</note>
</biblStruct>

<biblStruct xml:id="b21">
	<analytic>
		<title level="a" type="main">Aligning sentences from Standard Wikipedia to Simple Wikipedia</title>
		<author>
			<persName xmlns="http://www.tei-c.org/ns/1.0"><forename type="first">William</forename><surname>Hwang</surname></persName>
		</author>
		<author>
			<persName xmlns="http://www.tei-c.org/ns/1.0"><forename type="first">Hannaneh</forename><surname>Hajishirzi</surname></persName>
		</author>
		<author>
			<persName xmlns="http://www.tei-c.org/ns/1.0"><forename type="first">Mari</forename><surname>Ostendorf</surname></persName>
		</author>
		<author>
			<persName xmlns="http://www.tei-c.org/ns/1.0"><forename type="first">Wei</forename><surname>Wu</surname></persName>
		</author>
		<ptr target="http://aclweb.org/anthology/N/N15/N15-1022.pdf" />
	</analytic>
	<monogr>
		<title level="m">Proc. of NAACL&apos;15</title>
		<meeting>of NAACL&apos;15</meeting>
		<imprint>
			<date type="published" when="2015" />
			<biblScope unit="page" from="211" to="217" />
		</imprint>
	</monogr>
</biblStruct>

<biblStruct xml:id="b22">
	<analytic>
		<title level="a" type="main">A theory of truth and semantic representation</title>
		<author>
			<persName xmlns="http://www.tei-c.org/ns/1.0"><forename type="first">Hans</forename><surname>Kamp</surname></persName>
		</author>
	</analytic>
	<monogr>
		<title level="m">Formal methods in the study of language. Mathematisch Centrum</title>
		<editor>J.A.G. Groenendijk, T.M.V. Jassen, B.J. Stokhof, and M.J.B/ Stokhof</editor>
		<imprint>
			<date type="published" when="1981" />
		</imprint>
	</monogr>
	<note>Number pt.1 in Mathematical Centre tracts</note>
</biblStruct>

<biblStruct xml:id="b23">
	<monogr>
		<title level="m" type="main">Derivation of new readability formulas (automated readability index, fog count and Flesch reading ease formula) for Navy enlisted personnel</title>
		<author>
			<persName xmlns="http://www.tei-c.org/ns/1.0"><forename type="first">J</forename></persName>
		</author>
		<author>
			<persName xmlns="http://www.tei-c.org/ns/1.0"><forename type="first">Peter</forename><surname>Kincaid</surname></persName>
		</author>
		<author>
			<persName xmlns="http://www.tei-c.org/ns/1.0"><forename type="first">Robert</forename><forename type="middle">P</forename><surname>Fishburne</surname><genName>Jr</genName></persName>
		</author>
		<author>
			<persName xmlns="http://www.tei-c.org/ns/1.0"><forename type="first">L</forename><surname>Richard</surname></persName>
		</author>
		<author>
			<persName xmlns="http://www.tei-c.org/ns/1.0"><forename type="first">Brad</forename><forename type="middle">S</forename><surname>Rogers</surname></persName>
		</author>
		<author>
			<persName xmlns="http://www.tei-c.org/ns/1.0"><surname>Chissom</surname></persName>
		</author>
		<imprint>
			<date type="published" when="1975" />
			<publisher>DTIC Document</publisher>
		</imprint>
	</monogr>
	<note type="report_type">Technical report</note>
</biblStruct>

<biblStruct xml:id="b24">
	<monogr>
		<title level="m" type="main">Cognitive Grammar: A Basic Introduction</title>
		<author>
			<persName xmlns="http://www.tei-c.org/ns/1.0"><forename type="first">Ronald</forename><forename type="middle">W</forename><surname>Langacker</surname></persName>
		</author>
		<imprint>
			<date type="published" when="2008" />
			<publisher>Oxford University Press</publisher>
			<pubPlace>USA</pubPlace>
		</imprint>
	</monogr>
</biblStruct>

<biblStruct xml:id="b25">
	<analytic>
		<title level="a" type="main">XMEANT: Better semantic mt evaluation without reference translations</title>
		<author>
			<persName xmlns="http://www.tei-c.org/ns/1.0"><forename type="first">Chi-Kiu</forename><surname>Lo</surname></persName>
		</author>
		<author>
			<persName xmlns="http://www.tei-c.org/ns/1.0"><forename type="first">Meriem</forename><surname>Beloucif</surname></persName>
		</author>
		<author>
			<persName xmlns="http://www.tei-c.org/ns/1.0"><forename type="first">Markus</forename><surname>Saers</surname></persName>
		</author>
		<author>
			<persName xmlns="http://www.tei-c.org/ns/1.0"><forename type="first">Dekai</forename><surname>Wu</surname></persName>
		</author>
		<ptr target="http://aclweb.org/anthology/P/P14/P14-2124.pdf" />
	</analytic>
	<monogr>
		<title level="m">Proc. of ACL&apos;14</title>
		<meeting>of ACL&apos;14</meeting>
		<imprint>
			<date type="published" when="2014" />
			<biblScope unit="page" from="765" to="771" />
		</imprint>
	</monogr>
	<note>Short Papers</note>
</biblStruct>

<biblStruct xml:id="b26">
	<analytic>
		<title level="a" type="main">Fully automatic semantic MT evaluation</title>
		<author>
			<persName xmlns="http://www.tei-c.org/ns/1.0"><forename type="first">Chi-Kiu</forename><surname>Lo</surname></persName>
		</author>
		<author>
			<persName xmlns="http://www.tei-c.org/ns/1.0"><forename type="first">Anand</forename><surname>Karthik Tumuluru</surname></persName>
		</author>
		<author>
			<persName xmlns="http://www.tei-c.org/ns/1.0"><forename type="first">Dekai</forename><surname>Wu</surname></persName>
		</author>
		<ptr target="http://aclweb.org/anthology/W/W12/W12-3129.pdf" />
	</analytic>
	<monogr>
		<title level="m">Proc. of WMT&apos;12</title>
		<meeting>of WMT&apos;12</meeting>
		<imprint>
			<date type="published" when="2012" />
			<biblScope unit="page" from="243" to="252" />
		</imprint>
	</monogr>
</biblStruct>

<biblStruct xml:id="b27">
	<analytic>
		<title level="a" type="main">NLTK: the natural language toolkit</title>
		<author>
			<persName xmlns="http://www.tei-c.org/ns/1.0"><forename type="first">Edward</forename><surname>Loper</surname></persName>
		</author>
		<author>
			<persName xmlns="http://www.tei-c.org/ns/1.0"><forename type="first">Steven</forename><surname>Bird</surname></persName>
		</author>
	</analytic>
	<monogr>
		<title level="m">Proc. of EMNLP&apos;02</title>
		<meeting>of EMNLP&apos;02</meeting>
		<imprint>
			<date type="published" when="2002" />
			<biblScope unit="page" from="63" to="70" />
		</imprint>
	</monogr>
</biblStruct>

<biblStruct xml:id="b28">
	<analytic>
		<title level="a" type="main">Exploring the effects of sentence simplification on Hindi to English Machine Translation systems</title>
		<author>
			<persName xmlns="http://www.tei-c.org/ns/1.0"><forename type="first">Kshitij</forename><surname>Mishra</surname></persName>
		</author>
		<author>
			<persName xmlns="http://www.tei-c.org/ns/1.0"><forename type="first">Ankush</forename><surname>Soni</surname></persName>
		</author>
		<author>
			<persName xmlns="http://www.tei-c.org/ns/1.0"><forename type="first">Rahul</forename><surname>Sharma</surname></persName>
		</author>
		<author>
			<persName xmlns="http://www.tei-c.org/ns/1.0"><forename type="first">Dipti Misra</forename><surname>Sharma</surname></persName>
		</author>
		<ptr target="http://www.aclweb.org/anthology/W14-5603" />
	</analytic>
	<monogr>
		<title level="m">Proc. of the Workshop on Automatic Text Simplification: Methods and Applications in the Multilingual Society</title>
		<meeting>of the Workshop on Automatic Text Simplification: Methods and Applications in the Multilingual Society</meeting>
		<imprint>
			<date type="published" when="2014" />
			<biblScope unit="page" from="21" to="29" />
		</imprint>
	</monogr>
</biblStruct>

<biblStruct xml:id="b29">
	<analytic>
		<title level="a" type="main">Hybrid simplification using deep semantics and machine translation</title>
		<author>
			<persName xmlns="http://www.tei-c.org/ns/1.0"><forename type="first">Shashi</forename><surname>Narayan</surname></persName>
		</author>
		<author>
			<persName xmlns="http://www.tei-c.org/ns/1.0"><forename type="first">Claire</forename><surname>Gardent</surname></persName>
		</author>
		<ptr target="http://aclweb.org/anthology/P/P14/P14-1041.pdf" />
	</analytic>
	<monogr>
		<title level="m">Proc. of ACL14</title>
		<meeting>of ACL14</meeting>
		<imprint>
			<date type="published" when="2014" />
			<biblScope unit="page" from="435" to="445" />
		</imprint>
	</monogr>
</biblStruct>

<biblStruct xml:id="b30">
	<analytic>
		<title level="a" type="main">Unsupervised sentence simplification using deep semantics</title>
		<author>
			<persName xmlns="http://www.tei-c.org/ns/1.0"><forename type="first">Shashi</forename><surname>Narayan</surname></persName>
		</author>
		<author>
			<persName xmlns="http://www.tei-c.org/ns/1.0"><forename type="first">Claire</forename><surname>Gardent</surname></persName>
		</author>
		<ptr target="http://aclweb.org/anthology/W/W16/W16-6620.pdf" />
	</analytic>
	<monogr>
		<title level="m">Proc. of INLG&apos;16</title>
		<meeting>of INLG&apos;16</meeting>
		<imprint>
			<date type="published" when="2016" />
			<biblScope unit="page" from="111" to="120" />
		</imprint>
	</monogr>
</biblStruct>

<biblStruct xml:id="b31">
	<analytic>
		<title level="a" type="main">Split and rephrase</title>
		<author>
			<persName xmlns="http://www.tei-c.org/ns/1.0"><forename type="first">Shashi</forename><surname>Narayan</surname></persName>
		</author>
		<author>
			<persName xmlns="http://www.tei-c.org/ns/1.0"><forename type="first">Claire</forename><surname>Gardent</surname></persName>
		</author>
		<author>
			<persName xmlns="http://www.tei-c.org/ns/1.0"><forename type="first">Shay</forename><forename type="middle">B</forename><surname>Cohen</surname></persName>
		</author>
		<author>
			<persName xmlns="http://www.tei-c.org/ns/1.0"><forename type="first">Anastasia</forename><surname>Shimorina</surname></persName>
		</author>
		<ptr target="http://aclweb.org/anthology/D/D17/D17-1065.pdf" />
	</analytic>
	<monogr>
		<title level="m">Proc. of EMNLP&apos;17</title>
		<meeting>of EMNLP&apos;17</meeting>
		<imprint>
			<date type="published" when="2017" />
			<biblScope unit="page" from="617" to="627" />
		</imprint>
	</monogr>
</biblStruct>

<biblStruct xml:id="b32">
	<analytic>
		<title level="a" type="main">A sentence simplification system for improving relation extraction</title>
		<author>
			<persName xmlns="http://www.tei-c.org/ns/1.0"><forename type="first">Christina</forename><surname>Niklaus</surname></persName>
		</author>
		<author>
			<persName xmlns="http://www.tei-c.org/ns/1.0"><forename type="first">Bernahard</forename><surname>Bermeitinger</surname></persName>
		</author>
		<ptr target="http://aclweb.org/anthology/C/C16/C16-2036.pdf" />
	</analytic>
	<monogr>
		<title level="m">Proc. of COLING&apos;16</title>
		<meeting>of COLING&apos;16</meeting>
		<imprint>
			<date type="published" when="2016" />
		</imprint>
	</monogr>
	<note>Siegfried Handschuh, and André Freitas</note>
</biblStruct>

<biblStruct xml:id="b33">
	<analytic>
		<title level="a" type="main">An ensemble method for quality assessment of text simplification</title>
		<author>
			<persName xmlns="http://www.tei-c.org/ns/1.0"><forename type="first">Sergiu</forename><surname>Nisioi</surname></persName>
		</author>
		<author>
			<persName xmlns="http://www.tei-c.org/ns/1.0"><forename type="first">Fabrice</forename><surname>Nauze</surname></persName>
		</author>
	</analytic>
	<monogr>
		<title level="m">Workshop on Quality Assessment for Text Simplification (QATS)</title>
		<imprint>
			<date type="published" when="2016" />
		</imprint>
	</monogr>
</biblStruct>

<biblStruct xml:id="b34">
	<analytic>
		<title level="a" type="main">BLEU: a method for automatic evaluation of machine translation</title>
		<author>
			<persName xmlns="http://www.tei-c.org/ns/1.0"><forename type="first">Kishore</forename><surname>Papineni</surname></persName>
		</author>
		<author>
			<persName xmlns="http://www.tei-c.org/ns/1.0"><forename type="first">Salim</forename><surname>Roukos</surname></persName>
		</author>
		<author>
			<persName xmlns="http://www.tei-c.org/ns/1.0"><forename type="first">Todd</forename><surname>Ward</surname></persName>
		</author>
		<author>
			<persName xmlns="http://www.tei-c.org/ns/1.0"><forename type="first">Wei-Jing</forename><surname>Zhu</surname></persName>
		</author>
		<ptr target="http://aclweb.org/anthology/P/P02/P02-1040.pdf" />
	</analytic>
	<monogr>
		<title level="m">Proc. of ACL&apos;02</title>
		<meeting>of ACL&apos;02</meeting>
		<imprint>
			<date type="published" when="2002" />
			<biblScope unit="page" from="311" to="318" />
		</imprint>
	</monogr>
</biblStruct>

<biblStruct xml:id="b35">
	<analytic>
		<title level="a" type="main">Simplify or help?: text simplification strategies for people with dyslexia</title>
		<author>
			<persName xmlns="http://www.tei-c.org/ns/1.0"><forename type="first">Luz</forename><surname>Rello</surname></persName>
		</author>
		<author>
			<persName xmlns="http://www.tei-c.org/ns/1.0"><forename type="first">Ricardo</forename><surname>Baeza-Yates</surname></persName>
		</author>
		<author>
			<persName xmlns="http://www.tei-c.org/ns/1.0"><forename type="first">Stefan</forename><surname>Bott</surname></persName>
		</author>
		<author>
			<persName xmlns="http://www.tei-c.org/ns/1.0"><forename type="first">Horacio</forename><surname>Saggion</surname></persName>
		</author>
	</analytic>
	<monogr>
		<title level="m">Proc. of the 10th International Cross-Disciplinary Conference on Web Accesibility</title>
		<meeting>of the 10th International Cross-Disciplinary Conference on Web Accesibility</meeting>
		<imprint>
			<date type="published" when="2013" />
			<biblScope unit="volume">15</biblScope>
			<biblScope unit="page" from="1" to="15" />
		</imprint>
	</monogr>
</biblStruct>

<biblStruct xml:id="b36">
	<analytic>
		<title level="a" type="main">TINE: A metric to assess MT adequacy</title>
		<author>
			<persName xmlns="http://www.tei-c.org/ns/1.0"><forename type="first">Miguel</forename><surname>Rios</surname></persName>
		</author>
		<author>
			<persName xmlns="http://www.tei-c.org/ns/1.0"><forename type="first">Wilker</forename><surname>Aziz</surname></persName>
		</author>
		<author>
			<persName xmlns="http://www.tei-c.org/ns/1.0"><forename type="first">Lucia</forename><surname>Specia</surname></persName>
		</author>
		<ptr target="http://aclweb.org/anthology/W/W11/W11-2112.pdf" />
	</analytic>
	<monogr>
		<title level="m">Proc. of WMT&apos;11</title>
		<meeting>of WMT&apos;11</meeting>
		<imprint>
			<date type="published" when="2011" />
			<biblScope unit="page" from="116" to="122" />
		</imprint>
	</monogr>
</biblStruct>

<biblStruct xml:id="b37">
	<analytic>
		<title level="a" type="main">An architecture for a text simplification system</title>
		<author>
			<persName xmlns="http://www.tei-c.org/ns/1.0"><forename type="first">Advaith</forename><surname>Siddharthan</surname></persName>
		</author>
	</analytic>
	<monogr>
		<title level="m">Proc. of LEC</title>
		<meeting>of LEC</meeting>
		<imprint>
			<date type="published" when="2002" />
			<biblScope unit="page" from="64" to="71" />
		</imprint>
	</monogr>
</biblStruct>

<biblStruct xml:id="b38">
	<analytic>
		<title level="a" type="main">Hybrid text simplification using synchronous dependency grammars with hand-written and automatically harvested rules</title>
		<author>
			<persName xmlns="http://www.tei-c.org/ns/1.0"><forename type="first">Advaith</forename><surname>Siddharthan</surname></persName>
		</author>
		<author>
			<persName xmlns="http://www.tei-c.org/ns/1.0"><forename type="first">M</forename><forename type="middle">A</forename><surname>Angrosh</surname></persName>
		</author>
		<ptr target="http://aclweb.org/anthology/E/E14/E14-1076.pdf" />
	</analytic>
	<monogr>
		<title level="m">Proc. of EACL&apos;14</title>
		<meeting>of EACL&apos;14</meeting>
		<imprint>
			<date type="published" when="2014" />
			<biblScope unit="page" from="722" to="731" />
		</imprint>
	</monogr>
</biblStruct>

<biblStruct xml:id="b39">
	<analytic>
		<title level="a" type="main">Fluency, adequacy, or HTER? Exploring different human judgments with a tunable MT metric</title>
		<author>
			<persName xmlns="http://www.tei-c.org/ns/1.0"><forename type="first">Matthew</forename><surname>Snover</surname></persName>
		</author>
		<author>
			<persName xmlns="http://www.tei-c.org/ns/1.0"><forename type="first">Nitin</forename><surname>Madnani</surname></persName>
		</author>
		<author>
			<persName xmlns="http://www.tei-c.org/ns/1.0"><forename type="first">Bonnie</forename><forename type="middle">J</forename><surname>Dorr</surname></persName>
		</author>
		<author>
			<persName xmlns="http://www.tei-c.org/ns/1.0"><forename type="first">Richard</forename><surname>Schwartz</surname></persName>
		</author>
		<ptr target="http://www.aclweb.org/anthology/W09-0441" />
	</analytic>
	<monogr>
		<title level="m">Proc. of WMT&apos;09</title>
		<meeting>of WMT&apos;09</meeting>
		<imprint>
			<date type="published" when="2009" />
			<biblScope unit="page" from="85" to="91" />
		</imprint>
	</monogr>
</biblStruct>

<biblStruct xml:id="b40">
	<analytic>
		<title level="a" type="main">Conceptual annotations preserve structure across translations</title>
		<author>
			<persName xmlns="http://www.tei-c.org/ns/1.0"><forename type="first">Elior</forename><surname>Sulem</surname></persName>
		</author>
		<author>
			<persName xmlns="http://www.tei-c.org/ns/1.0"><forename type="first">Omri</forename><surname>Abend</surname></persName>
		</author>
		<author>
			<persName xmlns="http://www.tei-c.org/ns/1.0"><forename type="first">Ari</forename><surname>Rappoport</surname></persName>
		</author>
		<ptr target="http://aclweb.org/anthology/W/W15/W15-3502.pdf" />
	</analytic>
	<monogr>
		<title level="m">Proc. of 1st Workshop on Semantics-Driven Statistical Machine Translation</title>
		<meeting>of 1st Workshop on Semantics-Driven Statistical Machine Translation</meeting>
		<imprint>
			<date type="published" when="2015" />
			<biblScope unit="page" from="11" to="22" />
		</imprint>
	</monogr>
</biblStruct>

<biblStruct xml:id="b41">
	<monogr>
		<title level="m" type="main">Back to basics for monolingual alignment: Exploiting word similarity and contextual evidence</title>
		<author>
			<persName xmlns="http://www.tei-c.org/ns/1.0"><forename type="first">Steven</forename><surname>Md Arafat Sultan</surname></persName>
		</author>
		<author>
			<persName xmlns="http://www.tei-c.org/ns/1.0"><forename type="first">Tamara</forename><surname>Bethard</surname></persName>
		</author>
		<author>
			<persName xmlns="http://www.tei-c.org/ns/1.0"><surname>Sumner</surname></persName>
		</author>
		<ptr target="http://aclweb.org/anthology/Q/Q14/Q14-1018.pdf" />
		<imprint>
			<date type="published" when="2014" />
			<biblScope unit="volume">2</biblScope>
			<biblScope unit="page" from="219" to="230" />
		</imprint>
	</monogr>
</biblStruct>

<biblStruct xml:id="b42">
	<analytic>
		<title level="a" type="main">Joint learning of a dual SMT system for paraphrase generation</title>
		<author>
			<persName xmlns="http://www.tei-c.org/ns/1.0"><forename type="first">Hong</forename><surname>Sun</surname></persName>
		</author>
		<author>
			<persName xmlns="http://www.tei-c.org/ns/1.0"><forename type="first">Ming</forename><surname>Zhou</surname></persName>
		</author>
		<ptr target="http://aclweb.org/anthology/P/P12/P12-2008.pdf" />
	</analytic>
	<monogr>
		<title level="m">Proc. of ACL&apos;12</title>
		<meeting>of ACL&apos;12</meeting>
		<imprint>
			<date type="published" when="2012" />
			<biblScope unit="page" from="38" to="42" />
		</imprint>
	</monogr>
</biblStruct>

<biblStruct xml:id="b43">
	<analytic>
		<title level="a" type="main">A dataset and evaluation metrics for abstractive compression of sentences and short paragraphs</title>
		<author>
			<persName xmlns="http://www.tei-c.org/ns/1.0"><forename type="first">Kristina</forename><surname>Toutanova</surname></persName>
		</author>
		<author>
			<persName xmlns="http://www.tei-c.org/ns/1.0"><forename type="first">Chris</forename><surname>Brockett</surname></persName>
		</author>
		<author>
			<persName xmlns="http://www.tei-c.org/ns/1.0"><forename type="first">Ke</forename><forename type="middle">M</forename><surname>Tran</surname></persName>
		</author>
		<author>
			<persName xmlns="http://www.tei-c.org/ns/1.0"><forename type="first">Saleema</forename><surname>Amershi</surname></persName>
		</author>
		<ptr target="http://aclweb.org/anthology/D/D16/D16-1033.pdf" />
	</analytic>
	<monogr>
		<title level="m">Proc. of EMNLP&apos;16</title>
		<meeting>of EMNLP&apos;16</meeting>
		<imprint>
			<date type="published" when="2016" />
			<biblScope unit="page" from="340" to="350" />
		</imprint>
	</monogr>
</biblStruct>

<biblStruct xml:id="b44">
	<analytic>
		<title level="a" type="main">A deeper exploration of the standard PB-SMT approach to text simplification and its evaluation</title>
		<author>
			<persName xmlns="http://www.tei-c.org/ns/1.0"><forename type="first">Hannah</forename><surname>Sanjaštajner</surname></persName>
		</author>
		<author>
			<persName xmlns="http://www.tei-c.org/ns/1.0"><forename type="first">Horacio</forename><surname>Bechara</surname></persName>
		</author>
		<author>
			<persName xmlns="http://www.tei-c.org/ns/1.0"><surname>Saggion</surname></persName>
		</author>
		<ptr target="http://aclweb.org/anthology/P/P15/P15-2135.pdf" />
	</analytic>
	<monogr>
		<title level="m">Proc. of ACL&apos;15</title>
		<meeting>of ACL&apos;15</meeting>
		<imprint>
			<date type="published" when="2015" />
			<biblScope unit="page" from="823" to="828" />
		</imprint>
	</monogr>
	<note>Short papers</note>
</biblStruct>

<biblStruct xml:id="b45">
	<analytic>
		<title level="a" type="main">One step closer to automatic evaluation of text simplification systems</title>
		<author>
			<persName xmlns="http://www.tei-c.org/ns/1.0"><forename type="first">Ruslan</forename><surname>Sanjaštajner</surname></persName>
		</author>
		<author>
			<persName xmlns="http://www.tei-c.org/ns/1.0"><forename type="first">Horacio</forename><surname>Mitkov</surname></persName>
		</author>
		<author>
			<persName xmlns="http://www.tei-c.org/ns/1.0"><surname>Saggion</surname></persName>
		</author>
		<ptr target="http://www.aclweb.org/anthology/W14-1201" />
	</analytic>
	<monogr>
		<title level="m">Proc. of the 3rd Workshop on Predicting and Improving Text Readability for Target Reader Populations pages 1-10</title>
		<meeting>of the 3rd Workshop on Predicting and Improving Text Readability for Target Reader Populations pages 1-10</meeting>
		<imprint>
			<date type="published" when="2014" />
		</imprint>
	</monogr>
</biblStruct>

<biblStruct xml:id="b46">
	<analytic>
		<title level="a" type="main">Shared task on quality assessment for text simplification</title>
		<author>
			<persName xmlns="http://www.tei-c.org/ns/1.0"><forename type="first">Maja</forename><surname>Sanjaštajner</surname></persName>
		</author>
		<author>
			<persName xmlns="http://www.tei-c.org/ns/1.0"><forename type="first">Horacio</forename><surname>Popović</surname></persName>
		</author>
		<author>
			<persName xmlns="http://www.tei-c.org/ns/1.0"><forename type="first">Lucia</forename><surname>Saggion</surname></persName>
		</author>
		<author>
			<persName xmlns="http://www.tei-c.org/ns/1.0"><forename type="first">Mark</forename><surname>Specia</surname></persName>
		</author>
		<author>
			<persName xmlns="http://www.tei-c.org/ns/1.0"><surname>Fishel</surname></persName>
		</author>
	</analytic>
	<monogr>
		<title level="m">Workshop on Quality Assessment for Text Simplification (QATS)</title>
		<imprint>
			<date type="published" when="2016" />
		</imprint>
	</monogr>
</biblStruct>

<biblStruct xml:id="b47">
	<analytic>
		<title level="a" type="main">Learning to simplify sentences with quasi-synchronous grammar and integer programming</title>
		<author>
			<persName xmlns="http://www.tei-c.org/ns/1.0"><forename type="first">Kristian</forename><surname>Woodsend</surname></persName>
		</author>
		<author>
			<persName xmlns="http://www.tei-c.org/ns/1.0"><forename type="first">Mirella</forename><surname>Lapata</surname></persName>
		</author>
		<ptr target="http://aclweb.org/anthology/D/D11/D11-1038.pdf" />
	</analytic>
	<monogr>
		<title level="m">Proc. of EMNLP&apos;11</title>
		<meeting>of EMNLP&apos;11</meeting>
		<imprint>
			<date type="published" when="2011" />
			<biblScope unit="page" from="409" to="420" />
		</imprint>
	</monogr>
</biblStruct>

<biblStruct xml:id="b48">
	<analytic>
		<title level="a" type="main">Sentence simplification by monolingual machine translation</title>
		<author>
			<persName xmlns="http://www.tei-c.org/ns/1.0"><surname>Sander Wubben</surname></persName>
		</author>
		<author>
			<persName xmlns="http://www.tei-c.org/ns/1.0"><surname>Van Den</surname></persName>
		</author>
		<author>
			<persName xmlns="http://www.tei-c.org/ns/1.0"><forename type="first">Emiel</forename><surname>Bosch</surname></persName>
		</author>
		<author>
			<persName xmlns="http://www.tei-c.org/ns/1.0"><surname>Krahmer</surname></persName>
		</author>
		<ptr target="http://aclweb.org/anthology/P/P12/P12-1107.pdf" />
	</analytic>
	<monogr>
		<title level="m">Proc. of ACL&apos;12</title>
		<meeting>of ACL&apos;12</meeting>
		<imprint>
			<date type="published" when="2012" />
			<biblScope unit="page" from="1015" to="1024" />
		</imprint>
	</monogr>
</biblStruct>

<biblStruct xml:id="b49">
	<analytic>
		<title level="a" type="main">Problems in current text simplification research: new data can help</title>
		<author>
			<persName xmlns="http://www.tei-c.org/ns/1.0"><forename type="first">Wei</forename><surname>Xu</surname></persName>
		</author>
		<author>
			<persName xmlns="http://www.tei-c.org/ns/1.0"><forename type="first">Chris</forename><surname>Callison-Burch</surname></persName>
		</author>
		<author>
			<persName xmlns="http://www.tei-c.org/ns/1.0"><forename type="first">Courtney</forename><surname>Napoles</surname></persName>
		</author>
	</analytic>
	<monogr>
		<title level="j">TACL</title>
		<imprint>
			<biblScope unit="volume">3</biblScope>
			<biblScope unit="page">283</biblScope>
			<date type="published" when="2015" />
		</imprint>
	</monogr>
</biblStruct>

<biblStruct xml:id="b50">
	<analytic>
		<title level="a" type="main">Optimizing statistical machine translation for text simplification</title>
		<author>
			<persName xmlns="http://www.tei-c.org/ns/1.0"><forename type="first">Wei</forename><surname>Xu</surname></persName>
		</author>
		<author>
			<persName xmlns="http://www.tei-c.org/ns/1.0"><forename type="first">Courtney</forename><surname>Napoles</surname></persName>
		</author>
		<author>
			<persName xmlns="http://www.tei-c.org/ns/1.0"><forename type="first">Ellie</forename><surname>Pavlick</surname></persName>
		</author>
		<author>
			<persName xmlns="http://www.tei-c.org/ns/1.0"><forename type="first">Quanze</forename><surname>Chen</surname></persName>
		</author>
		<author>
			<persName xmlns="http://www.tei-c.org/ns/1.0"><forename type="first">Chris</forename><surname>Callison-Burch</surname></persName>
		</author>
		<ptr target="http://aclweb.org/anthology/Q/Q16/Q16-1029.pdf" />
	</analytic>
	<monogr>
		<title level="j">TACL</title>
		<imprint>
			<biblScope unit="volume">4</biblScope>
			<biblScope unit="page" from="401" to="415" />
			<date type="published" when="2016" />
		</imprint>
	</monogr>
</biblStruct>

<biblStruct xml:id="b51">
	<analytic>
		<title level="a" type="main">A monolingual tree-based translation model for sentence simplification</title>
		<author>
			<persName xmlns="http://www.tei-c.org/ns/1.0"><forename type="first">Zhemin</forename><surname>Zhu</surname></persName>
		</author>
		<author>
			<persName xmlns="http://www.tei-c.org/ns/1.0"><forename type="first">Delphine</forename><surname>Bernhard</surname></persName>
		</author>
		<author>
			<persName xmlns="http://www.tei-c.org/ns/1.0"><forename type="first">Iryna</forename><surname>Gurevych</surname></persName>
		</author>
		<ptr target="http://aclweb.org/anthology/C/C10/C10-1152.pdf" />
	</analytic>
	<monogr>
		<title level="m">Proc. of COL-ING&apos;10</title>
		<meeting>of COL-ING&apos;10</meeting>
		<imprint>
			<date type="published" when="2010" />
			<biblScope unit="page" from="1353" to="1361" />
		</imprint>
	</monogr>
</biblStruct>

				</listBibl>
			</div>
		</back>
	</text>
</TEI>
