<?xml version="1.0" encoding="UTF-8"?>
<TEI xml:space="preserve" xmlns="http://www.tei-c.org/ns/1.0" 
xmlns:xsi="http://www.w3.org/2001/XMLSchema-instance" 
xsi:schemaLocation="http://www.tei-c.org/ns/1.0 /home/varun/Desktop/NLP/Projects/grobid-0.5.6/grobid-home/schemas/xsd/Grobid.xsd"
 xmlns:xlink="http://www.w3.org/1999/xlink">
	<teiHeader xml:lang="en">
		<fileDesc>
			<titleStmt>
				<title level="a" type="main">Representation Learning Using Multi-Task Deep Neural Networks for Semantic Classification and Information Retrieval</title>
			</titleStmt>
			<publicationStmt>
				<publisher>Association for Computational Linguistics</publisher>
				<availability status="unknown"><p>Copyright Association for Computational Linguistics</p>
				</availability>
				<date>May 31 -June 5, 2015. 2015</date>
			</publicationStmt>
			<sourceDesc>
				<biblStruct>
					<analytic>
						<author>
							<persName xmlns="http://www.tei-c.org/ns/1.0"><forename type="first">Xiaodong</forename><surname>Liu</surname></persName>
							<email>xiaodong-l@is.naist.jp</email>
						</author>
						<author>
							<persName xmlns="http://www.tei-c.org/ns/1.0"><forename type="first">Jianfeng</forename><surname>Gao</surname></persName>
							<affiliation key="aff1">
								<orgName type="institution">Microsoft Research</orgName>
								<address>
									<addrLine>One Microsoft Way</addrLine>
									<postCode>98052</postCode>
									<settlement>Redmond</settlement>
									<region>WA</region>
									<country key="US">USA</country>
								</address>
							</affiliation>
						</author>
						<author>
							<persName xmlns="http://www.tei-c.org/ns/1.0"><forename type="first">Xiaodong</forename><surname>He</surname></persName>
							<affiliation key="aff1">
								<orgName type="institution">Microsoft Research</orgName>
								<address>
									<addrLine>One Microsoft Way</addrLine>
									<postCode>98052</postCode>
									<settlement>Redmond</settlement>
									<region>WA</region>
									<country key="US">USA</country>
								</address>
							</affiliation>
						</author>
						<author>
							<persName xmlns="http://www.tei-c.org/ns/1.0"><forename type="first">Li</forename><surname>Deng</surname></persName>
							<email>deng@microsoft.com</email>
							<affiliation key="aff1">
								<orgName type="institution">Microsoft Research</orgName>
								<address>
									<addrLine>One Microsoft Way</addrLine>
									<postCode>98052</postCode>
									<settlement>Redmond</settlement>
									<region>WA</region>
									<country key="US">USA</country>
								</address>
							</affiliation>
						</author>
						<author>
							<persName xmlns="http://www.tei-c.org/ns/1.0"><forename type="first">Kevin</forename><surname>Duh</surname></persName>
							<email>kevinduh@is.naist.jp</email>
						</author>
						<author>
							<persName xmlns="http://www.tei-c.org/ns/1.0"><forename type="first">Ye-Yi</forename><surname>Wang</surname></persName>
							<email>yeyiwang@microsoft.com</email>
							<affiliation key="aff1">
								<orgName type="institution">Microsoft Research</orgName>
								<address>
									<addrLine>One Microsoft Way</addrLine>
									<postCode>98052</postCode>
									<settlement>Redmond</settlement>
									<region>WA</region>
									<country key="US">USA</country>
								</address>
							</affiliation>
						</author>
						<author>
							<persName xmlns="http://www.tei-c.org/ns/1.0"><forename type="first">Nara</forename></persName>
						</author>
						<author>
							<affiliation key="aff0">
								<orgName type="department">Institute of Science and Technology</orgName>
								<address>
									<postCode>8916-5, 630-0192</postCode>
									<settlement>Takayama, Ikoma</settlement>
									<region>Nara</region>
									<country key="JP">Japan</country>
								</address>
							</affiliation>
						</author>
						<title level="a" type="main">Representation Learning Using Multi-Task Deep Neural Networks for Semantic Classification and Information Retrieval</title>
					</analytic>
					<monogr>
						<title level="m">Human Language Technologies: The 2015 Annual Conference of the North American Chapter of the ACL</title>
						<meeting> <address><addrLine>Denver, Colorado</addrLine></address>
						</meeting>
						<imprint>
							<publisher>Association for Computational Linguistics</publisher>
							<biblScope unit="page" from="912" to="921"/>
							<date type="published">May 31 -June 5, 2015. 2015</date>
						</imprint>
					</monogr>
				</biblStruct>
			</sourceDesc>
		</fileDesc>

		<encodingDesc>
			<appInfo>
				<application version="0.5.6" ident="GROBID" when="2020-04-20T14:51+0000">
					<ref target="https://github.com/kermitt2/grobid">GROBID - A machine learning software for extracting information from scholarly documents</ref>
				</application>
			</appInfo>
		</encodingDesc>		<profileDesc>
			<abstract>
<div xmlns="http://www.tei-c.org/ns/1.0"><head>Methods of deep neural networks (DNNs)</head><p>have recently demonstrated superior performance on a number of natural language processing tasks. However, in most previous work, the models are learned based on either unsupervised objectives, which does not directly optimize the desired task, or singletask supervised objectives, which often suffer from insufficient training data. We develop a multi-task DNN for learning representations across multiple tasks, not only leveraging large amounts of cross-task data, but also benefiting from a regularization effect that leads to more general representations to help tasks in new domains. Our multi-task DNN approach combines tasks of multiple-domain classification (for query classification) and information retrieval (ranking for web search), and demonstrates significant gains over strong baselines in a comprehensive set of domain adaptation.</p></div>
			</abstract>
		</profileDesc>
	</teiHeader>
	<text xml:lang="en">
		<body>
<div xmlns="http://www.tei-c.org/ns/1.0"><head n="1">Introduction</head><p>Recent advances in deep neural networks (DNNs) have demonstrated the importance of learning vector-space representations of text, e.g., words and sentences, for a number of natural language processing tasks. For example, the study reported in <ref type="bibr" target="#b6">(Collobert et al., 2011</ref>) demonstrated significant accuracy gains in tagging, named entity recognition, and semantic role labeling when using vector space word * This research was conducted during the author's internship at Microsoft Research.</p><p>representations learned from large corpora. Further, since these representations are usually in a lowdimensional vector space, they result in more compact models than those built from surface-form features. A recent successful example is the parser by <ref type="bibr" target="#b5">(Chen and Manning, 2014)</ref>, which is not only accurate but also fast.</p><p>However, existing vector-space representation learning methods are far from optimal. Most previous methods are based on unsupervised objectives such as word prediction for training <ref type="bibr" target="#b25">(Mikolov et al., 2013c;</ref><ref type="bibr" target="#b29">Pennington et al., 2014)</ref>. Other methods use supervised training objectives on a single task, e.g. <ref type="bibr" target="#b33">(Socher et al., 2013)</ref>, and thus are often constrained by limited amounts of training data. Motivated by the success of multi-task learning <ref type="bibr">(Caruana, 1997)</ref>, we propose in this paper a multi-task DNN approach for representation learning that leverages supervised data from many tasks. In addition to the benefit of having more data for training, the use of multi-task also profits from a regularization effect, i.e., reducing overfitting to a specific task, thus making the learned representations universal across tasks.</p><p>Our contributions are of two-folds: First, we propose a multi-task deep neural network for representation learning, in particular focusing on semantic classification (query classification) and semantic information retrieval (ranking for web search) tasks. Our model learns to map arbitrary text queries and documents into semantic vector representations in a low dimensional latent space. While the general concept of multi-task neural nets is not new, our model is novel in that it successfully combines tasks as disparate as operations necessary for classifica-tion or ranking.</p><p>Second, we demonstrate strong results on query classification and web search. Our multi-task representation learning consistently outperforms stateof-the-art baselines. Meanwhile, we show that our model is not only compact but it also enables agile deployment into new domains. This is because the learned representations allow domain adaptation with substantially fewer in-domain labels.</p><p>2 Multi-Task Representation Learning</p></div>
<div xmlns="http://www.tei-c.org/ns/1.0"><head n="2.1">Preliminaries</head><p>Our multi-task model combines classification and ranking tasks. For concreteness, throughout this paper we will use query classification as the classification task and web search as the ranking task. These are important tasks in commercial search engines:</p><p>Query Classification: Given a search query Q, the model classifies in the binary fashion as to whether it belongs to one of the domains of interest. For example, if the query Q is "Denver sushi", the classifier should decide that it belongs to the "Restaurant" domain. Accurate query classification enables a richer personalized user experience, since the search engine can tailor the interface and results. It is however challenging because queries tend to be short <ref type="bibr" target="#b31">(Shen et al., 2006)</ref>. Surface-form word features that are common in traditional document classification problems tend to be too sparse for query classification, so representation learning is a promising solution. In this study, we classify queries into four domains of interest: ("Restaurant", "Hotel", "Flight", "Nightlife"). Note that one query can belong to multiple domains. Therefore, a set of binary classifiers are built, one for each domain, to perform the classification. We frame the problem as four binary classification tasks. Thus, for domain C t , our goal is binary classification based on P (C t | Q) (C t = {0, 1} ). For each domain t, we assume supervised data (Q, y t = {0, 1} with y t as binary labels. <ref type="bibr">1</ref> Web Search: Given a search query Q and a document list L, the model ranks documents in the order of relevance. For example, if the query Q is "Denver sushi", model returns a list of documents that satisfies such information need. Formally, we estimate P (D 1 |Q), P (D 2 |Q), . . . for each document D n and rank according to these probabilities. We assume that supervised data exist; I.e., there is at least one relevant document D n for each query Q.</p></div>
<div xmlns="http://www.tei-c.org/ns/1.0"><head n="2.2">The Proposed Multi-Task DNN Model</head><p>Briefly, our proposed model maps any arbitrary queries Q or documents D into fixed lowdimensional vector representations using DNNs. These vectors can then be used to perform query classification or web search. In contrast to existing representation learning methods which employ either unsupervised or single-task supervised objectives, our model learns these representations using multi-task objectives.</p><p>The architecture of our multi-task DNN model is shown in <ref type="figure">Figure 1</ref>. The lower layers are shared across different tasks, whereas the top layers represent task-specific outputs. Importantly, the input X (either a query or document), initially represented as a bag of words, is mapped to a vector (l 2 ) of dimension 300. This is the shared semantic representation that is trained by our multi-task objectives. In the following, we elaborate the model in detail:</p><p>Word Hash Layer (l 1 ): Traditionally, each word is represented by a one-hot word vector, where the dimensionality of the vector is the vocabulary size. However, due to the large size of vocabulary in realworld tasks, it is very expensive to learn such kind of models. To alleviate this problem, we adopt the word hashing method <ref type="bibr">(Huang et al., 2013)</ref>. We map a one-hot word vector, with an extremely high dimensionality, into a limited letter-trigram space (e.g., with the dimensionality as low as 50k). For example, word cat is hashed as the bag of letter trigram {#-c-a, c-a-t, a-t-#}, where # is a boundary symbol. Word hashing complements the one-hot vector representation in two aspects: 1) out of vocabulary words can be represented by letter-trigram vectors; 2) spelling variations of the same word can be mapped to the points that are close to each other in the letter-trigram space.</p><p>Semantic-Representation Layer (l 2 ): This is a shared representation learned across different tasks. this layer maps the letter-trigram inputs into a 300-X: Bag-of-Words Input (500k) l 1 : Letter 3gram (50k)  <ref type="figure">Figure 1</ref>: Architecture of the Multi-task Deep Neural Network (DNN) for Representation Learning:</p><formula xml:id="formula_0">l 2 : Semantic Representation (300) Q C1 Q C2 Q Sq D Sd 1 D Sd 2 H W 1 W t=C1 2 W t=C1 3 P (C 1 |Q) W t=C2 2 W t=C2 3 P (C 2 |Q) W t=Sq 2 W t=Sd 2 P (D 1 |Q) W t=Sd 2 P (D 2 |Q)</formula><p>The lower layers are shared across all tasks, while top layers are task-specific. The input X (either a query or document, with vocabulary size 500k) is first represented as a bag of words, then hashed into letter 3-grams l 1 . Non-linear projection W 1 generates the shared semantic representation, a vector l 2 (dimension 300) that is trained to capture the essential characteristics of queries and documents. Finally, for each task, additional non-linear projections W t 2 generate task-specific representations l 3 (dimension 128), followed by operations necessary for classification or ranking. dimensional vector by</p><formula xml:id="formula_1">l 2 = f (W 1 · l 1 ) (1) where f (·) is the tanh nonlinear activation f (z) = 1−e −2z</formula><p>1+e −2z . This 50k-by-300 matrix W 1 is responsible for generating the cross-task semantic representation for arbitrary text inputs (e.g., Q or D). Task-Specific Representation (l 3 ): For each task, a nonlinear transformation maps the 300dimension semantic representation l 2 into the 128dimension task-specific representation by</p><formula xml:id="formula_2">l 3 = f (W t 2 · l 2 )<label>(2)</label></formula><p>where, t denotes different tasks (query classification or web search). Query Classification Output:</p><formula xml:id="formula_3">Suppose Q C 1 ≡ l 3 = f (W t=C 1 2 · l 2 )</formula><p>is the 128-dimension taskspecific representation for a query Q. The probability that Q belongs to class C 1 is predicted by a logistic regression, with sigmoid g(z) = 1 1+e −z :</p><formula xml:id="formula_4">P (C 1 |Q) = g(W t=C 1 3 · Q C 1 )<label>(3)</label></formula><p>Web Search Output: For the web search task, both the query Q and the document D are mapped into 128-dimension task-specific representations Q Sq and D S d . Then, the relevance score is</p><formula xml:id="formula_5">Algorithm 1: Training a Multi-task DNN Initialize model Θ : {W 1 , W t 2 , W t 3 } randomly for iteration in 0...∞ do 1.</formula><p>Pick a task t randomly 2. Pick sample(s) from task t (Q, y t = {0, 1}) for query classification (Q, L) for web search 3. Compute loss: L(Θ) L(Θ)=Eq. 5 for query classification L(Θ)=Eq. 6 for web search 4. Compute gradient: ∇(Θ) 5. Update model:</p><formula xml:id="formula_6">Θ = Θ − ∇(Θ) end</formula><p>The task t is one of the query classification tasks or web search task, as shown in <ref type="figure">Figure 1</ref>. For query classification, each training sample includes one query and its category label. For web search, each training sample includes query and document list. computed by cosine similarity as:</p><formula xml:id="formula_7">R(Q, D) = cos(Q Sq , D S d ) = Q Sq · D S d ||Q Sq ||||D S d ||<label>(4)</label></formula></div>
<div xmlns="http://www.tei-c.org/ns/1.0"><head n="2.3">The Training Procedure</head><p>In order to learn the parameters of our model, we use mini-batch-based stochastic gradient descent (SGD) as shown in Algorithm 1. In each iteration, a task t is selected randomly, and the model is updated ac-cording to the task-specific objective. This approximately optimizes the sum of all multi-task objectives. For query classification of class C t , we use the cross-entropy loss as the objective:</p><formula xml:id="formula_8">−{y t ln P (C t |Q) + (1 − y t ) ln(1 − P (C t |Q))} (5)</formula><p>where y t = {0, 1} is the label and the loss is summed over all samples in the mini-batch (1024 samples in experiments). The objective for web search used in this paper follows the pair-wise learning-to-rank paradigm outlined in <ref type="bibr" target="#b4">(Burges et al., 2005)</ref>. Given a query Q, we obtain a list of documents L that includes a clicked document D + (positive sample), and J randomlysampled non-clicked documents {D − j } j=1,.,J . We then minimize the negative log likelihood of the clicked document (defined in Eq. 7) given queries across the training data − log</p><formula xml:id="formula_9">(Q,D + ) P (D + |Q)<label>(6)</label></formula><p>where the probability of a given document D + is computed</p><formula xml:id="formula_10">P (D + |Q) = exp(γR(Q, D + )) D ∈L exp(γR(Q, D ))<label>(7)</label></formula><p>here, γ is a tuning factor determined on held-out data. </p></div>
<div xmlns="http://www.tei-c.org/ns/1.0"><head n="2.4">An Alternative View of the Multi-Task Model</head><p>Our proposed multi-task DNN <ref type="figure">(Figure 1)</ref> can be viewed as a combination of a standard DNN for classification and a Deep Structured Semantic Model (DSSM) for ranking, shown in <ref type="figure" target="#fig_1">Figure 2</ref>. Other ways to merge the models are possible. <ref type="figure" target="#fig_2">Figure 3</ref> shows an alternative multi-task architecture, where only the query part is shared among all tasks and the DSSM retains independent parameters for computing the document representations. This is more similar to the original DSSM. We have attempted training this model using Algorithm 1, but it achieves good results on query classification at the expense of web search. This is likely due to unbalanced updates (i.e. parameters for queries are updated more often than that of documents), and implying that the amount of sharing is an important design choice in multi-task models. 3 Experimental Evaluation</p></div>
<div xmlns="http://www.tei-c.org/ns/1.0"><head n="3.1">Data Sets and Evaluation Metrics</head><p>We employ large-scale, real data sets in our evaluation. See <ref type="table" target="#tab_1">Table 1</ref>   <ref type="bibr" target="#b18">(Järvelin and Kekäläinen, 2000)</ref>.</p></div>
<div xmlns="http://www.tei-c.org/ns/1.0"><head n="3.2">Results on Accuracy</head><p>First, we evaluate whether our model can robustly improve performance, measured as accuracy across multiple tasks. <ref type="table" target="#tab_3">Table 2</ref> summarizes the AUC scores for query classification, comparing the following classifiers:</p><p>• SVM-Word: a SVM model 2 with unigram, bigram and trigram surface-form word features.</p><p>• SVM-Letter: a SVM model with letter trigram features (i.e. l 1 in <ref type="figure">Figure 1</ref> as input to SVM).</p><p>• DNN: single-task deep neural net <ref type="figure" target="#fig_1">(Figure 2</ref>).</p><p>• MT-DNN: our multi-task proposal <ref type="figure">(Figure 1)</ref>. The results show that the proposed MT-DNN performs best in all four domains. Further, we observe:</p><p>1. MT-DNN outperforms DNN, indicating the usefulness of the multi-task objective (that includes web search) over the single-task objective of query classification.</p></div>
<div xmlns="http://www.tei-c.org/ns/1.0"><head n="2.">Both DNN and MT-DNN outperform SVM-</head><p>Letter, which initially uses the same input features (l 1 ). This indicates the importance of learning a semantic representation l 2 on top of these letter trigrams.</p><p>3. Both DNN and MT-DNN outperform a strong SVM-Word baseline, which has a large feature set that consists of 3 billion features.  • DSSM: single-task ranking model ( <ref type="figure" target="#fig_1">Figure 2)</ref> • MT-DNN: our multi-task proposal <ref type="figure">(Figure 1)</ref> Again, we observe that MT-DNN performs best. For example, MT-DNN achieves NDCG@1=0.334, outperforming the current state-of-the-art single-task DSSM (0.327) and the classic methods like PLSA (0.308) and BM25 (0.305). This is a statistically significant improvement (p &lt; 0.05) over DSSM and other baselines.</p><p>To recap, our MT-DNN robustly outperforms strong baselines across all web search and query classification tasks. Further, due to the use of larger training data (from different domains) and the regularization effort as we discussed in Section 1, we confirm the advantage of multi-task models over than single-task ones. 3</p></div>
<div xmlns="http://www.tei-c.org/ns/1.0"><head n="3.3">Results on Model Compactness and Domain Adaptation</head><p>Important criteria for building practical systems are agility of deployment and small memory footprint and fast run-time. Our model satisfies both with  <ref type="bibr" target="#b35">(Zhai and Lafferty, 2001)</ref> 0.304 0.327 0.385 PLSA(Topic=100) <ref type="bibr" target="#b15">(Hofmann, 1999;</ref><ref type="bibr" target="#b11">Gao et al., 2011)</ref> 0.305 0.335 0.402 PLSA(Topic=500) <ref type="bibr" target="#b15">(Hofmann, 1999;</ref><ref type="bibr" target="#b11">Gao et al., 2011)</ref> 0.308 0.337 0.402 Latent Dirichlet Allocation (Topic=100) <ref type="bibr" target="#b1">(Blei et al., 2003)</ref> 0.308 0.339 0.403 Latent Dirichlet Allocation (Topic=500) <ref type="bibr" target="#b1">(Blei et al., 2003)</ref> 0.310 0.339 0.405 Bilingual Topic Model <ref type="bibr" target="#b11">(Gao et al., 2011)</ref> 0.316 0.344 0.410 Word based Machine Translation model <ref type="bibr" target="#b10">(Gao et al., 2010)</ref> 0.315 0.342 0.411 DSSM, J=50 <ref type="figure" target="#fig_1">(Figure 2, (Huang et al., 2013)</ref>) 0.327 0.359 0.432 MT-DNN (Proposed, <ref type="figure" target="#fig_2">Figure 3)</ref> 0.334* 0.363 0.434   <ref type="figure">Figure 1</ref>. SemanticRepresentation is the l 2 layer trained by MT-DNN. Word3gram is input X and Letter3gram is word hash layer (l 1 ), both not trained/adapted. Generally, SemanticRepresentation performs best for small training labels, indicating its usefulness in domain adaptation. Note that the numbers -3.0, -2.0, -1.0 and 0.0 in x-axis denote 0.1, 1, 10 and 100 percent training data in each domain, respectively. high model compactness. The key to the compactness is the aggressive compression from the 500kdimensional bag-of-words input to 300-dimensional semantic representation l 2 . This significantly reduces the memory/run-time requirements compared to systems that rely on surface-form features. The most expensive portion of the model is storage of the 50k-by-300 W 1 and its matrix multiplication with l 1 , which is sparse: this is trivial on modern hardware. Our multi-task DNN takes &lt; 150KB in memory whereas e.g. SVM-Word takes about 200MB.</p><p>Compactness is particularly important for query classification, since one may desire to add new domains after discovering new needs from the query logs of an operational system. On the other hand, it is prohibitively expensive to collect labeled training data for new domains. Very often, we only have very small training data or even no training data.</p><p>To evaluate the models using the above criteria, we perform domain adaptation experiments on query classification using the following procedure:</p><p>(1) Select one query classification task t * . Train MT-DNN on the remaining tasks (including Web Search task) to obtain a semantic representation (l 2 ); (2) Given a fixed l 2 , train an SVM on the training data t * , using varying amounts of labels; (3) Evaluate the AUC on the test data of t * We compare three SVM classifiers trained using different feature representations: (1) Semanti-cRepresentation uses the l 2 features generated according to the above procedure. (2) Word3gram uses unigram, bigram and trigram word features.</p><p>(3) Letter3gram uses letter-trigrams. Note that Word3gram and Letter3gram correspond to SVM-Word and SVM-Letter respectively in <ref type="table" target="#tab_3">Table 2.</ref> The AUC results for different amounts of t * training data are shown in <ref type="figure" target="#fig_3">Figure 4</ref>. In the Hotel, Flight and Restaurant domains, we observe that our semantic representation dominated the other two feature representations (Word3gram and Letter3gram) in all cases except the extremely large-data regime (more than 1 million training samples in domain t * ). Given sufficient labels, SVM is able to train well on Word3gram sparse features, but for most cases Se-manticRepresentation is recommended. <ref type="bibr">4</ref> In a further experiment, we compare the following two DNNs using the same domain adaptation procedure: (1) DNN1: DNN where W 1 is randomly initialized and parameters W 1 , W 2 , W t * 3 are trained on varying amounts of data in t * ; (2) DNN2: DNN where W 1 is obtained from other tasks (i.e. SemanticRepresentation) and fixed, while parameters W 2 , W t * 3 are trained on varying amounts of data in t * . The purpose is to see whether shared semantic representation is useful even under a DNN architecture. <ref type="figure" target="#fig_4">Figure 5</ref> show the AUC results of DNN1 vs. DNN2 (the results SVM denotes the same system as SemanticRepresentation in <ref type="figure" target="#fig_3">Figure  4</ref>, plotted here for reference). We observe that when the training data is extremely large (millions of samples), one does best by training all parameters from scratch (DNN1). Otherwise, one is better off using a shared semantic representation trained by multitask objectives. Comparing DNN2 and SVM with SemanticRepresentation, we note that SVM works best for training data of several thousand samples; DNN2 works best in the medium data range.</p></div>
<div xmlns="http://www.tei-c.org/ns/1.0"><head n="4">Related Work</head><p>There is a large body of work on representation learning for natural language processing, sometimes using different terminologies for similar concepts; e.g., feature generation, dimensionality reduction, and vector space models. The main motivation is similar: to abstract away from surface forms in words, sentences, or documents, in order to alleviate sparsity and approximate semantics. Traditional techniques include LSA <ref type="bibr" target="#b7">(Deerwester et al., 1990)</ref>, ESA <ref type="bibr" target="#b9">(Gabrilovich and Markovitch, 2007)</ref>, PCA <ref type="bibr" target="#b20">(Karhunen, 1998)</ref>, and non-linear kernel variants <ref type="bibr" target="#b30">(Schölkopf et al., 1998)</ref>. Recently, learningbased approaches inspired by neural networks, especially DNNs, have gained in prominence, due to their favorable performance <ref type="bibr">(Huang et al., 2013;</ref><ref type="bibr" target="#b0">Baroni et al., 2014;</ref><ref type="bibr" target="#b26">Milajevs et al., 2014)</ref>.</p><p>Popular methods for learning word representations include <ref type="bibr" target="#b6">(Collobert et al., 2011;</ref><ref type="bibr" target="#b25">Mikolov et al., 2013c;</ref><ref type="bibr" target="#b27">Mnih and Kavukcuoglu, 2013;</ref><ref type="bibr" target="#b29">Pennington et al., 2014)</ref>: all are based on unsupervised objec-tives of predicting words or word frequencies from raw text. End-to-end neural network models for specific tasks (e.g. parsing) often use these word representations as initialization, which are then iteratively improved by optimizing a supervised objective (e.g. parsing accuracy). A selection of successful applications of this approach include sequence labeling <ref type="bibr" target="#b34">(Turian et al., 2010)</ref>, parsing <ref type="bibr" target="#b5">(Chen and Manning, 2014)</ref>, sentiment <ref type="bibr" target="#b33">(Socher et al., 2013)</ref>, question answering <ref type="bibr" target="#b17">(Iyyer et al., 2014)</ref> and translation modeling <ref type="bibr" target="#b12">(Gao et al., 2014a)</ref>.</p><p>Our model takes queries and documents as input, so it learns sentence/document representations. This is currently an open research question, the challenge being how to properly model semantic compositionality of words in vector space <ref type="bibr">(Huang et al., 2013;</ref><ref type="bibr" target="#b22">M. Baroni and Zamparelli, 2013;</ref><ref type="bibr" target="#b33">Socher et al., 2013)</ref>. While we adopt a bag-of-words approach for practical reasons (memory and run-time), our multi-task framework is extensible to other methods for sentence/document representations, such as those based on convolutional networks <ref type="bibr" target="#b19">(Kalchbrenner et al., 2014;</ref><ref type="bibr" target="#b32">Shen et al., 2014;</ref><ref type="bibr" target="#b14">Gao et al., 2014b)</ref>, parse tree structure <ref type="bibr" target="#b16">(Irsoy and Cardie, 2014)</ref>, and run-time inference <ref type="bibr" target="#b21">(Le and Mikolov, 2014)</ref>.</p><p>The synergy between multi-task learning and neural nets is quite natural; the general idea dates back to <ref type="bibr">(Caruana, 1997)</ref>. The main challenge is in designing the tasks and the network structure. For example, <ref type="bibr" target="#b6">(Collobert et al., 2011)</ref> defined part-of-speech tagging, chunking, and named entity recognition as multiple tasks in a single sequence labeler; <ref type="bibr" target="#b2">(Bordes et al., 2012)</ref> defined multiple data sources as tasks in their relation extraction system. While conceptually similar, our model is novel in that it combines tasks as disparate as classification and ranking. Further, considering that multi-task models often exhibit mixed results (i.e. gains in some tasks but degradation in others), our accuracy improvements across all tasks is a very satisfactory result.</p></div>
<div xmlns="http://www.tei-c.org/ns/1.0"><head n="5">Conclusion</head><p>In this work, we propose a robust and practical representation learning algorithm based on multi-task objectives. Our multi-task DNN model successfully combines tasks as disparate as classification and ranking, and the experimental results demon-strate that the model consistently outperforms strong baselines in various query classification and web search tasks. Meanwhile, we demonstrated compactness of the model and the utility of the learned query/document representation for domain adaptation.</p><p>Our model can be viewed as a general method for learning semantic representations beyond the word level. Beyond query classification and web search, we believe there are many other knowledge sources (e.g. sentiment, paraphrase) that can be incorporated either as classification or ranking tasks. A comprehensive exploration will be pursued as future work.</p></div><figure xmlns="http://www.tei-c.org/ns/1.0" xml:id="fig_0"><head></head><label></label><figDesc>Additional training details: (1) Model parameters are initialized with uniform distribution in the range (− 6/(f an in + f an out ), 6/(f an in + f an out )) (Montavon et al., 2012). Empirically, we have not observed better performance by initialization with layer-wise pre-training. (2) Moment methods and AdaGrad training<ref type="bibr" target="#b8">(Duchi et al., 2011)</ref> speed up the convergence speed but gave similar results as plain SGD. The SGD learning rate is fixed at = 0.1/1024. (3) We run Algorithm 1 for 800K iterations, taking 13 hours on an NVidia K20 GPU.</figDesc></figure>
<figure xmlns="http://www.tei-c.org/ns/1.0" xml:id="fig_1"><head>Figure 2 :</head><label>2</label><figDesc>A DNN model for classification and a DSSM model (Huang et al., 2013) for ranking.</figDesc></figure>
<figure xmlns="http://www.tei-c.org/ns/1.0" xml:id="fig_2"><head>Figure 3 :</head><label>3</label><figDesc>An alternative multi-task architecture. Compared withFigure 1, only the query part is shared across tasks here.</figDesc></figure>
<figure xmlns="http://www.tei-c.org/ns/1.0" xml:id="fig_3"><head>Figure 4 :</head><label>4</label><figDesc>Domain Adaption in Query Classification: Comparison of features using SVM classifiers. The X-axis indicates the amount of labeled samples used in training the SVM. Intuitively, the three feature representations correspond to different layers in</figDesc></figure>
<figure xmlns="http://www.tei-c.org/ns/1.0" xml:id="fig_4"><head>Figure 5 :</head><label>5</label><figDesc>Domain Adaptation in Query Classification. Comparison of different DNNs.</figDesc></figure>
<figure xmlns="http://www.tei-c.org/ns/1.0" type="table" xml:id="tab_1" validated="false"><head>Table 1 :</head><label>1</label><figDesc>Statistics of the data sets used in the experiments.</figDesc><table>for statistics. The test data for 
query classification were sampled from one-year log 
files of a commercial search engine with labels (yes 
or no) judged by humans. The test data for web 
search contains 12,071 English queries, where each 
query-document pair has a relevance label manually 
annotated on a 5-level relevance scale: bad, fair, 
</table></figure>
<figure xmlns="http://www.tei-c.org/ns/1.0" type="table" xml:id="tab_2" validated="true"><head>Table 3</head><label>3</label><figDesc>summarizes the NDCG results on web search, comparing the following models:</figDesc><table>System 
Query Classification 
Restaurant Hotel Flight Nightlife 
SVM-Word 
90.91 75.82 91.17 91.27 
SVM-Letter 88.75 69.65 85.51 87.71 
DNN 
97.38 76.81 95.58 93.24 
MT-DNN 
97.57 78.56 96.21 94.20 

</table></figure>
<figure xmlns="http://www.tei-c.org/ns/1.0" type="table" xml:id="tab_3" validated="false"><head>Table 2 :</head><label>2</label><figDesc>Query Classification AUC results.</figDesc><table>• Popular baselines in the web search literature, 
e.g. BM25, Language Model, PLSA 

</table></figure>
<figure xmlns="http://www.tei-c.org/ns/1.0" type="table" xml:id="tab_5" validated="false"><head>Table 3 :</head><label>3</label><figDesc>Web Search NDCG results. Here, * indicates statistical significance improvement compared to the best baseline (DSSM) measured by t-test at p-value of 0.05.</figDesc><table></table></figure>
			<note xmlns="http://www.tei-c.org/ns/1.0" place="foot" n="1">One could frame the problem as a a single multi-class classification task, but our formulation is more practical as it allows adding new domains without retraining existing classifiers. This will be relevant in domain adaptation ( §3.3).</note>
			<note xmlns="http://www.tei-c.org/ns/1.0" place="foot" n="2">In this paper, we use the liblinear to build SVM classifiers and optimize the corresponding parameter C by using 5-fold cross-validation in training data. http://www.csie.ntu.edu.tw/ cjlin/liblinear/</note>
			<note xmlns="http://www.tei-c.org/ns/1.0" place="foot" n="3">We have also trained SVM using Word2Vec<ref type="bibr" target="#b24">(Mikolov et al., 2013b;</ref><ref type="bibr" target="#b23">Mikolov et al., 2013a)</ref> features. Unfortunately, the results are poor at 60-70 AUC, indicating the sub-optimality of unsupervised representation learning objectives for actual prediction tasks. We optimized the Word2Vec features in the SVM baseline by scaling and normalizing as well, but did not observe much improvement.</note>
			<note xmlns="http://www.tei-c.org/ns/1.0" place="foot" n="4">The trends differ slightly in the Nightlife domain. We believe this may be due to data bias on test data (only 298 samples).</note>
		</body>
		<back>

			<div type="acknowledgement">
<div xmlns="http://www.tei-c.org/ns/1.0"><head>Acknowledgments</head><p>We thank Xiaolong Li, Yelong Shen, Xinying Song, Jianshu Chen, Byungki Byun, Bin Cao and the anonymous reviewers for valuable discussions and comments.</p></div>
			</div>

			<div type="references">

				<listBibl>

<biblStruct xml:id="b0">
	<analytic>
		<title level="a" type="main">Don&apos;t count, predict! a systematic comparison of context-counting vs. context-predicting semantic vectors</title>
		<author>
			<persName xmlns="http://www.tei-c.org/ns/1.0"><forename type="first">Marco</forename><surname>Baroni</surname></persName>
		</author>
		<author>
			<persName xmlns="http://www.tei-c.org/ns/1.0"><forename type="first">Georgiana</forename><surname>Dinu</surname></persName>
		</author>
		<author>
			<persName xmlns="http://www.tei-c.org/ns/1.0"><forename type="first">Germán</forename><surname>Kruszewski</surname></persName>
		</author>
	</analytic>
	<monogr>
		<title level="m">Proceedings of the 52nd Annual Meeting of the Association for Computational Linguistics</title>
		<meeting>the 52nd Annual Meeting of the Association for Computational Linguistics<address><addrLine>Baltimore, Maryland</addrLine></address></meeting>
		<imprint>
			<publisher>Long Papers</publisher>
			<date type="published" when="2014-06" />
			<biblScope unit="volume">1</biblScope>
			<biblScope unit="page" from="238" to="247" />
		</imprint>
	</monogr>
	<note>Association for Computational Linguistics</note>
</biblStruct>

<biblStruct xml:id="b1">
	<analytic>
		<title/>
		<author>
			<persName xmlns="http://www.tei-c.org/ns/1.0"><forename type="first">M</forename><surname>David</surname></persName>
		</author>
		<author>
			<persName xmlns="http://www.tei-c.org/ns/1.0"><surname>Blei</surname></persName>
		</author>
		<author>
			<persName xmlns="http://www.tei-c.org/ns/1.0"><forename type="first">Y</forename><surname>Andrew</surname></persName>
		</author>
		<author>
			<persName xmlns="http://www.tei-c.org/ns/1.0"><forename type="first">Michael I Jordan</forename><surname>Ng</surname></persName>
		</author>
	</analytic>
	<monogr>
		<title level="j">Latent dirichlet allocation. the Journal of machine Learning research</title>
		<imprint>
			<biblScope unit="volume">3</biblScope>
			<biblScope unit="page" from="993" to="1022" />
			<date type="published" when="2003" />
		</imprint>
	</monogr>
</biblStruct>

<biblStruct xml:id="b2">
	<analytic>
		<title level="a" type="main">Joint learning of words and meaning representations for open-text semantic parsing</title>
		<author>
			<persName xmlns="http://www.tei-c.org/ns/1.0"><forename type="first">Antoine</forename><surname>Bordes</surname></persName>
		</author>
		<author>
			<persName xmlns="http://www.tei-c.org/ns/1.0"><forename type="first">Xavier</forename><surname>Glorot</surname></persName>
		</author>
		<author>
			<persName xmlns="http://www.tei-c.org/ns/1.0"><forename type="first">Jason</forename><surname>Weston</surname></persName>
		</author>
		<author>
			<persName xmlns="http://www.tei-c.org/ns/1.0"><forename type="first">Yoshua</forename><surname>Bengio</surname></persName>
		</author>
	</analytic>
	<monogr>
		<title level="m">AISTATS</title>
		<imprint>
			<date type="published" when="2012" />
		</imprint>
	</monogr>
</biblStruct>

<biblStruct xml:id="b3">
	<monogr>
		<title level="m" type="main">The use of the area under the roc curve in the evaluation of machine learning algorithms. Pattern recognition</title>
		<author>
			<persName xmlns="http://www.tei-c.org/ns/1.0"><forename type="first">P</forename><surname>Andrew</surname></persName>
		</author>
		<author>
			<persName xmlns="http://www.tei-c.org/ns/1.0"><surname>Bradley</surname></persName>
		</author>
		<imprint>
			<date type="published" when="1997" />
			<biblScope unit="volume">30</biblScope>
			<biblScope unit="page" from="1145" to="1159" />
		</imprint>
	</monogr>
</biblStruct>

<biblStruct xml:id="b4">
	<analytic>
		<title level="a" type="main">Learning to rank using gradient descent</title>
		<author>
			<persName xmlns="http://www.tei-c.org/ns/1.0"><forename type="first">Chris</forename><surname>Burges</surname></persName>
		</author>
		<author>
			<persName xmlns="http://www.tei-c.org/ns/1.0"><forename type="first">Tal</forename><surname>Shaked</surname></persName>
		</author>
		<author>
			<persName xmlns="http://www.tei-c.org/ns/1.0"><forename type="first">Erin</forename><surname>Renshaw</surname></persName>
		</author>
		<author>
			<persName xmlns="http://www.tei-c.org/ns/1.0"><forename type="first">Ari</forename><surname>Lazier</surname></persName>
		</author>
		<author>
			<persName xmlns="http://www.tei-c.org/ns/1.0"><forename type="first">Matt</forename><surname>Deeds</surname></persName>
		</author>
		<author>
			<persName xmlns="http://www.tei-c.org/ns/1.0"><forename type="first">Nicole</forename><surname>Hamilton</surname></persName>
		</author>
		<author>
			<persName xmlns="http://www.tei-c.org/ns/1.0"><forename type="first">Greg</forename><surname>Hullender</surname></persName>
		</author>
	</analytic>
	<monogr>
		<title level="m">Proceedings of the 22nd international conference on Machine learning</title>
		<meeting>the 22nd international conference on Machine learning</meeting>
		<imprint>
			<date type="published" when="1997" />
			<biblScope unit="page">28</biblScope>
		</imprint>
	</monogr>
	<note>Multitask learning. Machine Learning</note>
</biblStruct>

<biblStruct xml:id="b5">
	<analytic>
		<title level="a" type="main">A fast and accurate dependency parser using neural networks</title>
		<author>
			<persName xmlns="http://www.tei-c.org/ns/1.0"><forename type="first">Danqi</forename><surname>Chen</surname></persName>
		</author>
		<author>
			<persName xmlns="http://www.tei-c.org/ns/1.0"><forename type="first">Christopher</forename><surname>Manning</surname></persName>
		</author>
	</analytic>
	<monogr>
		<title level="m">Proceedings of the 2014 Conference on Empirical Methods in Natural Language Processing (EMNLP)</title>
		<meeting>the 2014 Conference on Empirical Methods in Natural Language Processing (EMNLP)<address><addrLine>Doha, Qatar</addrLine></address></meeting>
		<imprint>
			<publisher>Association for Computational Linguistics</publisher>
			<date type="published" when="2014-10" />
			<biblScope unit="page" from="740" to="750" />
		</imprint>
	</monogr>
</biblStruct>

<biblStruct xml:id="b6">
	<analytic>
		<title level="a" type="main">Natural language processing (almost) from scratch</title>
		<author>
			<persName xmlns="http://www.tei-c.org/ns/1.0"><forename type="first">R</forename><surname>Collobert</surname></persName>
		</author>
		<author>
			<persName xmlns="http://www.tei-c.org/ns/1.0"><forename type="first">J</forename><surname>Weston</surname></persName>
		</author>
		<author>
			<persName xmlns="http://www.tei-c.org/ns/1.0"><forename type="first">L</forename><surname>Bottou</surname></persName>
		</author>
		<author>
			<persName xmlns="http://www.tei-c.org/ns/1.0"><forename type="first">M</forename><surname>Karlen</surname></persName>
		</author>
		<author>
			<persName xmlns="http://www.tei-c.org/ns/1.0"><forename type="first">K</forename><surname>Kavukcuoglu</surname></persName>
		</author>
		<author>
			<persName xmlns="http://www.tei-c.org/ns/1.0"><forename type="first">P</forename><surname>Kuksa</surname></persName>
		</author>
	</analytic>
	<monogr>
		<title level="j">Journal of Machine Learning Research</title>
		<imprint>
			<biblScope unit="volume">12</biblScope>
			<biblScope unit="page" from="2493" to="2537" />
			<date type="published" when="2011" />
		</imprint>
	</monogr>
</biblStruct>

<biblStruct xml:id="b7">
	<analytic>
		<title level="a" type="main">Indexing by latent semantic analysis</title>
		<author>
			<persName xmlns="http://www.tei-c.org/ns/1.0"><forename type="first">Scott</forename><surname>Deerwester</surname></persName>
		</author>
		<author>
			<persName xmlns="http://www.tei-c.org/ns/1.0"><forename type="first">Susan</forename><forename type="middle">T</forename><surname>Dumais</surname></persName>
		</author>
		<author>
			<persName xmlns="http://www.tei-c.org/ns/1.0"><forename type="first">George</forename><forename type="middle">W</forename><surname>Furnas</surname></persName>
		</author>
		<author>
			<persName xmlns="http://www.tei-c.org/ns/1.0"><forename type="first">Thomas</forename><forename type="middle">K</forename><surname>Landauer</surname></persName>
		</author>
		<author>
			<persName xmlns="http://www.tei-c.org/ns/1.0"><forename type="first">Richard</forename><surname>Harshman</surname></persName>
		</author>
	</analytic>
	<monogr>
		<title level="j">Journal of the American Society for Information Science</title>
		<imprint>
			<biblScope unit="issue">6</biblScope>
			<biblScope unit="page">41</biblScope>
			<date type="published" when="1990" />
		</imprint>
	</monogr>
</biblStruct>

<biblStruct xml:id="b8">
	<analytic>
		<title level="a" type="main">Adaptive subgradient methods for online learning and stochastic optimization</title>
		<author>
			<persName xmlns="http://www.tei-c.org/ns/1.0"><forename type="first">John</forename><surname>Duchi</surname></persName>
		</author>
		<author>
			<persName xmlns="http://www.tei-c.org/ns/1.0"><forename type="first">Elad</forename><surname>Hazan</surname></persName>
		</author>
		<author>
			<persName xmlns="http://www.tei-c.org/ns/1.0"><forename type="first">Yoram</forename><surname>Singer</surname></persName>
		</author>
	</analytic>
	<monogr>
		<title level="j">The Journal of Machine Learning Research</title>
		<imprint>
			<biblScope unit="volume">12</biblScope>
			<biblScope unit="page" from="2121" to="2159" />
			<date type="published" when="2011" />
		</imprint>
	</monogr>
</biblStruct>

<biblStruct xml:id="b9">
	<analytic>
		<title level="a" type="main">Computing semantic relatedness using wikipedia-based explicit semantic analysis</title>
		<author>
			<persName xmlns="http://www.tei-c.org/ns/1.0"><forename type="first">E</forename><surname>Gabrilovich</surname></persName>
		</author>
		<author>
			<persName xmlns="http://www.tei-c.org/ns/1.0"><forename type="first">S</forename><surname>Markovitch</surname></persName>
		</author>
	</analytic>
	<monogr>
		<title level="m">IJCAI</title>
		<imprint>
			<date type="published" when="2007" />
		</imprint>
	</monogr>
</biblStruct>

<biblStruct xml:id="b10">
	<analytic>
		<title level="a" type="main">Clickthrough-based translation models for web search: from word models to phrase models</title>
		<author>
			<persName xmlns="http://www.tei-c.org/ns/1.0"><forename type="first">Jianfeng</forename><surname>Gao</surname></persName>
		</author>
		<author>
			<persName xmlns="http://www.tei-c.org/ns/1.0"><forename type="first">Xiaodong</forename><surname>He</surname></persName>
		</author>
		<author>
			<persName xmlns="http://www.tei-c.org/ns/1.0"><forename type="first">Jian-Yun</forename><surname>Nie</surname></persName>
		</author>
	</analytic>
	<monogr>
		<title level="m">Proceedings of the 19th ACM international conference on Information and knowledge management</title>
		<meeting>the 19th ACM international conference on Information and knowledge management</meeting>
		<imprint>
			<publisher>ACM</publisher>
			<date type="published" when="2010" />
			<biblScope unit="page" from="1139" to="1148" />
		</imprint>
	</monogr>
</biblStruct>

<biblStruct xml:id="b11">
	<analytic>
		<title level="a" type="main">Clickthrough-based latent semantic models for web search</title>
		<author>
			<persName xmlns="http://www.tei-c.org/ns/1.0"><forename type="first">Jianfeng</forename><surname>Gao</surname></persName>
		</author>
		<author>
			<persName xmlns="http://www.tei-c.org/ns/1.0"><forename type="first">Kristina</forename><surname>Toutanova</surname></persName>
		</author>
		<author>
			<persName xmlns="http://www.tei-c.org/ns/1.0"><forename type="first">Wen-Tau</forename><surname>Yih</surname></persName>
		</author>
	</analytic>
	<monogr>
		<title level="m">Proceedings of the 34th international ACM SIGIR conference on Research and development in Information Retrieval</title>
		<meeting>the 34th international ACM SIGIR conference on Research and development in Information Retrieval</meeting>
		<imprint>
			<publisher>ACM</publisher>
			<date type="published" when="2011" />
			<biblScope unit="page" from="675" to="684" />
		</imprint>
	</monogr>
</biblStruct>

<biblStruct xml:id="b12">
	<analytic>
		<title level="a" type="main">Learning continuous phrase representations for translation modeling</title>
		<author>
			<persName xmlns="http://www.tei-c.org/ns/1.0"><forename type="first">Jianfeng</forename><surname>Gao</surname></persName>
		</author>
		<author>
			<persName xmlns="http://www.tei-c.org/ns/1.0"><forename type="first">Xiaodong</forename><surname>He</surname></persName>
		</author>
		<author>
			<persName xmlns="http://www.tei-c.org/ns/1.0"><forename type="first">Yih</forename><surname>Wen-Tau</surname></persName>
		</author>
		<author>
			<persName xmlns="http://www.tei-c.org/ns/1.0"><forename type="first">Li</forename><surname>Deng</surname></persName>
		</author>
	</analytic>
	<monogr>
		<title level="m">Proceedings of the 52nd</title>
		<meeting>the 52nd</meeting>
		<imprint>
			<date type="published" when="2014" />
		</imprint>
	</monogr>
</biblStruct>

<biblStruct xml:id="b13">
	<monogr>
				<title level="m">Annual Meeting of the Association for Computational Linguistics</title>
		<meeting><address><addrLine>Baltimore, Maryland</addrLine></address></meeting>
		<imprint>
			<biblScope unit="volume">1</biblScope>
			<biblScope unit="page" from="699" to="709" />
		</imprint>
	</monogr>
	<note>Association for Computational Linguistics</note>
</biblStruct>

<biblStruct xml:id="b14">
	<analytic>
		<title level="a" type="main">Modeling interestingness with deep neural networks</title>
		<author>
			<persName xmlns="http://www.tei-c.org/ns/1.0"><forename type="first">Jianfeng</forename><surname>Gao</surname></persName>
		</author>
		<author>
			<persName xmlns="http://www.tei-c.org/ns/1.0"><forename type="first">Patrick</forename><surname>Pantel</surname></persName>
		</author>
		<author>
			<persName xmlns="http://www.tei-c.org/ns/1.0"><forename type="first">Michael</forename><surname>Gamon</surname></persName>
		</author>
		<author>
			<persName xmlns="http://www.tei-c.org/ns/1.0"><forename type="first">Xiaodong</forename><surname>He</surname></persName>
		</author>
		<author>
			<persName xmlns="http://www.tei-c.org/ns/1.0"><forename type="first">Li</forename><surname>Deng</surname></persName>
		</author>
	</analytic>
	<monogr>
		<title level="m">Proceedings of the 2014 Conference on Empirical Methods in Natural Language Processing (EMNLP)</title>
		<meeting>the 2014 Conference on Empirical Methods in Natural Language Processing (EMNLP)<address><addrLine>Doha, Qatar</addrLine></address></meeting>
		<imprint>
			<publisher>Association for Computational Linguistics</publisher>
			<date type="published" when="2014-10" />
			<biblScope unit="page" from="2" to="13" />
		</imprint>
	</monogr>
</biblStruct>

<biblStruct xml:id="b15">
	<analytic>
		<title level="a" type="main">Learning deep structured semantic models for web search using clickthrough data</title>
		<author>
			<persName xmlns="http://www.tei-c.org/ns/1.0"><forename type="first">Thomas</forename><surname>Hofmann</surname></persName>
		</author>
		<author>
			<persName xmlns="http://www.tei-c.org/ns/1.0"><forename type="first">. ; Jianfeng</forename><surname>Gao</surname></persName>
		</author>
		<author>
			<persName xmlns="http://www.tei-c.org/ns/1.0"><forename type="first">Li</forename><surname>Deng</surname></persName>
		</author>
		<author>
			<persName xmlns="http://www.tei-c.org/ns/1.0"><forename type="first">Alex</forename><surname>Acero</surname></persName>
		</author>
		<author>
			<persName xmlns="http://www.tei-c.org/ns/1.0"><forename type="first">Larry</forename><surname>Heck</surname></persName>
		</author>
	</analytic>
	<monogr>
		<title level="m">Proceedings of the 22nd annual international ACM SIGIR conference on Research and development in information retrieval</title>
		<meeting>the 22nd annual international ACM SIGIR conference on Research and development in information retrieval</meeting>
		<imprint>
			<publisher>ACM</publisher>
			<date type="published" when="1999" />
			<biblScope unit="page" from="2333" to="2338" />
		</imprint>
	</monogr>
	<note>Proceedings of the 22nd ACM international conference on Conference on information &amp; knowledge management</note>
</biblStruct>

<biblStruct xml:id="b16">
	<analytic>
		<title level="a" type="main">Deep recursive neural networks for compositionality in language</title>
		<author>
			<persName xmlns="http://www.tei-c.org/ns/1.0"><forename type="first">Ozan</forename><surname>Irsoy</surname></persName>
		</author>
		<author>
			<persName xmlns="http://www.tei-c.org/ns/1.0"><forename type="first">Claire</forename><surname>Cardie</surname></persName>
		</author>
	</analytic>
	<monogr>
		<title level="m">NIPS</title>
		<imprint>
			<date type="published" when="2014" />
		</imprint>
	</monogr>
</biblStruct>

<biblStruct xml:id="b17">
	<analytic>
		<title level="a" type="main">A neural network for factoid question answering over paragraphs</title>
		<author>
			<persName xmlns="http://www.tei-c.org/ns/1.0"><forename type="first">Mohit</forename><surname>Iyyer</surname></persName>
		</author>
		<author>
			<persName xmlns="http://www.tei-c.org/ns/1.0"><forename type="first">Jordan</forename><surname>Boyd-Graber</surname></persName>
		</author>
		<author>
			<persName xmlns="http://www.tei-c.org/ns/1.0"><forename type="first">Leonardo</forename><surname>Claudino</surname></persName>
		</author>
		<author>
			<persName xmlns="http://www.tei-c.org/ns/1.0"><forename type="first">Richard</forename><surname>Socher</surname></persName>
		</author>
		<author>
			<persName xmlns="http://www.tei-c.org/ns/1.0"><forename type="first">Hal</forename><surname>Daumé</surname></persName>
		</author>
		<author>
			<persName xmlns="http://www.tei-c.org/ns/1.0"><forename type="first">Iii</forename></persName>
		</author>
	</analytic>
	<monogr>
		<title level="m">Proceedings of the 2014 Conference on Empirical Methods in Natural Language Processing (EMNLP)</title>
		<meeting>the 2014 Conference on Empirical Methods in Natural Language Processing (EMNLP)<address><addrLine>Doha, Qatar,</addrLine></address></meeting>
		<imprint>
			<date type="published" when="2014" />
			<biblScope unit="page" from="633" to="644" />
		</imprint>
	</monogr>
	<note>October. Association for Computational Linguistics</note>
</biblStruct>

<biblStruct xml:id="b18">
	<analytic>
		<title level="a" type="main">Ir evaluation methods for retrieving highly relevant documents</title>
		<author>
			<persName xmlns="http://www.tei-c.org/ns/1.0"><forename type="first">Kalervo</forename><surname>Järvelin</surname></persName>
		</author>
		<author>
			<persName xmlns="http://www.tei-c.org/ns/1.0"><forename type="first">Jaana</forename><surname>Kekäläinen</surname></persName>
		</author>
	</analytic>
	<monogr>
		<title level="m">Proceedings of the 23rd annual international ACM SIGIR conference on Research and development in information retrieval</title>
		<meeting>the 23rd annual international ACM SIGIR conference on Research and development in information retrieval</meeting>
		<imprint>
			<publisher>ACM</publisher>
			<date type="published" when="2000" />
			<biblScope unit="page" from="41" to="48" />
		</imprint>
	</monogr>
</biblStruct>

<biblStruct xml:id="b19">
	<analytic>
		<title level="a" type="main">A convolutional neural network for modelling sentences</title>
		<author>
			<persName xmlns="http://www.tei-c.org/ns/1.0"><forename type="first">Nal</forename><surname>Kalchbrenner</surname></persName>
		</author>
		<author>
			<persName xmlns="http://www.tei-c.org/ns/1.0"><forename type="first">Edward</forename><surname>Grefenstette</surname></persName>
		</author>
		<author>
			<persName xmlns="http://www.tei-c.org/ns/1.0"><forename type="first">Phil</forename><surname>Blunsom</surname></persName>
		</author>
	</analytic>
	<monogr>
		<title level="m">Proceedings of the 52nd Annual Meeting of the Association for Computational Linguistics</title>
		<meeting>the 52nd Annual Meeting of the Association for Computational Linguistics<address><addrLine>Baltimore, Maryland</addrLine></address></meeting>
		<imprint>
			<publisher>Association for Computational Linguistics</publisher>
			<date type="published" when="2014-06" />
			<biblScope unit="volume">1</biblScope>
			<biblScope unit="page" from="655" to="665" />
		</imprint>
	</monogr>
</biblStruct>

<biblStruct xml:id="b20">
	<analytic>
		<title level="a" type="main">Principal component neural networkstheory and applications</title>
		<author>
			<persName xmlns="http://www.tei-c.org/ns/1.0"><forename type="first">Juha</forename><surname>Karhunen</surname></persName>
		</author>
	</analytic>
	<monogr>
		<title level="m">Pattern Analysis &amp; Applications</title>
		<imprint>
			<date type="published" when="1998" />
			<biblScope unit="volume">1</biblScope>
			<biblScope unit="page" from="74" to="75" />
		</imprint>
	</monogr>
</biblStruct>

<biblStruct xml:id="b21">
	<analytic>
		<title level="a" type="main">Distributed representations of sentences and documents</title>
		<author>
			<persName xmlns="http://www.tei-c.org/ns/1.0"><forename type="first">Quoc</forename><surname>Le</surname></persName>
		</author>
		<author>
			<persName xmlns="http://www.tei-c.org/ns/1.0"><forename type="first">Tomas</forename><surname>Mikolov</surname></persName>
		</author>
	</analytic>
	<monogr>
		<title level="m">Proceedings of the International Conference on Machine Learning (ICML)</title>
		<meeting>the International Conference on Machine Learning (ICML)</meeting>
		<imprint>
			<date type="published" when="2014" />
		</imprint>
	</monogr>
</biblStruct>

<biblStruct xml:id="b22">
	<monogr>
		<title level="m" type="main">Frege in space: A program for compositional distributional semantics. Linguistic Issues in Language Technologies</title>
		<author>
			<persName xmlns="http://www.tei-c.org/ns/1.0"><forename type="first">R</forename><surname>Bernardi</surname></persName>
		</author>
		<author>
			<persName xmlns="http://www.tei-c.org/ns/1.0"><forename type="first">M</forename><surname>Baroni</surname></persName>
		</author>
		<author>
			<persName xmlns="http://www.tei-c.org/ns/1.0"><forename type="first">R</forename><surname>Zamparelli</surname></persName>
		</author>
		<imprint>
			<date type="published" when="2013" />
		</imprint>
	</monogr>
</biblStruct>

<biblStruct xml:id="b23">
	<analytic>
		<title level="a" type="main">Distributed representations of words and phrases and their compositionality</title>
		<author>
			<persName xmlns="http://www.tei-c.org/ns/1.0"><forename type="first">Tomas</forename><surname>Mikolov</surname></persName>
		</author>
		<author>
			<persName xmlns="http://www.tei-c.org/ns/1.0"><forename type="first">Ilya</forename><surname>Sutskever</surname></persName>
		</author>
		<author>
			<persName xmlns="http://www.tei-c.org/ns/1.0"><forename type="first">Kai</forename><surname>Chen</surname></persName>
		</author>
		<author>
			<persName xmlns="http://www.tei-c.org/ns/1.0"><forename type="first">Greg</forename><forename type="middle">S</forename><surname>Corrado</surname></persName>
		</author>
		<author>
			<persName xmlns="http://www.tei-c.org/ns/1.0"><forename type="first">Jeff</forename><surname>Dean</surname></persName>
		</author>
	</analytic>
	<monogr>
		<title level="m">Advances in Neural Information Processing Systems</title>
		<imprint>
			<date type="published" when="2013" />
			<biblScope unit="page" from="3111" to="3119" />
		</imprint>
	</monogr>
</biblStruct>

<biblStruct xml:id="b24">
	<analytic>
		<title level="a" type="main">Linguistic regularities in continuous space word representations</title>
		<author>
			<persName xmlns="http://www.tei-c.org/ns/1.0"><forename type="first">Tomas</forename><surname>Mikolov</surname></persName>
		</author>
		<author>
			<persName xmlns="http://www.tei-c.org/ns/1.0"><forename type="first">Yih</forename><surname>Wen-Tau</surname></persName>
		</author>
		<author>
			<persName xmlns="http://www.tei-c.org/ns/1.0"><forename type="first">Geoffrey</forename><surname>Zweig</surname></persName>
		</author>
	</analytic>
	<monogr>
		<title level="m">Proceedings of the 2013 Conference of the North American Chapter of the Association for Computational Linguistics: Human Language Technologies</title>
		<meeting>the 2013 Conference of the North American Chapter of the Association for Computational Linguistics: Human Language Technologies<address><addrLine>Atlanta, Georgia</addrLine></address></meeting>
		<imprint>
			<publisher>Association for Computational Linguistics</publisher>
			<date type="published" when="2013-06" />
			<biblScope unit="page" from="746" to="751" />
		</imprint>
	</monogr>
</biblStruct>

<biblStruct xml:id="b25">
	<analytic>
		<title level="a" type="main">Distributed representations of words and phrases and their compositionality</title>
		<author>
			<persName xmlns="http://www.tei-c.org/ns/1.0"><forename type="first">Tomás</forename><surname>Mikolov</surname></persName>
		</author>
		<author>
			<persName xmlns="http://www.tei-c.org/ns/1.0"><forename type="first">Ilya</forename><surname>Sutskever</surname></persName>
		</author>
		<author>
			<persName xmlns="http://www.tei-c.org/ns/1.0"><forename type="first">Kai</forename><surname>Chen</surname></persName>
		</author>
		<author>
			<persName xmlns="http://www.tei-c.org/ns/1.0"><forename type="first">Greg</forename><surname>Corrado</surname></persName>
		</author>
		<author>
			<persName xmlns="http://www.tei-c.org/ns/1.0"><forename type="first">Jeffrey</forename><surname>Dean</surname></persName>
		</author>
	</analytic>
	<monogr>
		<title level="m">NIPS</title>
		<imprint>
			<date type="published" when="2013" />
		</imprint>
	</monogr>
</biblStruct>

<biblStruct xml:id="b26">
	<analytic>
		<title level="a" type="main">Evaluating neural word representations in tensor-based compositional settings</title>
		<author>
			<persName xmlns="http://www.tei-c.org/ns/1.0"><forename type="first">Dmitrijs</forename><surname>Milajevs</surname></persName>
		</author>
		<author>
			<persName xmlns="http://www.tei-c.org/ns/1.0"><forename type="first">Dimitri</forename><surname>Kartsaklis</surname></persName>
		</author>
		<author>
			<persName xmlns="http://www.tei-c.org/ns/1.0"><forename type="first">Mehrnoosh</forename><surname>Sadrzadeh</surname></persName>
		</author>
		<author>
			<persName xmlns="http://www.tei-c.org/ns/1.0"><forename type="first">Matthew</forename><surname>Purver</surname></persName>
		</author>
	</analytic>
	<monogr>
		<title level="m">Proceedings of the 2014 Conference on Empirical Methods in Natural Language Processing (EMNLP)</title>
		<meeting>the 2014 Conference on Empirical Methods in Natural Language Processing (EMNLP)<address><addrLine>Doha, Qatar</addrLine></address></meeting>
		<imprint>
			<publisher>Association for Computational Linguistics</publisher>
			<date type="published" when="2014-10" />
			<biblScope unit="page" from="708" to="719" />
		</imprint>
	</monogr>
</biblStruct>

<biblStruct xml:id="b27">
	<analytic>
		<title level="a" type="main">Learning word embeddings efficiently with noise-contrastive estimation</title>
		<author>
			<persName xmlns="http://www.tei-c.org/ns/1.0"><forename type="first">Andriy</forename><surname>Mnih</surname></persName>
		</author>
		<author>
			<persName xmlns="http://www.tei-c.org/ns/1.0"><forename type="first">Koray</forename><surname>Kavukcuoglu</surname></persName>
		</author>
	</analytic>
	<monogr>
		<title level="m">Advances in Neural Information Processing Systems</title>
		<imprint>
			<date type="published" when="2013" />
			<biblScope unit="volume">26</biblScope>
		</imprint>
	</monogr>
</biblStruct>

<biblStruct xml:id="b28">
	<monogr>
				<author>
			<persName xmlns="http://www.tei-c.org/ns/1.0"><forename type="first">Genevieve</forename><surname>Gregoire Montavon</surname></persName>
		</author>
		<author>
			<persName xmlns="http://www.tei-c.org/ns/1.0"><forename type="first">Klaus-Robert</forename><surname>Orr</surname></persName>
		</author>
		<author>
			<persName xmlns="http://www.tei-c.org/ns/1.0"><surname>Muller</surname></persName>
		</author>
		<title level="m">Neural Networks: Tricks of the Trade</title>
		<imprint>
			<date type="published" when="2012" />
		</imprint>
	</monogr>
	<note>2nd ed. springer</note>
</biblStruct>

<biblStruct xml:id="b29">
	<analytic>
		<title level="a" type="main">Glove: Global vectors for word representation</title>
		<author>
			<persName xmlns="http://www.tei-c.org/ns/1.0"><forename type="first">Jeffrey</forename><surname>Pennington</surname></persName>
		</author>
		<author>
			<persName xmlns="http://www.tei-c.org/ns/1.0"><forename type="first">Richard</forename><surname>Socher</surname></persName>
		</author>
		<author>
			<persName xmlns="http://www.tei-c.org/ns/1.0"><forename type="first">Christopher</forename><surname>Manning</surname></persName>
		</author>
	</analytic>
	<monogr>
		<title level="m">Proceedings of the 2014 Conference on Empirical Methods in Natural Language Processing (EMNLP)</title>
		<meeting>the 2014 Conference on Empirical Methods in Natural Language Processing (EMNLP)<address><addrLine>Doha, Qatar, October</addrLine></address></meeting>
		<imprint>
			<publisher>Association for Computational Linguistics</publisher>
			<date type="published" when="2014" />
			<biblScope unit="page" from="1532" to="1543" />
		</imprint>
	</monogr>
</biblStruct>

<biblStruct xml:id="b30">
	<analytic>
		<title level="a" type="main">Nonlinear component analysis as kernel eigenvalue problem</title>
		<author>
			<persName xmlns="http://www.tei-c.org/ns/1.0"><forename type="first">B</forename><surname>Schölkopf</surname></persName>
		</author>
		<author>
			<persName xmlns="http://www.tei-c.org/ns/1.0"><forename type="first">A</forename><surname>Smola</surname></persName>
		</author>
		<author>
			<persName xmlns="http://www.tei-c.org/ns/1.0"><forename type="first">K.-R</forename><surname>Müller</surname></persName>
		</author>
	</analytic>
	<monogr>
		<title level="j">Neural Computation</title>
		<imprint>
			<biblScope unit="page">10</biblScope>
			<date type="published" when="1998" />
		</imprint>
	</monogr>
</biblStruct>

<biblStruct xml:id="b31">
	<analytic>
		<title level="a" type="main">Query enrichment for web-query classification</title>
		<author>
			<persName xmlns="http://www.tei-c.org/ns/1.0"><forename type="first">Dou</forename><surname>Shen</surname></persName>
		</author>
		<author>
			<persName xmlns="http://www.tei-c.org/ns/1.0"><forename type="first">Rong</forename><surname>Pan</surname></persName>
		</author>
		<author>
			<persName xmlns="http://www.tei-c.org/ns/1.0"><forename type="first">Jian-Tao</forename><surname>Sun</surname></persName>
		</author>
		<author>
			<persName xmlns="http://www.tei-c.org/ns/1.0"><forename type="first">Jeffrey</forename><surname>Junfeng Pan</surname></persName>
		</author>
		<author>
			<persName xmlns="http://www.tei-c.org/ns/1.0"><forename type="first">Kangheng</forename><surname>Wu</surname></persName>
		</author>
		<author>
			<persName xmlns="http://www.tei-c.org/ns/1.0"><forename type="first">Jie</forename><surname>Yin</surname></persName>
		</author>
		<author>
			<persName xmlns="http://www.tei-c.org/ns/1.0"><forename type="first">Qiang</forename><surname>Yang</surname></persName>
		</author>
	</analytic>
	<monogr>
		<title level="j">ACM Trans. Inf. Syst</title>
		<imprint>
			<biblScope unit="volume">24</biblScope>
			<biblScope unit="issue">3</biblScope>
			<biblScope unit="page" from="320" to="352" />
			<date type="published" when="2006-07" />
		</imprint>
	</monogr>
</biblStruct>

<biblStruct xml:id="b32">
	<analytic>
		<title level="a" type="main">A latent semantic model with convolutional-pooling structure for information retrieval</title>
		<author>
			<persName xmlns="http://www.tei-c.org/ns/1.0"><forename type="first">Yelong</forename><surname>Shen</surname></persName>
		</author>
		<author>
			<persName xmlns="http://www.tei-c.org/ns/1.0"><forename type="first">Xiaodong</forename><surname>He</surname></persName>
		</author>
		<author>
			<persName xmlns="http://www.tei-c.org/ns/1.0"><forename type="first">Jianfeng</forename><surname>Gao</surname></persName>
		</author>
		<author>
			<persName xmlns="http://www.tei-c.org/ns/1.0"><forename type="first">Li</forename><surname>Deng</surname></persName>
		</author>
		<author>
			<persName xmlns="http://www.tei-c.org/ns/1.0"><forename type="first">Grégoire</forename><surname>Mesnil</surname></persName>
		</author>
	</analytic>
	<monogr>
		<title level="m">Proceedings of the 23rd ACM International Conference on Conference on Information and Knowledge Management</title>
		<meeting>the 23rd ACM International Conference on Conference on Information and Knowledge Management</meeting>
		<imprint>
			<publisher>ACM</publisher>
			<date type="published" when="2014" />
			<biblScope unit="page" from="101" to="110" />
		</imprint>
	</monogr>
</biblStruct>

<biblStruct xml:id="b33">
	<analytic>
		<title level="a" type="main">Recursive deep models for semantic compositionality over a sentiment treebank</title>
		<author>
			<persName xmlns="http://www.tei-c.org/ns/1.0"><forename type="first">Richard</forename><surname>Socher</surname></persName>
		</author>
		<author>
			<persName xmlns="http://www.tei-c.org/ns/1.0"><forename type="first">Alex</forename><surname>Perelygin</surname></persName>
		</author>
		<author>
			<persName xmlns="http://www.tei-c.org/ns/1.0"><forename type="first">Jean</forename><surname>Wu</surname></persName>
		</author>
		<author>
			<persName xmlns="http://www.tei-c.org/ns/1.0"><forename type="first">Jason</forename><surname>Chuang</surname></persName>
		</author>
		<author>
			<persName xmlns="http://www.tei-c.org/ns/1.0"><forename type="first">Christopher</forename><forename type="middle">D</forename><surname>Manning</surname></persName>
		</author>
		<author>
			<persName xmlns="http://www.tei-c.org/ns/1.0"><forename type="first">Andrew</forename><surname>Ng</surname></persName>
		</author>
		<author>
			<persName xmlns="http://www.tei-c.org/ns/1.0"><forename type="first">Christopher</forename><surname>Potts</surname></persName>
		</author>
	</analytic>
	<monogr>
		<title level="m">Proceedings of the 2013 Conference on Empirical Methods in Natural Language Processing</title>
		<meeting>the 2013 Conference on Empirical Methods in Natural Language Processing<address><addrLine>Seattle, Washington, USA</addrLine></address></meeting>
		<imprint>
			<publisher>Association for Computational Linguistics</publisher>
			<date type="published" when="2013-10" />
			<biblScope unit="page" from="1631" to="1642" />
		</imprint>
	</monogr>
</biblStruct>

<biblStruct xml:id="b34">
	<analytic>
		<title level="a" type="main">Word representations: A simple and general method for semi-supervised learning</title>
		<author>
			<persName xmlns="http://www.tei-c.org/ns/1.0"><forename type="first">Joseph</forename><surname>Turian</surname></persName>
		</author>
		<author>
			<persName xmlns="http://www.tei-c.org/ns/1.0"><forename type="first">Lev-Arie</forename><surname>Ratinov</surname></persName>
		</author>
		<author>
			<persName xmlns="http://www.tei-c.org/ns/1.0"><forename type="first">Yoshua</forename><surname>Bengio</surname></persName>
		</author>
	</analytic>
	<monogr>
		<title level="m">Proceedings of the 48th Annual Meeting of the Association for Computational Linguistics</title>
		<meeting>the 48th Annual Meeting of the Association for Computational Linguistics<address><addrLine>Uppsala, Sweden</addrLine></address></meeting>
		<imprint>
			<date type="published" when="2010-07" />
			<biblScope unit="page" from="384" to="394" />
		</imprint>
	</monogr>
</biblStruct>

<biblStruct xml:id="b35">
	<analytic>
		<title level="a" type="main">A study of smoothing methods for language models applied to ad hoc information retrieval</title>
		<author>
			<persName xmlns="http://www.tei-c.org/ns/1.0"><forename type="first">Chengxiang</forename><surname>Zhai</surname></persName>
		</author>
		<author>
			<persName xmlns="http://www.tei-c.org/ns/1.0"><forename type="first">John</forename><surname>Lafferty</surname></persName>
		</author>
	</analytic>
	<monogr>
		<title level="m">Proceedings of the 24th annual international ACM SIGIR conference on Research and development in information retrieval</title>
		<meeting>the 24th annual international ACM SIGIR conference on Research and development in information retrieval</meeting>
		<imprint>
			<publisher>ACM</publisher>
			<date type="published" when="2001" />
			<biblScope unit="page" from="334" to="342" />
		</imprint>
	</monogr>
</biblStruct>

				</listBibl>
			</div>
		</back>
	</text>
</TEI>
