<?xml version="1.0" encoding="UTF-8"?>
<TEI xml:space="preserve" xmlns="http://www.tei-c.org/ns/1.0" 
xmlns:xsi="http://www.w3.org/2001/XMLSchema-instance" 
xsi:schemaLocation="http://www.tei-c.org/ns/1.0 /home/varun/Desktop/NLP/Projects/grobid-0.5.6/grobid-home/schemas/xsd/Grobid.xsd"
 xmlns:xlink="http://www.w3.org/1999/xlink">
	<teiHeader xml:lang="en">
		<fileDesc>
			<titleStmt>
				<title level="a" type="main">Sequence-to-Action: End-to-End Semantic Graph Generation for Semantic Parsing</title>
			</titleStmt>
			<publicationStmt>
				<publisher>Association for Computational Linguistics</publisher>
				<availability status="unknown"><p>Copyright Association for Computational Linguistics</p>
				</availability>
				<date>July 15 -20. 2018. 2018</date>
			</publicationStmt>
			<sourceDesc>
				<biblStruct>
					<analytic>
						<author>
							<persName xmlns="http://www.tei-c.org/ns/1.0"><forename type="first">Bo</forename><surname>Chen</surname></persName>
							<email>chenbo@iscas.ac.cn</email>
							<affiliation key="aff0">
								<orgName type="department">Science Institute of Software</orgName>
								<orgName type="laboratory">State Key Laboratory of Computer</orgName>
								<orgName type="institution">Chinese Academy of Sciences</orgName>
								<address>
									<settlement>Beijing</settlement>
									<country key="CN">China</country>
								</address>
							</affiliation>
							<affiliation key="aff1">
								<orgName type="institution">University of Chinese Academy of Sciences</orgName>
								<address>
									<settlement>Beijing</settlement>
									<country key="CN">China</country>
								</address>
							</affiliation>
						</author>
						<author>
							<persName xmlns="http://www.tei-c.org/ns/1.0"><forename type="first">Le</forename><surname>Sun</surname></persName>
							<email>sunle@iscas.ac.cn</email>
							<affiliation key="aff0">
								<orgName type="department">Science Institute of Software</orgName>
								<orgName type="laboratory">State Key Laboratory of Computer</orgName>
								<orgName type="institution">Chinese Academy of Sciences</orgName>
								<address>
									<settlement>Beijing</settlement>
									<country key="CN">China</country>
								</address>
							</affiliation>
						</author>
						<author>
							<persName xmlns="http://www.tei-c.org/ns/1.0"><forename type="first">Xianpei</forename><surname>Han</surname></persName>
							<email>xianpei@iscas.ac.cn</email>
							<affiliation key="aff0">
								<orgName type="department">Science Institute of Software</orgName>
								<orgName type="laboratory">State Key Laboratory of Computer</orgName>
								<orgName type="institution">Chinese Academy of Sciences</orgName>
								<address>
									<settlement>Beijing</settlement>
									<country key="CN">China</country>
								</address>
							</affiliation>
						</author>
						<title level="a" type="main">Sequence-to-Action: End-to-End Semantic Graph Generation for Semantic Parsing</title>
					</analytic>
					<monogr>
						<title level="m">Proceedings of the 56th Annual Meeting of the Association for Computational Linguistics (Long Papers)</title>
						<meeting>the 56th Annual Meeting of the Association for Computational Linguistics (Long Papers) <address><addrLine>Melbourne, Australia</addrLine></address>
						</meeting>
						<imprint>
							<publisher>Association for Computational Linguistics</publisher>
							<biblScope unit="page" from="766" to="777"/>
							<date type="published">July 15 -20. 2018. 2018</date>
						</imprint>
					</monogr>
				</biblStruct>
			</sourceDesc>
		</fileDesc>

		<encodingDesc>
			<appInfo>
				<application version="0.5.6" ident="GROBID" when="2020-04-20T14:52+0000">
					<ref target="https://github.com/kermitt2/grobid">GROBID - A machine learning software for extracting information from scholarly documents</ref>
				</application>
			</appInfo>
		</encodingDesc>		<profileDesc>
			<abstract>
<div xmlns="http://www.tei-c.org/ns/1.0"><p>This paper proposes a neural semantic parsing approach -Sequence-to-Action, which models semantic parsing as an endto-end semantic graph generation process. Our method simultaneously leverages the advantages from two recent promising directions of semantic parsing. Firstly, our model uses a semantic graph to represent the meaning of a sentence, which has a tight-coupling with knowledge bases. Secondly, by leveraging the powerful representation learning and prediction ability of neural network models, we propose a RNN model which can effectively map sentences to action sequences for semantic graph generation. Experiments show that our method achieves state-of-the-art performance on OVERNIGHT dataset and gets competitive performance on GEO and ATIS datasets.</p></div>
			</abstract>
		</profileDesc>
	</teiHeader>
	<text xml:lang="en">
		<body>
<div xmlns="http://www.tei-c.org/ns/1.0"><head n="1">Introduction</head><p>Semantic parsing aims to map natural language sentences to logical forms <ref type="bibr" target="#b47">(Zelle and Mooney, 1996;</ref><ref type="bibr" target="#b49">Zettlemoyer and Collins, 2005;</ref><ref type="bibr" target="#b42">Wong and Mooney, 2007;</ref><ref type="bibr" target="#b30">Lu et al., 2008;</ref><ref type="bibr" target="#b24">Kwiatkowski et al., 2013)</ref>. For example, the sentence "Which states border Texas?" will be mapped to answer (A, (state (A), next to (A, stateid ( texas )))).</p><p>A semantic parser needs two functions, one for structure prediction and the other for semantic grounding. Traditional semantic parsers are usually based on compositional grammar, such as CCG <ref type="bibr">Collins, 2005, 2007)</ref>, DCS <ref type="bibr" target="#b28">(Liang et al., 2011)</ref>, etc. These parsers compose structure using manually designed grammars, use lexicons for semantic grounding, and exploit fea-  tures for candidate logical forms ranking. Unfortunately, it is challenging to design grammars and learn accurate lexicons, especially in wideopen domains. Moreover, it is often hard to design effective features, and its learning process is not end-to-end. To resolve the above problems, two promising lines of work have been proposed: Semantic graph-based methods and Seq2Seq methods.</p><p>Semantic graph-based methods <ref type="bibr" target="#b36">(Reddy et al., 2014</ref><ref type="bibr" target="#b37">(Reddy et al., , 2016</ref><ref type="bibr" target="#b3">Bast and Haussmann, 2015;</ref><ref type="bibr" target="#b44">Yih et al., 2015)</ref> represent the meaning of a sentence as a semantic graph (i.e., a sub-graph of a knowledge base, see example in <ref type="figure" target="#fig_0">Figure 1</ref>) and treat semantic parsing as a semantic graph matching/generation process. Compared with logical forms, semantic graphs have a tight-coupling with knowledge bases <ref type="bibr" target="#b44">(Yih et al., 2015)</ref>, and share many commonalities with syntactic structures <ref type="bibr" target="#b36">(Reddy et al., 2014)</ref>. Therefore both the structure and semantic constraints from knowledge bases can be easily exploited during parsing <ref type="bibr" target="#b44">(Yih et al., 2015)</ref>. The main challenge of semantic graph-based parsing is how to effectively construct the semantic graph of a sentence. Currently, semantic graphs are either constructed by matching with patterns <ref type="bibr" target="#b3">(Bast and Haussmann, 2015)</ref>, transforming from dependency tree <ref type="bibr" target="#b36">(Reddy et al., 2014</ref><ref type="bibr" target="#b37">(Reddy et al., , 2016</ref>, or via a staged heuristic search algorithm <ref type="bibr" target="#b44">(Yih et al., 2015)</ref>. These methods are all based on manuallydesigned, heuristic construction processes, making them hard to handle open/complex situations.</p><p>In recent years, RNN models have achieved success in sequence-to-sequence problems due to its strong ability on both representation learning and prediction, e.g., in machine translation . A lot of Seq2Seq models have also been employed for semantic parsing <ref type="bibr" target="#b43">(Xiao et al., 2016;</ref><ref type="bibr" target="#b12">Dong and Lapata, 2016;</ref><ref type="bibr" target="#b19">Jia and Liang, 2016)</ref>, where a sentence is parsed by translating it to linearized logical form using RNN models. There is no need for high-quality lexicons, manually-built grammars, and hand-crafted features. These models are trained end-to-end, and can leverage attention mechanism <ref type="bibr" target="#b31">Luong et al., 2015)</ref> to learn soft alignments between sentences and logical forms.</p><p>In this paper, we propose a new neural semantic parsing framework -Sequence-to-Action, which can simultaneously leverage the advantages of semantic graph representation and the strong prediction ability of Seq2Seq models. Specifically, we model semantic parsing as an end-to-end semantic graph generation process. For example in <ref type="figure" target="#fig_0">Figure  1</ref>, our model will parse the sentence "Which states border Texas" by generating a sequence of actions [add variable:A, add type:state, ...]. To achieve the above goal, we first design an action set which can encode the generation process of semantic graph (including node actions such as add variable, add entity, add type, edge actions such as add edge, and operation actions such as argmin, argmax, count, sum, etc.). And then we design a RNN model which can generate the action sequence for constructing the semantic graph of a sentence. Finally we further enhance parsing by incorporating both structure and semantic constraints during decoding.</p><p>Compared with the manually-designed, heuristic generation algorithms used in traditional semantic graph-based methods, our sequence-toaction method generates semantic graphs using a RNN model, which is learned end-to-end from training data. Such a learnable, end-to-end generation makes our approach more effective and can fit to different situations.</p><p>Compared with the previous Seq2Seq semantic parsing methods, our sequence-to-action model predicts a sequence of semantic graph generation actions, rather than linearized logical forms. We find that the action sequence encoding can better capture structure and semantic information, and is more compact. And the parsing can be enhanced by exploiting structure and semantic constraints. For example, in GEO dataset, the action add edge:next to must subject to the semantic constraint that its arguments must be of type state and state, and the structure constraint that the edge next to must connect two nodes to form a valid graph.</p><p>We evaluate our approach on three standard datasets: <ref type="bibr">GEO (Zelle and Mooney, 1996)</ref>, ATIS <ref type="bibr" target="#b15">(He and Young, 2005)</ref> and OVERNIGHT <ref type="bibr" target="#b41">(Wang et al., 2015b)</ref>.</p><p>The results show that our method achieves state-of-the-art performance on OVERNIGHT dataset and gets competitive performance on GEO and ATIS datasets.</p><p>The main contributions of this paper are summarized as follows:</p><p>• We propose a new semantic parsing framework -Sequence-to-Action, which models semantic parsing as an end-to-end semantic graph generation process. This new framework can synthesize the advantages of semantic graph representation and the prediction ability of Seq2Seq models.</p><p>• We design a sequence-to-action model, including an action set encoding for semantic graph generation and a Seq2Seq RNN model for action sequence prediction. We further enhance the parsing by exploiting structure and semantic constraints during decoding. Experiments validate the effectiveness of our method.</p><p>2 Sequence-to-Action Model for End-to-End Semantic Graph Generation</p><p>Given a sentence X = x 1 , ..., x |X| , our sequenceto-action model generates a sequence of actions Y = y 1 , ..., y |Y | for constructing the correct semantic graph. <ref type="figure">Figure 2</ref> shows an example. The conditional probability P (Y |X) used in our  <ref type="figure">Figure 2</ref>: An example of a sentence paired with its semantic graph, together with the action sequence for semantic graph generation.</p><p>model is decomposed as follows:</p><formula xml:id="formula_0">P (Y |X) = |Y | t=1 P (y t |y &lt;t , X)<label>(1)</label></formula><p>where y &lt;t = y 1 , ..., y t−1 . To achieve the above goal, we need: 1) an action set which can encode semantic graph generation process; 2) an encoder which encodes natural language input X into a vector representation, and a decoder which generates y 1 , ..., y |Y | conditioned on the encoding vector. In following we describe them in detail.</p></div>
<div xmlns="http://www.tei-c.org/ns/1.0"><head n="2.1">Actions for Semantic Graph Generation</head><p>Generally, a semantic graph consists of nodes (including variables, entities, types) and edges (semantic relations), with some universal operations (e.g., argmax, argmin, count, sum, and not). To generate a semantic graph, we define six types of actions as follows:</p><p>Add Variable Node: This kind of actions denotes adding a variable node to semantic graph. In most cases a variable node is a return node (e.g., which, what), but can also be an intermediate variable node. We represent this kind of action as add variable:A, where A is the identifier of the variable node.</p><p>Add Entity Node: This kind of actions denotes adding an entity node (e.g., Texas, New York) and is represented as add entity node:texas. An entity node corresponds to an entity in knowledge bases.</p><p>Add Type Node: This kind of actions denotes adding a type node (e.g., state, city). We represent them as add type node:state.</p><p>Add Edge: This kind of actions denotes adding an edge between two nodes. An edge is a binary relation in knowledge bases. This kind of actions is represented as add edge:next to.</p><p>Operation Action: This kind of actions denotes adding an operation. An operation can be argmax, argmin, count, sum, not, et al. Because each operation has a scope, we define two actions for an operation, one is operation start action, represented as start operation:most, and the other is operation end action, represented as end operation:most. The subgraph within the start and end operation actions is its scope.</p><p>Argument Action: Some above actions need argument information. For example, which nodes the add edge:next to action should connect to. In this paper, we design argument actions for add type, add edge and operation actions, and the argument actions should be put directly after its main action.</p><p>For add type actions, we put an argument action to indicate which node this type node should constrain. The argument can be a variable node or an entity node. An argument action for a type node is represented as arg:A.</p><p>For add edge action, we use two argument actions: arg1 node and arg2 node, and they are represented as arg1 node:A and arg2 node:B.</p><p>We design argument actions for different operations.</p><p>For operation:sum, there are three arguments: arg-for, arg-in and arg-return. For operation:count, they are arg-for and arg-return. There are two arg-for arguments for operation:most.</p><p>We can see that each action encodes both structure and semantic information, which makes it easy to capture more information for parsing and can be tightly coupled with knowledge base. Furthermore, we find that action sequence encoding is more compact than linearized logical form (See Section 4.4 for more details).  </p></div>
<div xmlns="http://www.tei-c.org/ns/1.0"><head n="2.2">Neural Sequence-to-Action Model</head><p>Based on the above action encoding mechanism, this section describes our encoder-decoder model for mapping sentence to action sequence. Specifically, similar to the RNN model in <ref type="bibr" target="#b19">Jia and Liang (2016)</ref>, this paper employs the attentionbased sequence-to-sequence RNN model. <ref type="figure" target="#fig_2">Figure  3</ref> presents the overall structure. Encoder: The encoder converts the input sequence x 1 , ..., x m to a sequence of contextsensitive vectors b 1 , ..., b m using a bidirectional RNN . Firstly each word x i is mapped to its embedding vector, then these vectors are fed into a forward RNN and a backward RNN. The sequence of hidden states h 1 , ..., h m are generated by recurrently applying the recurrence:</p><formula xml:id="formula_1">h i = LST M (φ (x) (x i ), h i−1 ).<label>(2)</label></formula><p>The recurrence takes the form of LSTM (Hochreiter and Schmidhuber, 1997). Finally, for each input position i, we define its context-sensitive embedding as</p><formula xml:id="formula_2">b i = [h F i , h B i ].</formula><p>Decoder: This paper uses the classical attentionbased decoder , which generates action sequence y 1 , ..., y n , one action at a time. At each time step j, it writes y j based on the current hidden state s j , then updates the hidden state to s j+1 based on s j and y j . The decoder is formally defined by the following equations:</p><formula xml:id="formula_3">s 1 = tanh(W (s) [h F m , h B 1 ]) (3) e ji = s T j W (a) b i (4) a ji = exp(e ji ) m i =1 exp(e ji )<label>(5)</label></formula><formula xml:id="formula_4">c j = m i=1 a ji b i<label>(6)</label></formula><formula xml:id="formula_5">P (y j = w|x, y 1:j−1 ) ∝ exp(U w [s j , c j ]) (7) s j+1 = LST M ([φ (y) (y j ), c j ], s j )<label>(8)</label></formula><p>where the normalized attention scores a ji defines the probability distribution over input words, indicating the attention probability on input word i at time j; e ji is un-normalized attention score. To incorporate constraints during decoding, an extra controller component is added and its details will be described in Section 3.3. Action Embedding. The above decoder needs the embedding of each action. As described above, each action has two parts, one for structure (e.g., add edge), and the other for semantic (e.g., next to).</p><p>As a result, actions may share the same structure or semantic part, e.g., add edge:next to and add edge:loc have the same structure part, and add node:A and arg node:A have the same semantic part. To make parameters more compact, we first embed the structure part and the semantic part independently, then concatenate them to get the final embedding. For instance, φ (y) (add edge:</p><formula xml:id="formula_6">next to ) = [ φ (y) strut ( add edge ), φ (y) sem ( next to )].</formula><p>The action embeddings φ (y) are learned during training.</p></div>
<div xmlns="http://www.tei-c.org/ns/1.0"><head n="3">Constrained Semantic Parsing using Sequence-to-Action Model</head><p>In this section, we describe how to build a neural semantic parser using sequence-to-action model. We first describe the training and the inference of our model, and then introduce how to incorporate structure and semantic constraints during decoding.</p></div>
<div xmlns="http://www.tei-c.org/ns/1.0"><head n="3.1">Training</head><p>Parameter Estimation. The parameters of our model include RNN parameters W (s) , W (a) , U w , word embeddings φ (x) , and action embeddings φ (y) . We estimate these parameters from training data. Given a training example with a sentence X and its action sequence Y , we maximize the likelihood of the generated sequence of actions given X. The objective function is:</p><formula xml:id="formula_7">n i=1 log P (Y i |X i )<label>(9)</label></formula><p>Standard stochastic gradient descent algorithm is employed to update parameters. Logical Form to Action Sequence. Currently, most datasets of semantic parsing are labeled with logical forms. In order to train our model, we convert logical forms to action sequences using semantic graph as an intermediate representation (See <ref type="figure" target="#fig_3">Figure 4</ref> for an overview). Concretely, we transform logical forms into semantic graphs using a depth-first-search algorithm from root, and then generate the action sequence using the same order. Specifically, entities, variables and types are nodes; relations are edges. Conversely we can convert action sequence to logical form similarly. Based on the above algorithm, action sequences can be transformed into logical forms in a deterministic way, and the same for logical forms to action sequences. Mechanisms for Handling Entities. Entities play an important role in semantic parsing <ref type="bibr" target="#b44">(Yih et al., 2015)</ref>. In <ref type="bibr" target="#b12">Dong and Lapata (2016)</ref>, entities are replaced with their types and unique IDs. In <ref type="bibr" target="#b19">Jia and Liang (2016)</ref>, entities are generated via attention-based copying mechanism helped with a lexicon. This paper implements both mechanisms and compares them in experiments.</p></div>
<div xmlns="http://www.tei-c.org/ns/1.0"><head n="3.2">Inference</head><p>Given a new sentence X, we predict action sequence by:</p><formula xml:id="formula_8">Y * = argmax Y P (Y |X)<label>(10)</label></formula><p>where Y represents action sequence, and P (Y |X) is computed using Formula (1). Beam search is used for best action sequence decoding. Semantic graph and logical form can be derived from Y * as described in above.</p></div>
<div xmlns="http://www.tei-c.org/ns/1.0"><head n="3.3">Incorporating Constraints in Decoding</head><p>For decoding, we generate action sequentially. It is obviously that the next action has a strong correlation with the partial semantic graph generated to current, and illegal actions can be filtered using structure and semantic constraints. Specifically, we incorporate constraints in decoding using a controller. This procedure has two steps: 1) the controller constructs partial semantic graph using the actions generated to current; 2) the controller checks whether a new generated action can meet  <ref type="figure">Figure 5</ref>: A demonstration of illegal action filtering using constraints. The graph in color is the constructed semantic graph to current.</p><p>all structure/semantic constraints using the partial semantic graph.</p><p>Structure Constraints. The structure constraints ensure action sequence will form a connected acyclic graph. For example, there must be two argument nodes for an edge, and the two argument nodes should be different (The third candidate next action in <ref type="figure">Figure 5</ref> violates this constraint). This kind of constraints are domain-independent. The controller encodes structure constraints as a set of rules.</p><p>Semantic Constraints. The semantic constraints ensure the constructed graph must follow the schema of knowledge bases. Specifically, we model two types of semantic constraints. One is selectional preference constraints where the argument types of a relation should follow knowledge base schemas. For example, in GEO dataset, relation next to's arg1 and arg2 should both be a state. The second is type conflict constraints, i.e., an entity/variable node's type must be consistent, i.e., a node cannot be both of type city and state. Semantic constraints are domain-specific and are automatically extracted from knowledge base schemas. The controller encodes semantic constraints as a set of rules.</p></div>
<div xmlns="http://www.tei-c.org/ns/1.0"><head n="4">Experiments</head><p>In this section, we assess the performance of our method and compare it with previous methods.</p></div>
<div xmlns="http://www.tei-c.org/ns/1.0"><head n="4.1">Datasets</head><p>We conduct experiments on three standard datasets: GEO, ATIS and OVERNIGHT. GEO contains natural language questions about US geography paired with corresponding Prolog database queries. Following <ref type="bibr" target="#b49">Zettlemoyer and Collins (2005)</ref>, we use the standard 600/280 instance splits for training/test. ATIS contains natural language questions of a flight database, with each question is annotated with a lambda calculus query. Following Zettlemoyer and Collins <ref type="formula" target="#formula_1">(2007)</ref>, we use the standard 4473/448 instance splits for training/test. OVERNIGHT contains natural language paraphrases paired with logical forms across eight domains. We evaluate on the standard train/test splits as <ref type="bibr" target="#b41">Wang et al. (2015b)</ref>.</p></div>
<div xmlns="http://www.tei-c.org/ns/1.0"><head n="4.2">Experimental Settings</head><p>Following the experimental setup of <ref type="bibr" target="#b19">Jia and Liang (2016)</ref>: we use 200 hidden units and 100dimensional word vectors for sentence encoding. The dimensions of action embedding are tuned on validation datasets for each corpus. We initialize all parameters by uniformly sampling within the interval [-0.1, 0.1]. We train our model for a total of 30 epochs with an initial learning rate of 0.1, and halve the learning rate every 5 epochs after epoch 15. We replace word vectors for words occurring only once with an universal word vector. The beam size is set as 5. Our model is implemented in Theano <ref type="bibr" target="#b6">(Bergstra et al., 2010)</ref>, and the codes and settings are released on Github: https://github.com/dongpobeyond/Seq2Act. We evaluate different systems using the standard accuracy metric, and the accuracies on different datasets are obtained as same as <ref type="bibr" target="#b19">Jia and Liang (2016)</ref>.</p></div>
<div xmlns="http://www.tei-c.org/ns/1.0"><head n="4.3">Overall Results</head><p>We compare our method with state-of-the-art systems on all three datasets. Because all systems using the same training/test splits, we directly use the reported best performances from their original papers for fair comparison.</p><p>For our method, we train our model with three settings: the first one is the basic sequence-toaction model without constraints -Seq2Act; the second one adds structure constraints in decoding -Seq2Act (+C1); the third one is the full model which adds both structure and semantic GEO ATIS Previous Work <ref type="bibr" target="#b49">Zettlemoyer and Collins (2005)</ref>  constraints -Seq2Act (+C1+C2). Semantic constraints (C2) are stricter than structure constraints (C1). Therefore we set that C1 should be first met for C2 to be met. So in our experiments we add constraints incrementally. The overall results are shown in <ref type="table">Table 1</ref>-2. From the overall results, we can see that:</p><p>1) By synthetizing the advantages of semantic graph representation and the prediction ability of Seq2Seq model, our method achieves stateof-the-art performance on OVERNIGHT dataset, and gets competitive performance on GEO and ATIS dataset. In fact, on GEO our full model (Seq2Act+C1+C2) also gets the best test accuracy of 88.9 if under the same settings, which only falls behind <ref type="bibr" target="#b28">Liang et al. (2011)</ref>* which uses extra handcrafted lexicons and Jia and Liang (2016)* which uses extra augmented training data. On ATIS our full model gets the second best test accuracy of 85.5, which only falls behind <ref type="bibr" target="#b35">Rabinovich et al. (2017)</ref> which uses a supervised attention strategy. On OVERNIGHT, our full model gets state-of-theart accuracy of 79.0, which even outperforms <ref type="bibr" target="#b19">Jia and Liang (2016)</ref>* with extra augmented training data.</p><p>2) Compared with the linearized logical form representation used in previous Seq2Seq baselines, our action sequence encoding is more effective for semantic parsing. On all three datasets,  <ref type="formula" target="#formula_0">(2016)</ref>  OVERNGIHT, the Seq2Act model gets a test accuracy of 78.0, better than the best Seq2Seq baseline gets 77.5. We argue that this is because our action sequence encoding is more compact and can capture more information.</p><p>3) Structure constraints can enhance semantic parsing by ensuring the validity of graph using the generated action sequence. In all three datasets, Seq2Act (+C1) outperforms the basic Seq2Act model. This is because a part of illegal actions will be filtered during decoding. 4) By leveraging knowledge base schemas during decoding, semantic constraints are effective for semantic parsing. Compared to Seq2Act and Seq2Act (+C1), the Seq2Act (+C1+C2) gets the best performance on all three datasets. This is because semantic constraints can further filter semantic illegal actions using selectional preference and consistency between types.</p></div>
<div xmlns="http://www.tei-c.org/ns/1.0"><head n="4.4">Detailed Analysis</head><p>Effect of Entity Handling Mechanisms. This paper implements two entity handling mechanisms -Replacing <ref type="bibr" target="#b12">(Dong and Lapata, 2016)</ref> which identifies entities and then replaces them with their types and IDs, and attention-based Copying <ref type="bibr" target="#b19">(Jia and Liang, 2016)</ref>. To compare the above two mechanisms, we train and test with our full model and the results are shown in <ref type="table" target="#tab_7">Table 3</ref>. We can see that, Replacing mechanism outperforms Copying in all three datasets. This is because Replacing is done   in preprocessing, while attention-based Copying is done during parsing and needs additional copy mechanism. Linearized Logical Form vs. Action Sequence. <ref type="table" target="#tab_8">Table 4</ref> shows the average length of linearized logical forms used in previous Seq2Seq models and the action sequences of our model on all three datasets. As we can see, action sequence encoding is more compact than linearized logical form encoding: action sequence is shorter on all three datasets, 35.5%, 9.2% and 28.5% reduction in length respectively. The main advantage of a shorter/compact encoding is that it will reduce the influence of long distance dependency problem.</p></div>
<div xmlns="http://www.tei-c.org/ns/1.0"><head n="4.5">Error Analysis</head><p>We perform error analysis on results and find there are mainly two types of errors. Unseen/Informal Sentence Structure. Some test sentences have unseen syntactic structures. For example, the first case in <ref type="table">Table 5</ref> has an unseen Gold Parse: answer(A, count <ref type="bibr">(B, (const (C, stateid(iowa)</ref>), next to(C, B), state (B)), A)) Predicted Parse: answer (A, count(B, state(B), A))</p></div>
<div xmlns="http://www.tei-c.org/ns/1.0"><head>Under-Mapping</head><p>Sentence: Please show me first class flights from indianapolis to memphis one way leaving before 10am Gold Parse:</p><p>(lambda x (and (flight x) (oneway x) (class type x first:cl) (&lt; (departure time x) 1000:ti) (from x indianapolis:ci) (to x memphis:ci))) Predicted Parse: (lambda x (and (flight x) (oneway x) (&lt; (departure time x) 1000:ti) (from x indianapolis:ci) (to x memphis:ci))) <ref type="table">Table 5</ref>: Some examples for error analysis. Each example includes the sentence for parsing, with gold parse and predicted parse from our model. and informal structure, where entity word "Iowa" and relation word "borders" appear ahead of the question words "how many". For this problem, we can employ sentence rewriting or paraphrasing techniques <ref type="bibr" target="#b8">(Chen et al., 2016;</ref><ref type="bibr" target="#b13">Dong et al., 2017)</ref> to transform unseen sentence structures into normal ones. Under-Mapping. As <ref type="bibr" target="#b12">Dong and Lapata (2016)</ref> discussed, the attention model does not take the alignment history into consideration, makes some words are ignored during parsing. For example in the second case in <ref type="table">Table 5</ref>, "first class" is ignored during the decoding process. This problem can be further solved using explicit word coverage models used in neural machine translation <ref type="bibr" target="#b39">(Tu et al., 2016;</ref><ref type="bibr" target="#b11">Cohn et al., 2016)</ref> </p></div>
<div xmlns="http://www.tei-c.org/ns/1.0"><head n="5">Related Work</head><p>Semantic parsing has received significant attention for a long time <ref type="bibr" target="#b20">(Kate and Mooney, 2006;</ref><ref type="bibr" target="#b10">Clarke et al., 2010;</ref><ref type="bibr" target="#b22">Krishnamurthy and Mitchell, 2012;</ref><ref type="bibr" target="#b5">Berant and Liang, 2014;</ref><ref type="bibr" target="#b34">Quirk et al., 2015;</ref><ref type="bibr" target="#b0">Artzi et al., 2015;</ref>. Traditional methods are mostly based on the principle of compositional semantics, which first trigger predicates using lexicons and then compose them using grammars. The prominent grammars include SCFG <ref type="bibr" target="#b42">(Wong and Mooney, 2007;</ref><ref type="bibr" target="#b26">Li et al., 2015)</ref>, CCG <ref type="bibr" target="#b49">(Zettlemoyer and Collins, 2005;</ref><ref type="bibr" target="#b25">Kwiatkowski et al., 2011;</ref><ref type="bibr" target="#b7">Cai and Yates, 2013)</ref>, DCS <ref type="bibr" target="#b28">(Liang et al., 2011;</ref><ref type="bibr" target="#b4">Berant et al., 2013)</ref>, etc. As discussed above, the main drawback of grammar-based methods is that they rely on high-quality lexicons, manually-built grammars, and hand-crafted features.</p><p>In recent years, one promising direction of semantic parsing is to use semantic graph as representation. Thus semantic parsing is modeled as a semantic graph generation process. <ref type="bibr" target="#b14">Ge and Mooney (2009)</ref> build semantic graph by trans-forming syntactic tree. <ref type="bibr" target="#b3">Bast and Haussmann (2015)</ref> identify the structure of a semantic query using three pre-defined patterns. <ref type="bibr" target="#b36">Reddy et al. (2014</ref><ref type="bibr" target="#b37">Reddy et al. ( , 2016</ref> use Freebase-based semantic graph representation, and convert sentences to semantic graphs using CCG or dependency tree. <ref type="bibr" target="#b44">Yih et al. (2015)</ref> generate semantic graphs using a staged heuristic search algorithm. These methods are all based on manually-designed, heuristic generation process, which may suffer from syntactic parse errors <ref type="bibr" target="#b14">(Ge and Mooney, 2009;</ref><ref type="bibr" target="#b36">Reddy et al., 2014</ref><ref type="bibr" target="#b37">Reddy et al., , 2016</ref>, structure mismatch <ref type="bibr" target="#b8">(Chen et al., 2016)</ref>, and are hard to deal with complex sentences <ref type="bibr" target="#b44">(Yih et al., 2015)</ref>.</p><p>One other direction is to employ neural Seq2Seq models, which models semantic parsing as an end-to-end, sentence to logical form machine translation problem. <ref type="bibr" target="#b12">Dong and Lapata (2016)</ref>, <ref type="bibr" target="#b19">Jia and Liang (2016)</ref> and <ref type="bibr" target="#b43">Xiao et al. (2016)</ref> transform word sequence to linearized logical forms. One main drawback of these methods is that it is hard to capture and exploit structure and semantic constraints using linearized logical forms. <ref type="bibr" target="#b12">Dong and Lapata (2016)</ref> propose a Seq2Tree model to capture the hierarchical structure of logical forms.</p><p>It has been shown that structure and semantic constraints are effective for enhancing semantic parsing. <ref type="bibr" target="#b21">Krishnamurthy et al. (2017)</ref> use type constraints to filter illegal tokens. <ref type="bibr" target="#b27">Liang et al. (2017)</ref> adopt a Lisp interpreter with pre-defined functions to produce valid tokens. <ref type="bibr" target="#b18">Iyyer et al. (2017)</ref> adopt type constraints to generate valid actions. Inspired by these approaches, we also incorporate both structure and semantic constraints in our neural sequence-to-action model.</p><p>Transition-based approaches are important in both dependency parsing <ref type="bibr" target="#b32">(Nivre, 2008;</ref><ref type="bibr" target="#b16">Henderson et al., 2013)</ref> and AMR parsing <ref type="bibr" target="#b40">(Wang et al., 2015a)</ref>. In semantic parsing, our method has a tight-coupling with knowledge bases, and con-straints can be exploited for more accurate decoding. We believe this can also be used to enhance previous transition based methods and may also be used in other parsing tasks, e.g., AMR parsing.</p></div>
<div xmlns="http://www.tei-c.org/ns/1.0"><head n="6">Conclusions</head><p>This paper proposes Sequence-to-Action, a method which models semantic parsing as an end-to-end semantic graph generation process. By leveraging the advantages of semantic graph representation and exploiting the representation learning and prediction ability of Seq2Seq models, our method achieved significant performance improvements on three datasets. Furthermore, structure and semantic constraints can be easily incorporated in decoding to enhance semantic parsing.</p><p>For future work, to solve the problem of the lack of training data, we want to design weakly supervised learning algorithm using denotations (QA pairs) as supervision. Furthermore, we want to collect labeled data by designing an interactive UI for annotation assist like <ref type="bibr" target="#b46">(Yih et al., 2016)</ref>, which uses semantic graphs to annotate the meaning of sentences, since semantic graph is more natural and can be easily annotated without the need of expert knowledge.</p></div><figure xmlns="http://www.tei-c.org/ns/1.0" xml:id="fig_0"><head>Figure 1 :</head><label>1</label><figDesc>Overview of our method, with a demonstration example.</figDesc></figure>
<figure xmlns="http://www.tei-c.org/ns/1.0" xml:id="fig_2"><head>Figure 3 :</head><label>3</label><figDesc>Our attention-based Sequence-to-Action RNN model, with a controller for incorporating constraints.</figDesc></figure>
<figure xmlns="http://www.tei-c.org/ns/1.0" xml:id="fig_3"><head>Figure 4 :</head><label>4</label><figDesc>The procedure of converting between logical form and action sequence.</figDesc></figure>
<figure xmlns="http://www.tei-c.org/ns/1.0" type="table" xml:id="tab_4" validated="false"><head></head><label></label><figDesc>Soc. Blo. Bas. Res. Cal. Hou. Pub. Rec. Avg.</figDesc><table>Previous Work 
Wang et al. (2015b) 
48.2 41.9 46.3 75.9 74.4 54.0 59.0 70.8 58.8 
Seq2Seq Models 
Xiao et al. (2016) 
80.0 55.6 80.5 80.1 75.0 61.9 75.8 
-
72.7 
Jia and Liang (2016) 
81.4 58.1 85.2 76.2 78.0 71.4 76.4 79.6 75.8 
Jia and Liang </table></figure>
<figure xmlns="http://www.tei-c.org/ns/1.0" type="table" xml:id="tab_5" validated="false"><head>Table 2 :</head><label>2</label><figDesc></figDesc><table>Test accuracies on OVERNIGHT dataset, which includes eight domains: Social, Blocks, Bas-
ketball, Restaurants, Calendar, Housing, Publications, and Recipes. 

our basic Seq2Act model gets better results than 
all Seq2Seq baselines. On GEO, the Seq2Act 
model achieve test accuracy of 87.5, better than 
the best accuracy 87.1 of Seq2Seq baseline. On 
ATIS, the Seq2Act model obtains a test accuracy 
of 84.6, the same as the best Seq2Seq baseline. On 
</table></figure>
<figure xmlns="http://www.tei-c.org/ns/1.0" type="table" xml:id="tab_7" validated="false"><head>Table 3 :</head><label>3</label><figDesc></figDesc><table>Test accuracies of Seq2Act (+C1+C2) on 
GEO, ATIS, and OVERNIGHT of two entity han-
dling mechanisms. 

Logical Form Action Sequence 
GEO 
28.2 
18.2 
ATIS 
28.4 
25.8 
OVERNIGHT 
46.6 
33.3 

</table></figure>
<figure xmlns="http://www.tei-c.org/ns/1.0" type="table" xml:id="tab_8" validated="false"><head>Table 4 :</head><label>4</label><figDesc></figDesc><table>Average length of logical forms and ac-
tion sequences on three datasets. On OVERNIGHT, 
we average across all eight domains. 

</table></figure>
		</body>
		<back>

			<div type="acknowledgement">
<div xmlns="http://www.tei-c.org/ns/1.0"><head>Acknowledgments</head><p>This research work is supported by the National Key Research and Development Program of China under Grant No.2017YFB1002104; and the National Natural Science Foundation of China under Grants no. 61572477 and 61772505. Moreover, we sincerely thank the reviewers for their valuable comments.</p></div>
			</div>

			<div type="references">

				<listBibl>

<biblStruct xml:id="b0">
	<analytic>
		<title level="a" type="main">Broad-coverage ccg semantic parsing with amr</title>
		<author>
			<persName xmlns="http://www.tei-c.org/ns/1.0"><forename type="first">Yoav</forename><surname>Artzi</surname></persName>
		</author>
		<author>
			<persName xmlns="http://www.tei-c.org/ns/1.0"><forename type="first">Kenton</forename><surname>Lee</surname></persName>
		</author>
		<author>
			<persName xmlns="http://www.tei-c.org/ns/1.0"><forename type="first">Luke</forename><surname>Zettlemoyer</surname></persName>
		</author>
		<ptr target="http://aclweb.org/anthology/D15-1198" />
	</analytic>
	<monogr>
		<title level="m">Proceedings of the 2015 Conference on Empirical Methods in Natural Language Processing</title>
		<meeting>the 2015 Conference on Empirical Methods in Natural Language Processing<address><addrLine>Lisbon, Portugal</addrLine></address></meeting>
		<imprint>
			<publisher>Association for Computational Linguistics</publisher>
			<date type="published" when="2015" />
			<biblScope unit="page" from="1699" to="1710" />
		</imprint>
	</monogr>
</biblStruct>

<biblStruct xml:id="b1">
	<analytic>
		<title level="a" type="main">Weakly supervised learning of semantic parsers for mapping instructions to actions</title>
		<author>
			<persName xmlns="http://www.tei-c.org/ns/1.0"><forename type="first">Yoav</forename><surname>Artzi</surname></persName>
		</author>
		<author>
			<persName xmlns="http://www.tei-c.org/ns/1.0"><forename type="first">Luke</forename><surname>Zettlemoyer</surname></persName>
		</author>
	</analytic>
	<monogr>
		<title level="j">Transactions of the Association for Computational Linguistics</title>
		<imprint>
			<biblScope unit="volume">1</biblScope>
			<biblScope unit="issue">1</biblScope>
			<biblScope unit="page" from="49" to="62" />
			<date type="published" when="2013" />
		</imprint>
	</monogr>
</biblStruct>

<biblStruct xml:id="b2">
	<monogr>
		<title level="m" type="main">Neural machine translation by jointly learning to align and translate</title>
		<author>
			<persName xmlns="http://www.tei-c.org/ns/1.0"><forename type="first">Dzmitry</forename><surname>Bahdanau</surname></persName>
		</author>
		<author>
			<persName xmlns="http://www.tei-c.org/ns/1.0"><forename type="first">Kyunghyun</forename><surname>Cho</surname></persName>
		</author>
		<author>
			<persName xmlns="http://www.tei-c.org/ns/1.0"><forename type="first">Yoshua</forename><surname>Bengio</surname></persName>
		</author>
		<idno>CoRR abs/1409.0473</idno>
		<ptr target="http://arxiv.org/abs/1409.0473" />
		<imprint>
			<date type="published" when="2014" />
		</imprint>
	</monogr>
</biblStruct>

<biblStruct xml:id="b3">
	<analytic>
		<title level="a" type="main">More accurate question answering on freebase</title>
		<author>
			<persName xmlns="http://www.tei-c.org/ns/1.0"><forename type="first">Hannah</forename><surname>Bast</surname></persName>
		</author>
		<author>
			<persName xmlns="http://www.tei-c.org/ns/1.0"><forename type="first">Elmar</forename><surname>Haussmann</surname></persName>
		</author>
		<idno type="DOI">10.1145/2806416.2806472</idno>
		<ptr target="https://doi.org/10.1145/2806416.2806472" />
	</analytic>
	<monogr>
		<title level="m">Proceedings of the 24th ACM International on Conference on Information and Knowledge Management, CIKM 2015</title>
		<meeting>the 24th ACM International on Conference on Information and Knowledge Management, CIKM 2015<address><addrLine>Melbourne, VIC, Australia</addrLine></address></meeting>
		<imprint>
			<date type="published" when="2015-10-19" />
			<biblScope unit="page" from="1431" to="1440" />
		</imprint>
	</monogr>
</biblStruct>

<biblStruct xml:id="b4">
	<analytic>
		<title level="a" type="main">Semantic parsing on Freebase from question-answer pairs</title>
		<author>
			<persName xmlns="http://www.tei-c.org/ns/1.0"><forename type="first">Jonathan</forename><surname>Berant</surname></persName>
		</author>
		<author>
			<persName xmlns="http://www.tei-c.org/ns/1.0"><forename type="first">Andrew</forename><surname>Chou</surname></persName>
		</author>
		<author>
			<persName xmlns="http://www.tei-c.org/ns/1.0"><forename type="first">Roy</forename><surname>Frostig</surname></persName>
		</author>
		<author>
			<persName xmlns="http://www.tei-c.org/ns/1.0"><forename type="first">Percy</forename><surname>Liang</surname></persName>
		</author>
		<ptr target="http://www.aclweb.org/anthology/D13-1160" />
	</analytic>
	<monogr>
		<title level="m">Proceedings of the 2013 Conference on Empirical Methods in Natural Language Processing</title>
		<meeting>the 2013 Conference on Empirical Methods in Natural Language Processing<address><addrLine>Seattle, Washington, USA</addrLine></address></meeting>
		<imprint>
			<publisher>Association for Computational Linguistics</publisher>
			<date type="published" when="2013" />
			<biblScope unit="page" from="1533" to="1544" />
		</imprint>
	</monogr>
</biblStruct>

<biblStruct xml:id="b5">
	<analytic>
		<title level="a" type="main">Semantic parsing via paraphrasing</title>
		<author>
			<persName xmlns="http://www.tei-c.org/ns/1.0"><forename type="first">Jonathan</forename><surname>Berant</surname></persName>
		</author>
		<author>
			<persName xmlns="http://www.tei-c.org/ns/1.0"><forename type="first">Percy</forename><surname>Liang</surname></persName>
		</author>
		<ptr target="http://www.aclweb.org/anthology/P14-1133" />
	</analytic>
	<monogr>
		<title level="m">Proceedings of the 52nd Annual Meeting of the Association for Computational Linguistics</title>
		<meeting>the 52nd Annual Meeting of the Association for Computational Linguistics<address><addrLine>Baltimore, Maryland</addrLine></address></meeting>
		<imprint>
			<date type="published" when="2014" />
			<biblScope unit="volume">1</biblScope>
			<biblScope unit="page" from="1415" to="1425" />
		</imprint>
	</monogr>
	<note>Long Papers). Association for Computational Linguistics</note>
</biblStruct>

<biblStruct xml:id="b6">
	<analytic>
		<title level="a" type="main">Theano: A cpu and gpu math compiler in python</title>
		<author>
			<persName xmlns="http://www.tei-c.org/ns/1.0"><forename type="first">James</forename><surname>Bergstra</surname></persName>
		</author>
		<author>
			<persName xmlns="http://www.tei-c.org/ns/1.0"><forename type="first">Olivier</forename><surname>Breuleux</surname></persName>
		</author>
		<author>
			<persName xmlns="http://www.tei-c.org/ns/1.0"><forename type="first">Frédéric</forename><surname>Bastien</surname></persName>
		</author>
		<author>
			<persName xmlns="http://www.tei-c.org/ns/1.0"><forename type="first">Pascal</forename><surname>Lamblin</surname></persName>
		</author>
		<author>
			<persName xmlns="http://www.tei-c.org/ns/1.0"><forename type="first">Razvan</forename><surname>Pascanu</surname></persName>
		</author>
		<author>
			<persName xmlns="http://www.tei-c.org/ns/1.0"><forename type="first">Guillaume</forename><surname>Desjardins</surname></persName>
		</author>
		<author>
			<persName xmlns="http://www.tei-c.org/ns/1.0"><forename type="first">Joseph</forename><surname>Turian</surname></persName>
		</author>
		<author>
			<persName xmlns="http://www.tei-c.org/ns/1.0"><forename type="first">David</forename><surname>Warde-Farley</surname></persName>
		</author>
		<author>
			<persName xmlns="http://www.tei-c.org/ns/1.0"><forename type="first">Yoshua</forename><surname>Bengio</surname></persName>
		</author>
	</analytic>
	<monogr>
		<title level="m">Proc. 9th Python in Science Conf</title>
		<meeting>9th Python in Science Conf</meeting>
		<imprint>
			<date type="published" when="2010" />
			<biblScope unit="page" from="1" to="7" />
		</imprint>
	</monogr>
</biblStruct>

<biblStruct xml:id="b7">
	<analytic>
		<title level="a" type="main">Large-scale semantic parsing via schema matching and lexicon extension</title>
		<author>
			<persName xmlns="http://www.tei-c.org/ns/1.0"><forename type="first">Qingqing</forename><surname>Cai</surname></persName>
		</author>
		<author>
			<persName xmlns="http://www.tei-c.org/ns/1.0"><forename type="first">Alexander</forename><surname>Yates</surname></persName>
		</author>
		<ptr target="http://www.aclweb.org/anthology/P13-1042" />
	</analytic>
	<monogr>
		<title level="m">Proceedings of the 51st Annual Meeting of the Association for Computational Linguistics</title>
		<meeting>the 51st Annual Meeting of the Association for Computational Linguistics<address><addrLine>Sofia, Bulgaria</addrLine></address></meeting>
		<imprint>
			<date type="published" when="2013" />
			<biblScope unit="volume">1</biblScope>
			<biblScope unit="page" from="423" to="433" />
		</imprint>
	</monogr>
	<note>Long Papers). Association for Computational Linguistics</note>
</biblStruct>

<biblStruct xml:id="b8">
	<analytic>
		<title level="a" type="main">Sentence rewriting for semantic parsing</title>
		<author>
			<persName xmlns="http://www.tei-c.org/ns/1.0"><forename type="first">Bo</forename><surname>Chen</surname></persName>
		</author>
		<author>
			<persName xmlns="http://www.tei-c.org/ns/1.0"><forename type="first">Le</forename><surname>Sun</surname></persName>
		</author>
		<author>
			<persName xmlns="http://www.tei-c.org/ns/1.0"><forename type="first">Xianpei</forename><surname>Han</surname></persName>
		</author>
		<author>
			<persName xmlns="http://www.tei-c.org/ns/1.0"><forename type="first">Bo</forename><surname>An</surname></persName>
		</author>
		<ptr target="http://www.aclweb.org/anthology/P16-1073" />
	</analytic>
	<monogr>
		<title level="m">Proceedings of the 54th Annual Meeting of the Association for Computational Linguistics</title>
		<meeting>the 54th Annual Meeting of the Association for Computational Linguistics<address><addrLine>Berlin, Germany</addrLine></address></meeting>
		<imprint>
			<date type="published" when="2016" />
			<biblScope unit="page" from="766" to="777" />
		</imprint>
	</monogr>
	<note>Long Papers). Association for Computational Linguistics</note>
</biblStruct>

<biblStruct xml:id="b9">
	<analytic>
		<title level="a" type="main">Learning phrase representations using rnn encoder-decoder for statistical machine translation</title>
		<author>
			<persName xmlns="http://www.tei-c.org/ns/1.0"><forename type="first">Kyunghyun</forename><surname>Cho</surname></persName>
		</author>
		<author>
			<persName xmlns="http://www.tei-c.org/ns/1.0"><forename type="first">Caglar</forename><surname>Bart Van Merrienboer</surname></persName>
		</author>
		<author>
			<persName xmlns="http://www.tei-c.org/ns/1.0"><forename type="first">Dzmitry</forename><surname>Gulcehre</surname></persName>
		</author>
		<author>
			<persName xmlns="http://www.tei-c.org/ns/1.0"><forename type="first">Fethi</forename><surname>Bahdanau</surname></persName>
		</author>
		<author>
			<persName xmlns="http://www.tei-c.org/ns/1.0"><forename type="first">Holger</forename><surname>Bougares</surname></persName>
		</author>
		<author>
			<persName xmlns="http://www.tei-c.org/ns/1.0"><forename type="first">Yoshua</forename><surname>Schwenk</surname></persName>
		</author>
		<author>
			<persName xmlns="http://www.tei-c.org/ns/1.0"><surname>Bengio</surname></persName>
		</author>
		<ptr target="http://www.aclweb.org/anthology/D14-1179" />
	</analytic>
	<monogr>
		<title level="m">Proceedings of the 2014 Conference on Empirical Methods in Natural Language Processing (EMNLP)</title>
		<meeting>the 2014 Conference on Empirical Methods in Natural Language Processing (EMNLP)<address><addrLine>Doha, Qatar</addrLine></address></meeting>
		<imprint>
			<publisher>Association for Computational Linguistics</publisher>
			<date type="published" when="2014" />
			<biblScope unit="page" from="1724" to="1734" />
		</imprint>
	</monogr>
</biblStruct>

<biblStruct xml:id="b10">
	<analytic>
		<title level="a" type="main">Driving semantic parsing from the world&apos;s response</title>
		<author>
			<persName xmlns="http://www.tei-c.org/ns/1.0"><forename type="first">James</forename><surname>Clarke</surname></persName>
		</author>
		<author>
			<persName xmlns="http://www.tei-c.org/ns/1.0"><forename type="first">Dan</forename><surname>Goldwasser</surname></persName>
		</author>
		<author>
			<persName xmlns="http://www.tei-c.org/ns/1.0"><forename type="first">Ming-Wei</forename><surname>Chang</surname></persName>
		</author>
		<author>
			<persName xmlns="http://www.tei-c.org/ns/1.0"><forename type="first">Dan</forename><forename type="middle">Roth</forename></persName>
		</author>
		<ptr target="http://www.aclweb.org/anthology/W10-2903" />
	</analytic>
	<monogr>
		<title level="m">Proceedings of the Fourteenth Conference on Computational Natural Language Learning. Association for Computational Linguistics</title>
		<meeting>the Fourteenth Conference on Computational Natural Language Learning. Association for Computational Linguistics<address><addrLine>Uppsala, Sweden</addrLine></address></meeting>
		<imprint>
			<date type="published" when="2010" />
			<biblScope unit="page" from="18" to="27" />
		</imprint>
	</monogr>
</biblStruct>

<biblStruct xml:id="b11">
	<analytic>
		<title level="a" type="main">Incorporating structural alignment biases into an attentional neural translation model</title>
		<author>
			<persName xmlns="http://www.tei-c.org/ns/1.0"><forename type="first">Trevor</forename><surname>Cohn</surname></persName>
		</author>
		<author>
			<persName xmlns="http://www.tei-c.org/ns/1.0"><forename type="first">Cong Duy Vu</forename><surname>Hoang</surname></persName>
		</author>
		<author>
			<persName xmlns="http://www.tei-c.org/ns/1.0"><forename type="first">Ekaterina</forename><surname>Vymolova</surname></persName>
		</author>
		<author>
			<persName xmlns="http://www.tei-c.org/ns/1.0"><forename type="first">Kaisheng</forename><surname>Yao</surname></persName>
		</author>
		<author>
			<persName xmlns="http://www.tei-c.org/ns/1.0"><forename type="first">Chris</forename><surname>Dyer</surname></persName>
		</author>
		<author>
			<persName xmlns="http://www.tei-c.org/ns/1.0"><forename type="first">Gholamreza</forename><surname>Haffari</surname></persName>
		</author>
		<ptr target="http://www.aclweb.org/anthology/N16-1102" />
	</analytic>
	<monogr>
		<title level="m">Proceedings of the 2016 Conference of the North American Chapter of the Association for Computational Linguistics: Human Language Technologies</title>
		<meeting>the 2016 Conference of the North American Chapter of the Association for Computational Linguistics: Human Language Technologies<address><addrLine>San Diego, California</addrLine></address></meeting>
		<imprint>
			<publisher>Association for Computational Linguistics</publisher>
			<date type="published" when="2016" />
			<biblScope unit="page" from="876" to="885" />
		</imprint>
	</monogr>
</biblStruct>

<biblStruct xml:id="b12">
	<analytic>
		<title level="a" type="main">Language to logical form with neural attention</title>
		<author>
			<persName xmlns="http://www.tei-c.org/ns/1.0"><forename type="first">Li</forename><surname>Dong</surname></persName>
		</author>
		<author>
			<persName xmlns="http://www.tei-c.org/ns/1.0"><forename type="first">Mirella</forename><surname>Lapata</surname></persName>
		</author>
		<ptr target="http://www.aclweb.org/anthology/P16-1004" />
	</analytic>
	<monogr>
		<title level="m">Proceedings of the 54th Annual Meeting of the Association for Computational Linguistics</title>
		<meeting>the 54th Annual Meeting of the Association for Computational Linguistics<address><addrLine>Berlin, Germany</addrLine></address></meeting>
		<imprint>
			<date type="published" when="2016" />
			<biblScope unit="page" from="33" to="43" />
		</imprint>
	</monogr>
	<note>Long Papers). Association for Computational Linguistics</note>
</biblStruct>

<biblStruct xml:id="b13">
	<analytic>
		<title level="a" type="main">Learning to paraphrase for question answering</title>
		<author>
			<persName xmlns="http://www.tei-c.org/ns/1.0"><forename type="first">Li</forename><surname>Dong</surname></persName>
		</author>
		<author>
			<persName xmlns="http://www.tei-c.org/ns/1.0"><forename type="first">Jonathan</forename><surname>Mallinson</surname></persName>
		</author>
		<author>
			<persName xmlns="http://www.tei-c.org/ns/1.0"><forename type="first">Siva</forename><surname>Reddy</surname></persName>
		</author>
		<author>
			<persName xmlns="http://www.tei-c.org/ns/1.0"><forename type="first">Mirella</forename><surname>Lapata</surname></persName>
		</author>
		<ptr target="https://www.aclweb.org/anthology/D17-1091" />
	</analytic>
	<monogr>
		<title level="m">Proceedings of the 2017 Conference on Empirical Methods in Natural Language Processing</title>
		<meeting>the 2017 Conference on Empirical Methods in Natural Language Processing<address><addrLine>Copenhagen, Denmark</addrLine></address></meeting>
		<imprint>
			<publisher>Association for Computational Linguistics</publisher>
			<date type="published" when="2017" />
			<biblScope unit="page" from="875" to="886" />
		</imprint>
	</monogr>
</biblStruct>

<biblStruct xml:id="b14">
	<analytic>
		<title level="a" type="main">Learning a compositional semantic parser using an existing syntactic parser</title>
		<author>
			<persName xmlns="http://www.tei-c.org/ns/1.0"><forename type="first">Ruifang</forename><surname>Ge</surname></persName>
		</author>
		<author>
			<persName xmlns="http://www.tei-c.org/ns/1.0"><forename type="first">Raymond</forename><surname>Mooney</surname></persName>
		</author>
		<ptr target="http://www.aclweb.org/anthology/P/P09/P09-1069" />
	</analytic>
	<monogr>
		<title level="m">Proceedings of the Joint Conference of the 47th Annual Meeting of the ACL and the 4th International Joint Conference on Natural Language Processing of the AFNLP</title>
		<meeting>the Joint Conference of the 47th Annual Meeting of the ACL and the 4th International Joint Conference on Natural Language Processing of the AFNLP<address><addrLine>Suntec, Singapore</addrLine></address></meeting>
		<imprint>
			<publisher>Association for Computational Linguistics</publisher>
			<date type="published" when="2009" />
			<biblScope unit="page" from="611" to="619" />
		</imprint>
	</monogr>
</biblStruct>

<biblStruct xml:id="b15">
	<analytic>
		<title level="a" type="main">Semantic processing using the hidden vector state model</title>
		<author>
			<persName xmlns="http://www.tei-c.org/ns/1.0"><forename type="first">Yulan</forename><surname>He</surname></persName>
		</author>
		<author>
			<persName xmlns="http://www.tei-c.org/ns/1.0"><forename type="first">Steve</forename><surname>Young</surname></persName>
		</author>
		<idno type="DOI">10.1016/j.csl.2004.03.001</idno>
		<ptr target="https://doi.org/https://doi.org/10.1016/j.csl.2004.03.001" />
	</analytic>
	<monogr>
		<title level="j">Computer Speech Language</title>
		<imprint>
			<biblScope unit="volume">19</biblScope>
			<biblScope unit="issue">1</biblScope>
			<biblScope unit="page" from="85" to="106" />
			<date type="published" when="2005" />
		</imprint>
	</monogr>
</biblStruct>

<biblStruct xml:id="b16">
	<analytic>
		<title level="a" type="main">Multilingual joint parsing of syntactic and semantic dependencies with a latent variable model</title>
		<author>
			<persName xmlns="http://www.tei-c.org/ns/1.0"><forename type="first">James</forename><surname>Henderson</surname></persName>
		</author>
		<author>
			<persName xmlns="http://www.tei-c.org/ns/1.0"><forename type="first">Paola</forename><surname>Merlo</surname></persName>
		</author>
		<author>
			<persName xmlns="http://www.tei-c.org/ns/1.0"><forename type="first">Ivan</forename><surname>Titov</surname></persName>
		</author>
		<author>
			<persName xmlns="http://www.tei-c.org/ns/1.0"><forename type="first">Gabriele</forename><surname>Musillo</surname></persName>
		</author>
		<idno type="DOI">10.1162/COLI_a_00158</idno>
		<ptr target="http://dx.doi.org/10.1162/COLIa00158" />
	</analytic>
	<monogr>
		<title level="j">Comput. Linguist</title>
		<imprint>
			<biblScope unit="volume">39</biblScope>
			<biblScope unit="issue">4</biblScope>
			<biblScope unit="page" from="949" to="998" />
			<date type="published" when="2013" />
		</imprint>
	</monogr>
</biblStruct>

<biblStruct xml:id="b17">
	<analytic>
		<title level="a" type="main">Long short-term memory</title>
		<author>
			<persName xmlns="http://www.tei-c.org/ns/1.0"><forename type="first">Sepp</forename><surname>Hochreiter</surname></persName>
		</author>
		<author>
			<persName xmlns="http://www.tei-c.org/ns/1.0"><forename type="first">Jürgen</forename><surname>Schmidhuber</surname></persName>
		</author>
		<idno type="DOI">10.1162/neco.1997.9.8.1735</idno>
		<ptr target="https://doi.org/10.1162/neco.1997.9.8.1735" />
	</analytic>
	<monogr>
		<title level="j">Neural Comput</title>
		<imprint>
			<biblScope unit="volume">9</biblScope>
			<biblScope unit="issue">8</biblScope>
			<biblScope unit="page" from="1735" to="1780" />
			<date type="published" when="1997" />
		</imprint>
	</monogr>
</biblStruct>

<biblStruct xml:id="b18">
	<analytic>
		<title level="a" type="main">Search-based neural structured learning for sequential question answering</title>
		<author>
			<persName xmlns="http://www.tei-c.org/ns/1.0"><forename type="first">Mohit</forename><surname>Iyyer</surname></persName>
		</author>
		<author>
			<persName xmlns="http://www.tei-c.org/ns/1.0"><forename type="first">Yih</forename><surname>Wen-Tau</surname></persName>
		</author>
		<author>
			<persName xmlns="http://www.tei-c.org/ns/1.0"><forename type="first">Ming-Wei</forename><surname>Chang</surname></persName>
		</author>
		<ptr target="http://aclweb.org/anthology/P17-1167" />
	</analytic>
	<monogr>
		<title level="m">Proceedings of the 55th Annual Meeting of the Association for Computational Linguistics</title>
		<meeting>the 55th Annual Meeting of the Association for Computational Linguistics<address><addrLine>Vancouver, Canada</addrLine></address></meeting>
		<imprint>
			<date type="published" when="2017" />
			<biblScope unit="volume">1</biblScope>
			<biblScope unit="page" from="1821" to="1831" />
		</imprint>
	</monogr>
	<note>Long Papers). Association for Computational Linguistics</note>
</biblStruct>

<biblStruct xml:id="b19">
	<analytic>
		<title level="a" type="main">Data recombination for neural semantic parsing</title>
		<author>
			<persName xmlns="http://www.tei-c.org/ns/1.0"><forename type="first">Robin</forename><surname>Jia</surname></persName>
		</author>
		<author>
			<persName xmlns="http://www.tei-c.org/ns/1.0"><forename type="first">Percy</forename><surname>Liang</surname></persName>
		</author>
		<ptr target="http://www.aclweb.org/anthology/P16-1002" />
	</analytic>
	<monogr>
		<title level="m">Proceedings of the 54th Annual Meeting of the Association for Computational Linguistics</title>
		<meeting>the 54th Annual Meeting of the Association for Computational Linguistics<address><addrLine>Berlin, Germany</addrLine></address></meeting>
		<imprint>
			<date type="published" when="2016" />
			<biblScope unit="page" from="12" to="22" />
		</imprint>
	</monogr>
	<note>Long Papers). Association for Computational Linguistics</note>
</biblStruct>

<biblStruct xml:id="b20">
	<analytic>
		<title level="a" type="main">Using string-kernels for learning semantic parsers</title>
		<author>
			<persName xmlns="http://www.tei-c.org/ns/1.0"><forename type="first">J</forename><surname>Rohit</surname></persName>
		</author>
		<author>
			<persName xmlns="http://www.tei-c.org/ns/1.0"><forename type="first">Raymond</forename><forename type="middle">J</forename><surname>Kate</surname></persName>
		</author>
		<author>
			<persName xmlns="http://www.tei-c.org/ns/1.0"><surname>Mooney</surname></persName>
		</author>
		<idno type="DOI">10.3115/1220175.1220290</idno>
		<ptr target="https://doi.org/10.3115/1220175.1220290" />
	</analytic>
	<monogr>
		<title level="m">Proceedings of the 21st International Conference on Computational Linguistics and 44th Annual Meeting of the Association for Computational Linguistics</title>
		<meeting>the 21st International Conference on Computational Linguistics and 44th Annual Meeting of the Association for Computational Linguistics<address><addrLine>Sydney, Australia</addrLine></address></meeting>
		<imprint>
			<publisher>Association for Computational Linguistics</publisher>
			<date type="published" when="2006" />
			<biblScope unit="page" from="913" to="920" />
		</imprint>
	</monogr>
</biblStruct>

<biblStruct xml:id="b21">
	<analytic>
		<title level="a" type="main">Neural semantic parsing with type constraints for semi-structured tables</title>
		<author>
			<persName xmlns="http://www.tei-c.org/ns/1.0"><forename type="first">Jayant</forename><surname>Krishnamurthy</surname></persName>
		</author>
		<author>
			<persName xmlns="http://www.tei-c.org/ns/1.0"><forename type="first">Pradeep</forename><surname>Dasigi</surname></persName>
		</author>
		<author>
			<persName xmlns="http://www.tei-c.org/ns/1.0"><forename type="first">Matt</forename><surname>Gardner</surname></persName>
		</author>
		<ptr target="https://www.aclweb.org/anthology/D17-1160" />
	</analytic>
	<monogr>
		<title level="m">Proceedings of the 2017 Conference on Empirical Methods in Natural Language Processing. Association for Computational Linguistics</title>
		<meeting>the 2017 Conference on Empirical Methods in Natural Language Processing. Association for Computational Linguistics<address><addrLine>Copenhagen, Denmark</addrLine></address></meeting>
		<imprint>
			<date type="published" when="2017" />
			<biblScope unit="page" from="1516" to="1526" />
		</imprint>
	</monogr>
</biblStruct>

<biblStruct xml:id="b22">
	<analytic>
		<title level="a" type="main">Weakly supervised training of semantic parsers</title>
		<author>
			<persName xmlns="http://www.tei-c.org/ns/1.0"><forename type="first">Jayant</forename><surname>Krishnamurthy</surname></persName>
		</author>
		<author>
			<persName xmlns="http://www.tei-c.org/ns/1.0"><forename type="first">Tom</forename><surname>Mitchell</surname></persName>
		</author>
		<ptr target="http://www.aclweb.org/anthology/D12-1069" />
	</analytic>
	<monogr>
		<title level="m">Proceedings of the 2012 Joint Conference on Empirical Methods in Natural Language Processing and Computational Natural Language Learning. Association for Computational Linguistics</title>
		<meeting>the 2012 Joint Conference on Empirical Methods in Natural Language Processing and Computational Natural Language Learning. Association for Computational Linguistics<address><addrLine>Jeju Island, Korea</addrLine></address></meeting>
		<imprint>
			<date type="published" when="2012" />
			<biblScope unit="page" from="754" to="765" />
		</imprint>
	</monogr>
</biblStruct>

<biblStruct xml:id="b23">
	<analytic>
		<title level="a" type="main">Inducing probabilistic CCG grammars from logical form with higher-order unification</title>
		<author>
			<persName xmlns="http://www.tei-c.org/ns/1.0"><forename type="first">Tom</forename><surname>Kwiatkowksi</surname></persName>
		</author>
		<author>
			<persName xmlns="http://www.tei-c.org/ns/1.0"><forename type="first">Luke</forename><surname>Zettlemoyer</surname></persName>
		</author>
		<author>
			<persName xmlns="http://www.tei-c.org/ns/1.0"><forename type="first">Sharon</forename><surname>Goldwater</surname></persName>
		</author>
		<author>
			<persName xmlns="http://www.tei-c.org/ns/1.0"><forename type="first">Mark</forename><surname>Steedman</surname></persName>
		</author>
		<ptr target="http://www.aclweb.org/anthology/D10-1119" />
	</analytic>
	<monogr>
		<title level="m">Proceedings of the 2010 Conference on Empirical Methods in Natural Language Processing. Association for Computational Linguistics</title>
		<meeting>the 2010 Conference on Empirical Methods in Natural Language Processing. Association for Computational Linguistics<address><addrLine>Cambridge, MA</addrLine></address></meeting>
		<imprint>
			<date type="published" when="2010" />
			<biblScope unit="page" from="1223" to="1233" />
		</imprint>
	</monogr>
</biblStruct>

<biblStruct xml:id="b24">
	<analytic>
		<title level="a" type="main">Scaling semantic parsers with on-the-fly ontology matching</title>
		<author>
			<persName xmlns="http://www.tei-c.org/ns/1.0"><forename type="first">Tom</forename><surname>Kwiatkowski</surname></persName>
		</author>
		<author>
			<persName xmlns="http://www.tei-c.org/ns/1.0"><forename type="first">Eunsol</forename><surname>Choi</surname></persName>
		</author>
		<author>
			<persName xmlns="http://www.tei-c.org/ns/1.0"><forename type="first">Yoav</forename><surname>Artzi</surname></persName>
		</author>
		<author>
			<persName xmlns="http://www.tei-c.org/ns/1.0"><forename type="first">Luke</forename><surname>Zettlemoyer</surname></persName>
		</author>
		<ptr target="http://www.aclweb.org/anthology/D13-1161" />
	</analytic>
	<monogr>
		<title level="m">Proceedings of the 2013 Conference on Empirical Methods in Natural Language Processing. Association for Computational Linguistics</title>
		<meeting>the 2013 Conference on Empirical Methods in Natural Language Processing. Association for Computational Linguistics<address><addrLine>Seattle, Washington, USA</addrLine></address></meeting>
		<imprint>
			<date type="published" when="2013" />
			<biblScope unit="page" from="1545" to="1556" />
		</imprint>
	</monogr>
</biblStruct>

<biblStruct xml:id="b25">
	<analytic>
		<title level="a" type="main">Lexical generalization in ccg grammar induction for semantic parsing</title>
		<author>
			<persName xmlns="http://www.tei-c.org/ns/1.0"><forename type="first">Tom</forename><surname>Kwiatkowski</surname></persName>
		</author>
		<author>
			<persName xmlns="http://www.tei-c.org/ns/1.0"><forename type="first">Luke</forename><surname>Zettlemoyer</surname></persName>
		</author>
		<author>
			<persName xmlns="http://www.tei-c.org/ns/1.0"><forename type="first">Sharon</forename><surname>Goldwater</surname></persName>
		</author>
		<author>
			<persName xmlns="http://www.tei-c.org/ns/1.0"><forename type="first">Mark</forename><surname>Steedman</surname></persName>
		</author>
		<ptr target="http://www.aclweb.org/anthology/D11-1140" />
	</analytic>
	<monogr>
		<title level="m">Proceedings of the 2011 Conference on Empirical Methods in Natural Language Processing. Association for Computational Linguistics</title>
		<meeting>the 2011 Conference on Empirical Methods in Natural Language Processing. Association for Computational Linguistics<address><addrLine>Edinburgh, Scotland, UK.</addrLine></address></meeting>
		<imprint>
			<date type="published" when="2011" />
			<biblScope unit="page" from="1512" to="1523" />
		</imprint>
	</monogr>
</biblStruct>

<biblStruct xml:id="b26">
	<analytic>
		<title level="a" type="main">Improving semantic parsing with enriched synchronous context-free grammar</title>
		<author>
			<persName xmlns="http://www.tei-c.org/ns/1.0"><forename type="first">Junhui</forename><surname>Li</surname></persName>
		</author>
		<author>
			<persName xmlns="http://www.tei-c.org/ns/1.0"><forename type="first">Muhua</forename><surname>Zhu</surname></persName>
		</author>
		<author>
			<persName xmlns="http://www.tei-c.org/ns/1.0"><forename type="first">Wei</forename><surname>Lu</surname></persName>
		</author>
		<author>
			<persName xmlns="http://www.tei-c.org/ns/1.0"><forename type="first">Guodong</forename><surname>Zhou</surname></persName>
		</author>
		<ptr target="http://aclweb.org/anthology/D15-1170" />
	</analytic>
	<monogr>
		<title level="m">Proceedings of the 2015 Conference on Empirical Methods in Natural Language Processing</title>
		<meeting>the 2015 Conference on Empirical Methods in Natural Language Processing<address><addrLine>Lisbon, Portugal</addrLine></address></meeting>
		<imprint>
			<publisher>Association for Computational Linguistics</publisher>
			<date type="published" when="2015" />
			<biblScope unit="page" from="1455" to="1465" />
		</imprint>
	</monogr>
</biblStruct>

<biblStruct xml:id="b27">
	<analytic>
		<title level="a" type="main">Neural symbolic machines: Learning semantic parsers on freebase with weak supervision</title>
		<author>
			<persName xmlns="http://www.tei-c.org/ns/1.0"><forename type="first">Chen</forename><surname>Liang</surname></persName>
		</author>
		<author>
			<persName xmlns="http://www.tei-c.org/ns/1.0"><forename type="first">Jonathan</forename><surname>Berant</surname></persName>
		</author>
		<author>
			<persName xmlns="http://www.tei-c.org/ns/1.0"><forename type="first">Quoc</forename><surname>Le</surname></persName>
		</author>
		<author>
			<persName xmlns="http://www.tei-c.org/ns/1.0"><forename type="first">Kenneth</forename><forename type="middle">D</forename><surname>Forbus</surname></persName>
		</author>
		<author>
			<persName xmlns="http://www.tei-c.org/ns/1.0"><forename type="first">Ni</forename><surname>Lao</surname></persName>
		</author>
	</analytic>
	<monogr>
		<title level="m">Proceedings of the 55th Annual Meeting of the Association for Computational Linguistics</title>
		<meeting>the 55th Annual Meeting of the Association for Computational Linguistics<address><addrLine>Vancouver, Canada</addrLine></address></meeting>
		<imprint>
			<publisher>Association for Computational Linguistics</publisher>
			<date type="published" when="2017" />
			<biblScope unit="volume">1</biblScope>
			<biblScope unit="page" from="23" to="33" />
		</imprint>
	</monogr>
	<note>Long Papers)</note>
</biblStruct>

<biblStruct xml:id="b28">
	<analytic>
		<title level="a" type="main">Learning dependency-based compositional semantics</title>
		<author>
			<persName xmlns="http://www.tei-c.org/ns/1.0"><forename type="first">Percy</forename><surname>Liang</surname></persName>
		</author>
		<author>
			<persName xmlns="http://www.tei-c.org/ns/1.0"><forename type="first">Michael</forename><surname>Jordan</surname></persName>
		</author>
		<author>
			<persName xmlns="http://www.tei-c.org/ns/1.0"><forename type="first">Dan</forename><surname>Klein</surname></persName>
		</author>
	</analytic>
	<monogr>
		<title level="m">Proceedings of the 49th</title>
		<meeting>the 49th</meeting>
		<imprint>
			<date type="published" when="2011" />
		</imprint>
	</monogr>
</biblStruct>

<biblStruct xml:id="b29">
	<monogr>
				<ptr target="http://www.aclweb.org/anthology/P11-1060" />
		<title level="m">Annual Meeting of the Association for Computational Linguistics: Human Language Technologies. Association for Computational Linguistics</title>
		<meeting><address><addrLine>Portland, Oregon, USA</addrLine></address></meeting>
		<imprint>
			<biblScope unit="page" from="590" to="599" />
		</imprint>
	</monogr>
</biblStruct>

<biblStruct xml:id="b30">
	<analytic>
		<title level="a" type="main">A generative model for parsing natural language to meaning representations</title>
		<author>
			<persName xmlns="http://www.tei-c.org/ns/1.0"><forename type="first">Wei</forename><surname>Lu</surname></persName>
		</author>
		<author>
			<persName xmlns="http://www.tei-c.org/ns/1.0"><forename type="first">Wee</forename><surname>Hwee Tou Ng</surname></persName>
		</author>
		<author>
			<persName xmlns="http://www.tei-c.org/ns/1.0"><forename type="first">Luke</forename><forename type="middle">S</forename><surname>Sun Lee</surname></persName>
		</author>
		<author>
			<persName xmlns="http://www.tei-c.org/ns/1.0"><surname>Zettlemoyer</surname></persName>
		</author>
		<ptr target="http://www.aclweb.org/anthology/D08-1082" />
	</analytic>
	<monogr>
		<title level="m">Proceedings of the 2008 Conference on Empirical Methods in Natural Language Processing</title>
		<meeting>the 2008 Conference on Empirical Methods in Natural Language Processing<address><addrLine>Honolulu, Hawaii</addrLine></address></meeting>
		<imprint>
			<publisher>Association for Computational Linguistics</publisher>
			<date type="published" when="2008" />
			<biblScope unit="page" from="783" to="792" />
		</imprint>
	</monogr>
</biblStruct>

<biblStruct xml:id="b31">
	<analytic>
		<title level="a" type="main">Effective approaches to attention-based neural machine translation</title>
		<author>
			<persName xmlns="http://www.tei-c.org/ns/1.0"><forename type="first">Thang</forename><surname>Luong</surname></persName>
		</author>
		<author>
			<persName xmlns="http://www.tei-c.org/ns/1.0"><forename type="first">Hieu</forename><surname>Pham</surname></persName>
		</author>
		<author>
			<persName xmlns="http://www.tei-c.org/ns/1.0"><forename type="first">Christopher</forename><forename type="middle">D</forename><surname>Manning</surname></persName>
		</author>
		<ptr target="http://aclweb.org/anthology/D15-1166" />
	</analytic>
	<monogr>
		<title level="m">Proceedings of the 2015 Conference on Empirical Methods in Natural Language Processing. Association for Computational Linguistics</title>
		<meeting>the 2015 Conference on Empirical Methods in Natural Language Processing. Association for Computational Linguistics<address><addrLine>Lisbon, Portugal</addrLine></address></meeting>
		<imprint>
			<date type="published" when="2015" />
			<biblScope unit="page" from="1412" to="1421" />
		</imprint>
	</monogr>
</biblStruct>

<biblStruct xml:id="b32">
	<analytic>
		<title level="a" type="main">Algorithms for deterministic incremental dependency parsing</title>
		<author>
			<persName xmlns="http://www.tei-c.org/ns/1.0"><forename type="first">Joakim</forename><surname>Nivre</surname></persName>
		</author>
		<idno type="DOI">10.1162/coli.07-056-R1-07-027</idno>
		<ptr target="http://dx.doi.org/10.1162/coli.07-056-R1-07-027" />
	</analytic>
	<monogr>
		<title level="j">Comput. Linguist</title>
		<imprint>
			<biblScope unit="volume">34</biblScope>
			<biblScope unit="issue">4</biblScope>
			<biblScope unit="page" from="513" to="553" />
			<date type="published" when="2008" />
		</imprint>
	</monogr>
</biblStruct>

<biblStruct xml:id="b33">
	<analytic>
		<title level="a" type="main">Grounded unsupervised semantic parsing</title>
		<author>
			<persName xmlns="http://www.tei-c.org/ns/1.0"><forename type="first">Hoifung</forename><surname>Poon</surname></persName>
		</author>
		<ptr target="http://www.aclweb.org/anthology/P13-1092" />
	</analytic>
	<monogr>
		<title level="m">Proceedings of the 51st Annual Meeting of the Association for Computational Linguistics</title>
		<meeting>the 51st Annual Meeting of the Association for Computational Linguistics<address><addrLine>Sofia, Bulgaria</addrLine></address></meeting>
		<imprint>
			<date type="published" when="2013" />
			<biblScope unit="volume">1</biblScope>
			<biblScope unit="page" from="933" to="943" />
		</imprint>
	</monogr>
	<note>Long Papers). Association for Computational Linguistics</note>
</biblStruct>

<biblStruct xml:id="b34">
	<analytic>
		<title level="a" type="main">Language to code: Learning semantic parsers for if-this-then-that recipes</title>
		<author>
			<persName xmlns="http://www.tei-c.org/ns/1.0"><forename type="first">Chris</forename><surname>Quirk</surname></persName>
		</author>
		<author>
			<persName xmlns="http://www.tei-c.org/ns/1.0"><forename type="first">Raymond</forename><surname>Mooney</surname></persName>
		</author>
		<author>
			<persName xmlns="http://www.tei-c.org/ns/1.0"><forename type="first">Michel</forename><surname>Galley</surname></persName>
		</author>
		<ptr target="http://www.aclweb.org/anthology/P15-1085" />
	</analytic>
	<monogr>
		<title level="m">Proceedings of the 53rd Annual Meeting of the Association for Computational Linguistics and the 7th International Joint Conference on Natural Language Processing</title>
		<meeting>the 53rd Annual Meeting of the Association for Computational Linguistics and the 7th International Joint Conference on Natural Language Processing<address><addrLine>Beijing, China</addrLine></address></meeting>
		<imprint>
			<date type="published" when="2015" />
			<biblScope unit="page" from="878" to="888" />
		</imprint>
	</monogr>
	<note>Long Papers). Association for Computational Linguistics</note>
</biblStruct>

<biblStruct xml:id="b35">
	<analytic>
		<title level="a" type="main">Abstract syntax networks for code generation and semantic parsing</title>
		<author>
			<persName xmlns="http://www.tei-c.org/ns/1.0"><forename type="first">Maxim</forename><surname>Rabinovich</surname></persName>
		</author>
		<author>
			<persName xmlns="http://www.tei-c.org/ns/1.0"><forename type="first">Mitchell</forename><surname>Stern</surname></persName>
		</author>
		<author>
			<persName xmlns="http://www.tei-c.org/ns/1.0"><forename type="first">Dan</forename><surname>Klein</surname></persName>
		</author>
		<ptr target="http://aclweb.org/anthology/P17-1105" />
	</analytic>
	<monogr>
		<title level="m">Proceedings of the 55th Annual Meeting of the Association for Computational Linguistics</title>
		<meeting>the 55th Annual Meeting of the Association for Computational Linguistics<address><addrLine>Vancouver, Canada</addrLine></address></meeting>
		<imprint>
			<date type="published" when="2017" />
			<biblScope unit="volume">1</biblScope>
			<biblScope unit="page" from="1139" to="1149" />
		</imprint>
	</monogr>
	<note>Long Papers). Association for Computational Linguistics</note>
</biblStruct>

<biblStruct xml:id="b36">
	<analytic>
		<title level="a" type="main">Large-scale semantic parsing without question-answer pairs</title>
		<author>
			<persName xmlns="http://www.tei-c.org/ns/1.0"><forename type="first">Siva</forename><surname>Reddy</surname></persName>
		</author>
		<author>
			<persName xmlns="http://www.tei-c.org/ns/1.0"><forename type="first">Mirella</forename><surname>Lapata</surname></persName>
		</author>
		<author>
			<persName xmlns="http://www.tei-c.org/ns/1.0"><forename type="first">Mark</forename><surname>Steedman</surname></persName>
		</author>
		<ptr target="http://aclweb.org/anthology/Q14-1030" />
	</analytic>
	<monogr>
		<title level="j">Transactions of the Association for Computational Linguistics</title>
		<imprint>
			<biblScope unit="volume">2</biblScope>
			<biblScope unit="page" from="377" to="392" />
			<date type="published" when="2014" />
		</imprint>
	</monogr>
</biblStruct>

<biblStruct xml:id="b37">
	<analytic>
		<title level="a" type="main">Transforming Dependency Structures to Logical Forms for Semantic Parsing</title>
		<author>
			<persName xmlns="http://www.tei-c.org/ns/1.0"><forename type="first">Siva</forename><surname>Reddy</surname></persName>
		</author>
		<author>
			<persName xmlns="http://www.tei-c.org/ns/1.0"><forename type="first">Oscar</forename><surname>Täckström</surname></persName>
		</author>
		<author>
			<persName xmlns="http://www.tei-c.org/ns/1.0"><forename type="first">Michael</forename><surname>Collins</surname></persName>
		</author>
		<author>
			<persName xmlns="http://www.tei-c.org/ns/1.0"><forename type="first">Tom</forename><surname>Kwiatkowski</surname></persName>
		</author>
	</analytic>
	<monogr>
		<title level="j">Transactions of the Association for Computational Linguistics</title>
		<imprint>
			<biblScope unit="volume">4</biblScope>
			<biblScope unit="page" from="127" to="140" />
			<date type="published" when="2016" />
		</imprint>
	</monogr>
	<note>Dipanjan Das, Mark Steedman, and Mirella Lapata</note>
</biblStruct>

<biblStruct xml:id="b38">
	<analytic>
		<title level="a" type="main">Universal semantic parsing</title>
		<author>
			<persName xmlns="http://www.tei-c.org/ns/1.0"><forename type="first">Siva</forename><surname>Reddy</surname></persName>
		</author>
		<author>
			<persName xmlns="http://www.tei-c.org/ns/1.0"><forename type="first">Oscar</forename><surname>Täckström</surname></persName>
		</author>
		<author>
			<persName xmlns="http://www.tei-c.org/ns/1.0"><forename type="first">Slav</forename><surname>Petrov</surname></persName>
		</author>
		<author>
			<persName xmlns="http://www.tei-c.org/ns/1.0"><forename type="first">Mark</forename><surname>Steedman</surname></persName>
		</author>
		<author>
			<persName xmlns="http://www.tei-c.org/ns/1.0"><forename type="first">Mirella</forename><surname>Lapata</surname></persName>
		</author>
		<ptr target="https://www.aclweb.org/anthology/D17-1009" />
	</analytic>
	<monogr>
		<title level="m">Proceedings of the 2017 Conference on Empirical Methods in Natural Language Processing</title>
		<meeting>the 2017 Conference on Empirical Methods in Natural Language Processing<address><addrLine>Copenhagen, Denmark</addrLine></address></meeting>
		<imprint>
			<publisher>Association for Computational Linguistics</publisher>
			<date type="published" when="2017" />
			<biblScope unit="page" from="89" to="101" />
		</imprint>
	</monogr>
</biblStruct>

<biblStruct xml:id="b39">
	<analytic>
		<title level="a" type="main">Modeling coverage for neural machine translation</title>
		<author>
			<persName xmlns="http://www.tei-c.org/ns/1.0"><forename type="first">Zhaopeng</forename><surname>Tu</surname></persName>
		</author>
		<author>
			<persName xmlns="http://www.tei-c.org/ns/1.0"><forename type="first">Zhengdong</forename><surname>Lu</surname></persName>
		</author>
		<author>
			<persName xmlns="http://www.tei-c.org/ns/1.0"><forename type="first">Yang</forename><surname>Liu</surname></persName>
		</author>
		<author>
			<persName xmlns="http://www.tei-c.org/ns/1.0"><forename type="first">Xiaohua</forename><surname>Liu</surname></persName>
		</author>
		<author>
			<persName xmlns="http://www.tei-c.org/ns/1.0"><forename type="first">Hang</forename><surname>Li</surname></persName>
		</author>
		<ptr target="http://www.aclweb.org/anthology/P16-1008" />
	</analytic>
	<monogr>
		<title level="m">Proceedings of the 54th Annual Meeting of the Association for Computational Linguistics</title>
		<meeting>the 54th Annual Meeting of the Association for Computational Linguistics<address><addrLine>Berlin, Germany</addrLine></address></meeting>
		<imprint>
			<date type="published" when="2016" />
			<biblScope unit="page" from="76" to="85" />
		</imprint>
	</monogr>
	<note>Long Papers). Association for Computational Linguistics</note>
</biblStruct>

<biblStruct xml:id="b40">
	<analytic>
		<title level="a" type="main">A transition-based algorithm for amr parsing</title>
		<author>
			<persName xmlns="http://www.tei-c.org/ns/1.0"><forename type="first">Chuan</forename><surname>Wang</surname></persName>
		</author>
		<author>
			<persName xmlns="http://www.tei-c.org/ns/1.0"><forename type="first">Nianwen</forename><surname>Xue</surname></persName>
		</author>
		<author>
			<persName xmlns="http://www.tei-c.org/ns/1.0"><forename type="first">Sameer</forename><surname>Pradhan</surname></persName>
		</author>
		<ptr target="http://www.aclweb.org/anthology/N15-1040" />
	</analytic>
	<monogr>
		<title level="m">Proceedings of the 2015 Conference of the North American Chapter of the Association for Computational Linguistics: Human Language Technologies. Association for Computational Linguistics</title>
		<meeting>the 2015 Conference of the North American Chapter of the Association for Computational Linguistics: Human Language Technologies. Association for Computational Linguistics<address><addrLine>Denver, Colorado</addrLine></address></meeting>
		<imprint>
			<date type="published" when="2015" />
			<biblScope unit="page" from="366" to="375" />
		</imprint>
	</monogr>
</biblStruct>

<biblStruct xml:id="b41">
	<analytic>
		<title level="a" type="main">Building a semantic parser overnight</title>
		<author>
			<persName xmlns="http://www.tei-c.org/ns/1.0"><forename type="first">Yushi</forename><surname>Wang</surname></persName>
		</author>
		<author>
			<persName xmlns="http://www.tei-c.org/ns/1.0"><forename type="first">Jonathan</forename><surname>Berant</surname></persName>
		</author>
		<author>
			<persName xmlns="http://www.tei-c.org/ns/1.0"><forename type="first">Percy</forename><surname>Liang</surname></persName>
		</author>
		<ptr target="http://www.aclweb.org/anthology/P15-1129" />
	</analytic>
	<monogr>
		<title level="m">Proceedings of the 53rd Annual Meeting of the Association for Computational Linguistics and the 7th International Joint Conference on Natural Language Processing</title>
		<meeting>the 53rd Annual Meeting of the Association for Computational Linguistics and the 7th International Joint Conference on Natural Language Processing<address><addrLine>Beijing, China</addrLine></address></meeting>
		<imprint>
			<publisher>Association for Computational Linguistics</publisher>
			<date type="published" when="2015" />
			<biblScope unit="volume">1</biblScope>
			<biblScope unit="page" from="1332" to="1342" />
		</imprint>
	</monogr>
	<note>Long Papers)</note>
</biblStruct>

<biblStruct xml:id="b42">
	<analytic>
		<title level="a" type="main">Learning synchronous grammars for semantic parsing with lambda calculus</title>
		<author>
			<persName xmlns="http://www.tei-c.org/ns/1.0"><forename type="first">Yuk</forename><forename type="middle">Wah</forename><surname>Wong</surname></persName>
		</author>
		<author>
			<persName xmlns="http://www.tei-c.org/ns/1.0"><forename type="first">Raymond</forename><surname>Mooney</surname></persName>
		</author>
		<ptr target="http://www.aclweb.org/anthology/P07-1121" />
	</analytic>
	<monogr>
		<title level="m">Proceedings of the 45th Annual Meeting of the Association of Computational Linguistics</title>
		<meeting>the 45th Annual Meeting of the Association of Computational Linguistics<address><addrLine>Prague, Czech Republic</addrLine></address></meeting>
		<imprint>
			<publisher>Association for Computational Linguistics</publisher>
			<date type="published" when="2007" />
			<biblScope unit="page" from="960" to="967" />
		</imprint>
	</monogr>
</biblStruct>

<biblStruct xml:id="b43">
	<analytic>
		<title level="a" type="main">Sequence-based structured prediction for semantic parsing</title>
		<author>
			<persName xmlns="http://www.tei-c.org/ns/1.0"><forename type="first">Chunyang</forename><surname>Xiao</surname></persName>
		</author>
		<author>
			<persName xmlns="http://www.tei-c.org/ns/1.0"><forename type="first">Marc</forename><surname>Dymetman</surname></persName>
		</author>
		<author>
			<persName xmlns="http://www.tei-c.org/ns/1.0"><forename type="first">Claire</forename><surname>Gardent</surname></persName>
		</author>
		<ptr target="http://www.aclweb.org/anthology/P16-1127" />
	</analytic>
	<monogr>
		<title level="m">Proceedings of the 54th Annual Meeting of the Association for Computational Linguistics</title>
		<meeting>the 54th Annual Meeting of the Association for Computational Linguistics<address><addrLine>Berlin, Germany</addrLine></address></meeting>
		<imprint>
			<publisher>Association for Computational Linguistics</publisher>
			<date type="published" when="2016" />
			<biblScope unit="volume">1</biblScope>
			<biblScope unit="page" from="1341" to="1350" />
		</imprint>
	</monogr>
	<note>Long Papers)</note>
</biblStruct>

<biblStruct xml:id="b44">
	<analytic>
		<title level="a" type="main">Semantic parsing via staged query graph generation: Question answering with knowledge base</title>
		<author>
			<persName xmlns="http://www.tei-c.org/ns/1.0"><forename type="first">Ming-Wei</forename><surname>Wen-Tau Yih</surname></persName>
		</author>
		<author>
			<persName xmlns="http://www.tei-c.org/ns/1.0"><forename type="first">Xiaodong</forename><surname>Chang</surname></persName>
		</author>
		<author>
			<persName xmlns="http://www.tei-c.org/ns/1.0"><forename type="first">Jianfeng</forename><surname>He</surname></persName>
		</author>
		<author>
			<persName xmlns="http://www.tei-c.org/ns/1.0"><surname>Gao</surname></persName>
		</author>
	</analytic>
	<monogr>
		<title level="m">Proceedings of the 53rd</title>
		<meeting>the 53rd</meeting>
		<imprint>
			<date type="published" when="2015" />
		</imprint>
	</monogr>
</biblStruct>

<biblStruct xml:id="b45">
	<monogr>
				<ptr target="http://www.aclweb.org/anthology/P15-1128" />
		<title level="m">Annual Meeting of the Association for Computational Linguistics and the 7th International Joint Conference on Natural Language Processing</title>
		<meeting><address><addrLine>Beijing, China</addrLine></address></meeting>
		<imprint>
			<biblScope unit="page" from="1321" to="1331" />
		</imprint>
	</monogr>
	<note>Long Papers). Association for Computational Linguistics</note>
</biblStruct>

<biblStruct xml:id="b46">
	<analytic>
		<title level="a" type="main">The value of semantic parse labeling for knowledge base question answering</title>
		<author>
			<persName xmlns="http://www.tei-c.org/ns/1.0"><forename type="first">Matthew</forename><surname>Wen-Tau Yih</surname></persName>
		</author>
		<author>
			<persName xmlns="http://www.tei-c.org/ns/1.0"><forename type="first">Chris</forename><surname>Richardson</surname></persName>
		</author>
		<author>
			<persName xmlns="http://www.tei-c.org/ns/1.0"><forename type="first">Ming-Wei</forename><surname>Meek</surname></persName>
		</author>
		<author>
			<persName xmlns="http://www.tei-c.org/ns/1.0"><forename type="first">Jina</forename><surname>Chang</surname></persName>
		</author>
		<author>
			<persName xmlns="http://www.tei-c.org/ns/1.0"><surname>Suh</surname></persName>
		</author>
		<ptr target="http://anthology.aclweb.org/P16-2033" />
	</analytic>
	<monogr>
		<title level="m">Proceedings of the 54th Annual Meeting of the Association for Computational Linguistics</title>
		<meeting>the 54th Annual Meeting of the Association for Computational Linguistics<address><addrLine>Berlin, Germany</addrLine></address></meeting>
		<imprint>
			<date type="published" when="2016" />
			<biblScope unit="volume">2</biblScope>
			<biblScope unit="page" from="201" to="206" />
		</imprint>
	</monogr>
	<note>Short Papers). Association for Computational Linguistics</note>
</biblStruct>

<biblStruct xml:id="b47">
	<analytic>
		<title level="a" type="main">Learning to parse database queries using inductive logic programming</title>
		<author>
			<persName xmlns="http://www.tei-c.org/ns/1.0"><forename type="first">M</forename><surname>John</surname></persName>
		</author>
		<author>
			<persName xmlns="http://www.tei-c.org/ns/1.0"><forename type="first">Raymond</forename><forename type="middle">J</forename><surname>Zelle</surname></persName>
		</author>
		<author>
			<persName xmlns="http://www.tei-c.org/ns/1.0"><surname>Mooney</surname></persName>
		</author>
	</analytic>
	<monogr>
		<title level="m">AAAI/IAAI</title>
		<meeting><address><addrLine>Portland, OR</addrLine></address></meeting>
		<imprint>
			<publisher>AAAI Press/MIT Press</publisher>
			<date type="published" when="1996" />
			<biblScope unit="page" from="1050" to="1055" />
		</imprint>
	</monogr>
</biblStruct>

<biblStruct xml:id="b48">
	<analytic>
		<title level="a" type="main">Online learning of relaxed CCG grammars for parsing to logical form</title>
		<author>
			<persName xmlns="http://www.tei-c.org/ns/1.0"><forename type="first">Luke</forename><surname>Zettlemoyer</surname></persName>
		</author>
		<author>
			<persName xmlns="http://www.tei-c.org/ns/1.0"><forename type="first">Michael</forename><surname>Collins</surname></persName>
		</author>
		<ptr target="http://www.aclweb.org/anthology/D/D07/D07-1071" />
	</analytic>
	<monogr>
		<title level="m">Proceedings of the 2007 Joint Conference on Empirical Methods in Natural Language Processing and Computational Natural Language Learning (EMNLP-CoNLL). Association for Computational Linguistics</title>
		<meeting>the 2007 Joint Conference on Empirical Methods in Natural Language Processing and Computational Natural Language Learning (EMNLP-CoNLL). Association for Computational Linguistics<address><addrLine>Prague, Czech Republic</addrLine></address></meeting>
		<imprint>
			<date type="published" when="2007" />
			<biblScope unit="page" from="678" to="687" />
		</imprint>
	</monogr>
</biblStruct>

<biblStruct xml:id="b49">
	<analytic>
		<title level="a" type="main">Learning to map sentences to logical form: Structured classification with probabilistic categorial grammars</title>
		<author>
			<persName xmlns="http://www.tei-c.org/ns/1.0"><forename type="first">Luke</forename><forename type="middle">S</forename><surname>Zettlemoyer</surname></persName>
		</author>
		<author>
			<persName xmlns="http://www.tei-c.org/ns/1.0"><forename type="first">Michael</forename><surname>Collins</surname></persName>
		</author>
	</analytic>
	<monogr>
		<title level="m">UAI &apos;05, Proceedings of the 21st Conference in Uncertainty in Artificial Intelligence</title>
		<meeting><address><addrLine>Scotland</addrLine></address></meeting>
		<imprint>
			<date type="published" when="2005-07-26" />
			<biblScope unit="page" from="658" to="666" />
		</imprint>
	</monogr>
</biblStruct>

<biblStruct xml:id="b50">
	<analytic>
		<title level="a" type="main">Learning translation models from monolingual continuous representations</title>
		<author>
			<persName xmlns="http://www.tei-c.org/ns/1.0"><forename type="first">Kai</forename><surname>Zhao</surname></persName>
		</author>
		<author>
			<persName xmlns="http://www.tei-c.org/ns/1.0"><forename type="first">Hany</forename><surname>Hassan</surname></persName>
		</author>
		<author>
			<persName xmlns="http://www.tei-c.org/ns/1.0"><forename type="first">Michael</forename><surname>Auli</surname></persName>
		</author>
		<ptr target="http://www.aclweb.org/anthology/N15-1176" />
	</analytic>
	<monogr>
		<title level="m">Proceedings of the 2015 Conference of the North American Chapter of the Association for Computational Linguistics: Human Language Technologies. Association for Computational Linguistics</title>
		<meeting>the 2015 Conference of the North American Chapter of the Association for Computational Linguistics: Human Language Technologies. Association for Computational Linguistics<address><addrLine>Denver, Colorado</addrLine></address></meeting>
		<imprint>
			<date type="published" when="2015" />
			<biblScope unit="page" from="1527" to="1536" />
		</imprint>
	</monogr>
</biblStruct>

				</listBibl>
			</div>
		</back>
	</text>
</TEI>
