<?xml version="1.0" encoding="UTF-8"?>
<TEI xml:space="preserve" xmlns="http://www.tei-c.org/ns/1.0" 
xmlns:xsi="http://www.w3.org/2001/XMLSchema-instance" 
xsi:schemaLocation="http://www.tei-c.org/ns/1.0 /home/varun/Desktop/NLP/Projects/grobid-0.5.6/grobid-home/schemas/xsd/Grobid.xsd"
 xmlns:xlink="http://www.w3.org/1999/xlink">
	<teiHeader xml:lang="en">
		<fileDesc>
			<titleStmt>
				<title level="a" type="main">Block Hankel Tensor ARIMA for Multiple Short Time Series Forecasting</title>
			</titleStmt>
			<publicationStmt>
				<publisher/>
				<availability status="unknown"><licence/></availability>
			</publicationStmt>
			<sourceDesc>
				<biblStruct>
					<analytic>
						<author>
							<persName xmlns="http://www.tei-c.org/ns/1.0"><forename type="first">Qiquan</forename><surname>Shi</surname></persName>
							<affiliation key="aff0">
								<orgName type="laboratory">Huawei Noah&apos;s Ark Lab</orgName>
								<address>
									<settlement>Hong Kong</settlement>
									<country key="CN">China</country>
								</address>
							</affiliation>
						</author>
						<author>
							<persName xmlns="http://www.tei-c.org/ns/1.0"><forename type="first">Jiaming</forename><surname>Yin</surname></persName>
							<email>14jiamingyin@tongji.edu.cn</email>
							<affiliation key="aff1">
								<orgName type="institution">Tongji University</orgName>
								<address>
									<settlement>Shanghai</settlement>
									<country key="CN">China</country>
								</address>
							</affiliation>
						</author>
						<author>
							<persName xmlns="http://www.tei-c.org/ns/1.0"><forename type="first">Jiajun</forename><surname>Cai</surname></persName>
							<email>jjcai@connect.hku.hk</email>
							<affiliation key="aff2">
								<orgName type="institution">The University of Hong Kong</orgName>
								<address>
									<settlement>Hong Kong</settlement>
									<country key="CN">China</country>
								</address>
							</affiliation>
						</author>
						<author>
							<persName xmlns="http://www.tei-c.org/ns/1.0"><forename type="first">Andrzej</forename><surname>Cichocki</surname></persName>
							<email>a.cichocki@skoltech.ru</email>
							<affiliation key="aff3">
								<orgName type="institution">The Skolkovo Institute of Science and Technology</orgName>
								<address>
									<settlement>Moscow</settlement>
									<country key="RU">Russia</country>
								</address>
							</affiliation>
						</author>
						<author>
							<persName xmlns="http://www.tei-c.org/ns/1.0"><forename type="first">Tatsuya</forename><surname>Yokota</surname></persName>
							<email>t.yokota@nitech.ac.jp</email>
							<affiliation key="aff4">
								<orgName type="department">Center for Advanced Intelligence Project</orgName>
								<orgName type="institution">Nagoya Institute of Technology</orgName>
								<address>
									<settlement>Nagoya</settlement>
									<country>Japan; RIKEN, Japan</country>
								</address>
							</affiliation>
						</author>
						<author>
							<persName xmlns="http://www.tei-c.org/ns/1.0"><forename type="first">Lei</forename><surname>Chen</surname></persName>
							<affiliation key="aff0">
								<orgName type="laboratory">Huawei Noah&apos;s Ark Lab</orgName>
								<address>
									<settlement>Hong Kong</settlement>
									<country key="CN">China</country>
								</address>
							</affiliation>
						</author>
						<author>
							<persName xmlns="http://www.tei-c.org/ns/1.0"><forename type="first">Mingxuan</forename><surname>Yuan</surname></persName>
							<affiliation key="aff0">
								<orgName type="laboratory">Huawei Noah&apos;s Ark Lab</orgName>
								<address>
									<settlement>Hong Kong</settlement>
									<country key="CN">China</country>
								</address>
							</affiliation>
						</author>
						<author>
							<persName xmlns="http://www.tei-c.org/ns/1.0"><forename type="first">Jia</forename><surname>Zeng</surname></persName>
							<email>zeng.jia@huawei.com</email>
							<affiliation key="aff0">
								<orgName type="laboratory">Huawei Noah&apos;s Ark Lab</orgName>
								<address>
									<settlement>Hong Kong</settlement>
									<country key="CN">China</country>
								</address>
							</affiliation>
						</author>
						<title level="a" type="main">Block Hankel Tensor ARIMA for Multiple Short Time Series Forecasting</title>
					</analytic>
					<monogr>
						<imprint>
							<date/>
						</imprint>
					</monogr>
				</biblStruct>
			</sourceDesc>
		</fileDesc>

		<encodingDesc>
			<appInfo>
				<application version="0.5.6" ident="GROBID" when="2020-04-20T13:45+0000">
					<ref target="https://github.com/kermitt2/grobid">GROBID - A machine learning software for extracting information from scholarly documents</ref>
				</application>
			</appInfo>
		</encodingDesc>		<profileDesc>
			<abstract>
<div xmlns="http://www.tei-c.org/ns/1.0"><p>This work proposes a novel approach for multiple time series forecasting. At first, multi-way delay embedding transform (MDT) is employed to represent time series as low-rank block Hankel tensors (BHT). Then, the higher-order tensors are projected to compressed core tensors by applying Tucker decomposition. At the same time, the generalized tensor Autoregressive Integrated Moving Average (ARIMA) is explicitly used on consecutive core tensors to predict future samples. In this manner, the proposed approach tactically incorporates the unique advantages of MDT tensorization (to exploit mutual correlations) and tensor ARIMA coupled with low-rank Tucker decomposition into a unified framework. This framework exploits the low-rank structure of block Hankel tensors in the embedded space and captures the intrinsic correlations among multiple TS, which thus can improve the forecasting results, especially for multiple short time series. Experiments conducted on three public datasets and two industrial datasets verify that the proposed BHT-ARIMA effectively improves forecasting accuracy and reduces computational cost compared with the state-of-the-art methods.</p></div>
			</abstract>
		</profileDesc>
	</teiHeader>
	<text xml:lang="en">
		<body>
<div xmlns="http://www.tei-c.org/ns/1.0"><head>Introduction</head><p>Time series forecasting (TSF) is one of the most sought-after and yet arguably the most challenging tasks. It has played an important role in a wide range of areas including statistics, machine learning, data mining, econometrics, operations research for several decades. For example, forecasting the supply and demand of products can be used for optimizing inventory management, vehicle scheduling and topology planning, which are crucial for most aspects of supply chain optimization <ref type="bibr" target="#b6">(Faloutsos et al. 2019)</ref>.</p><p>Among existing TSF approaches, autoregressive integrated moving average (ARIMA) (Box and Jenkins 1968) is one of the most popular and widely used linear models due to its statistical properties and great flexibility . ARIMA merges the autoregressive model <ref type="bibr">(AR)</ref> and the moving average model (MA) with differencing techniques for non-stationary TSF. However, most existing ARIMA models need to predict multiples TS one by one and thus suffer from high computational cost, especially for a large number of TS. In addition, ARIMA models do not consider the intrinsic relationships among correlated TS, which may limit their performance. Recently, researchers from Facebook developed Prophet <ref type="bibr" target="#b13">(Taylor and Letham 2018)</ref>. It can estimate each TS well based on an additive model where non-linear trends are fit with seasonality and holidays. However, its computational expense grows steeply with increasing number of TS due to it estimates single TS separately.</p><p>Multiple TS arising from real applications can be reformulated as a matrix or even a high-order tensor (multi-way data) naturally. For example, the spatio-temporal grid of ocean data in meteorology can be shaped as a fourth-order tensor TS, wherein four factors are jointly represented as latitude, longitude, grid points and time <ref type="bibr" target="#b7">(Jing et al. 2018)</ref>. When dealing with tensors, traditional linear TSF models require reshaping TS into vectors. This vectorization not only causes a loss of intrinsic structure information but also results in high computational and memory demands.</p><p>Tensor decomposition is a powerful computational technique for extracting valuable information from tensorial data <ref type="bibr" target="#b15">(Cichocki et al. 2016;</ref><ref type="bibr" target="#b20">Zhou, Lu, and Cheung 2019;</ref>. Taking this advantage, tensor decomposition-based approaches can handle multiple TS simultaneously and achieve good forecasting performance <ref type="bibr" target="#b5">(Dunlavy, Kolda, and Acar 2011;</ref><ref type="bibr" target="#b8">Li et al. 2015;</ref><ref type="bibr" target="#b12">Tan et al. 2016;</ref><ref type="bibr" target="#b0">Bhanu et al. 2018;</ref><ref type="bibr" target="#b5">Faloutsos et al. 2018)</ref>. For example, Tucker decomposition integrated with AR model was proposed <ref type="bibr" target="#b7">(Jing et al. 2018</ref>) to obtain the multilinear orthogonality AR (MOAR) model and the multilinear constrained AR model for high-order TSF. Moreover, some works incorporate decomposition with neural networks for more complex tensorial TS <ref type="bibr" target="#b9">Ma et al. 2019)</ref>.</p><p>However, instead of being high-dimensional tensors in nature, many real-world TS are relatively short and small (Smyl and Kuber 2016). For example, since the entire life cycle of electronic products like smartphones or laptops is usually quite short (around one year for each generation), their historical demand data of product materials and sales records are very small. Due to limited information, the future demands or sales of these products cannot be effectively predicted by either existing linear models or tensor methods and deep learning approaches.</p><p>Multi-way delay embedding transform (MDT) <ref type="bibr" target="#b14">(Yokota et al. 2018</ref>) is an emerging technique to Hankelize available data to a high-order block Hankel tensor. In this paper, we conduct MDT on multiple TS along the temporal direction, and thus get a high-order block Hankel tensor (i.e. a block tensor whose entries are Hankel tensors <ref type="bibr" target="#b4">(Ding, Qi, and Wei 2015)</ref>), which represents all the TS at each time point as a tensor in a high-dimensional embedded space. The transformed high-order data are assumed to have a low-rank or smooth manifold in the embedded space <ref type="bibr" target="#b14">(Yokota et al. 2018;</ref><ref type="bibr" target="#b14">Yokota and Hontani 2018)</ref>. With the block Hankel tensor, we then employ low-rank Tucker decomposition to learn compressed core tensors by orthogonal factor (projection) matrices. These projection matrices are jointly used to maximally preserve the temporal continuity between core tensors which can better capture the intrinsic temporal correlations than the original TS data. At the same time, we generalize classical ARIMA to tensor form and directly apply it on the core tensors explicitly. Finally, we predict a new core tensor at the next time point, and then obtain forecasting results for all the TS data simultaneously via inverse Tucker decomposition and inverse MDT. In short, we incorporate block Hankel tensor with ARIMA (BHT-ARIMA) via lowrank Tucker decomposition into a unified framework. This framework exploits low-rank data structure in the embedded space and captures the intrinsic correlations among multiple TS, leading to good forecasting results. We evaluate BHT-ARIMA on three public datasets and two industrial datasets with various settings. In a nutshell, the main contributions of this paper are threefold: 1) We employ MDT along the temporal direction to transform multiple TS to a high-order block Hankel tensor. To the best of our knowledge, we are the first to introduce MDT together with tensor decomposition into the field of TSF. In addition, we empirically demonstrate this strategy is also effective for existing tensor methods. 2) We propose to apply the orthogonal Tucker decomposition to explore intrinsic correlations among multiple TS represented as the compressed core tensors in the lowrank embedded space. Furthermore, we empirically study BHT-ARIMA with relaxed-orthogonality (impose the orthogonality constraint on all the modes except the temporal mode) which can obtain even slightly better results with reduced sensitivity to parameters. 3) We generalize the classical ARIMA to tensor form and incorporate it into Tucker decomposition in a unified framework. We explicitly use the learned informative core tensors to train the ARIMA model. Extensive experiments on both public and industrial datasets validate and illustrate that BHT-ARIMA significantly outperforms nine state-ofthe-art (SOTA) methods in both efficiency and effectiveness, especially for multiple short TS.</p></div>
<div xmlns="http://www.tei-c.org/ns/1.0"><head>Preliminaries and Related Work</head><p>Notations The number of dimensions of a tensor is the order and each dimension is a mode of it. A vector is denoted by a bold lower-case letter x ∈ R I . A matrix is denoted by a bold capital letter X ∈ R I1×I2 . A higher-order (N ≥ 3) tensor is denoted by a bold calligraphic letter X ∈ R I1×I2···×I N . The i th entry of x is denoted by x i , and the (i, j)th entry of X is denoted by X i1,i2 . The (i 1 , . . . , i N )th entry of X is denoted by X i1,...,i N . The Frobenius norm of a tensor X is defined by X F = √ &lt; X , X &gt;, where &lt; X , X &gt;= i1 i2 · · · i N X 2 i1,...,i N denotes inner product. A mode-n product of X and U ∈ R In×Rn is denoted by Y = X × n U ∈ R I1×···×In−1×Rn×In+1×···×I N . Mode-n unfolding is the process of reordering the elements of a tensor into matrices along each mode. A mode-n unfolding matrix of X is denoted as X (n) = Unfold(X ) ∈ R In×Π i =n Ii . Its inverse operation is fold: X = Fold(X (n) ).</p><p>Tucker Decomposition It represents a tensor X t ∈ R I1×I2×···×I N as a core tensor with factor (projection) matrices (Kolda and Bader 2009):</p><formula xml:id="formula_0">X t = G t × 1 U (1) × 2 U (2) · · · × N U (N ) ,<label>(1)</label></formula><p>where {U (n) ∈ R In×Rn , n = 1, . . . , N, and R n &lt; I n } are projection matrices which usually has orthonormal columns and G t ∈ R R1×R2×···×R N is the core tensor with lower dimensions. The Tucker-rank of the X t is an N -dimensional vector: [R 1 ,. . .,R n ,. . ., R N ], where n-th entry R n is the rank of the mode-n unfolded matrix X ARIMA Let x t as the actual data value at any time point t. x t can be considered as a linear function of the past p values and past q observation of random errors, i.e., a ARMA (p, q) model:</p><formula xml:id="formula_1">xt = p i=1 αixt−i − q i=1 βi t−i + t,<label>(2)</label></formula><p>where the random errors { t } are identically distributed with a mean of zero and a constant variance.</p><formula xml:id="formula_2">{α i } p i=1 and {β i } q i=1</formula><p>are the coefficients of AR and MA, respectively. In practice, TS data are usually not stationary. The ARIMA model integrates a differencing method to deal with non-stationary TS data. Let ∆ d x t denote as the order-d differencing of x t and an ARIMA(p, d, q) model is given by:</p><formula xml:id="formula_3">∆ d xt = p i=1 αi∆ d xt−i − q i=1 βi t−i + t.<label>(3)</label></formula><p>It has been one of the most popular TSF models and has many variants (Zhang 2003; Khashei and Bijari 2011; . ARIMA models are usually used for single TSF.</p></div>
<div xmlns="http://www.tei-c.org/ns/1.0"><head>Tensor decomposition-based methods</head><p>These tensor approaches preserve the structure of highorder data and can handle multiple TS simultaneously (Rogers, Li, and Russell 2013; Fanaee-T and Gama 2016; <ref type="bibr" target="#b3">de Araujo, Ribeiro, and Faloutsos 2017;</ref><ref type="bibr" target="#b0">Bhanu et al. 2018;</ref><ref type="bibr" target="#b0">Agarwal et al. 2018</ref>). The closest related work is the MOAR which collectively integrates Tucker decomposition with AR for high-order TSF <ref type="bibr" target="#b7">(Jing et al. 2018)</ref>:</p><formula xml:id="formula_4">min {U (i) },{α i } T t=2 X t − p i=1 αiX t−i N n=1 ×nU (n) 2 F s.t. U (n) U (n) = I, n = 1, . . . , N,<label>(4)</label></formula><p>where I is an identity matrix and the core tensors are formulated in Tucker model and implicitly used to train the AR model. Our BHT-ARIMA differs from this closest related MOAR in three key aspects:1) BHT-ARIMA utilizes the BHT as input which can be better estimated than original data, especially for shorter univariate TS. This will be also verified by using BHT to improve MOAR; 2) BHT-ARIMA explicitly uses low-rank core tensors to train its model while MOAR does not directly use them. Since the core tensors are smaller and can better capture the intrinsic temporal correlations than original TS data. BHT-ARIMA can improve computational speed and forecasting accuracy than MOAR; 3) BHT-ARIMA removes non-stationarity of TS data by using differencing technique which is not considered in MOAR. Besides, some works integrate decomposition with neural networks <ref type="bibr" target="#b9">Ma et al. 2019;</ref>, like tensor-train decomposition with recurrent neural network (TTRNN) ) can achieve promising results for higher-order non-linear TS. However, these tensor methods are not applicable for short univariate TS which cannot be presented as high-order tensors naturally.  <ref type="figure">Figure 2</ref>: Illustration of applying MDT along the temporal mode of multiple TS represented as a matrix X ∈ R I×T . As we view the last mode N (N = 2 in this example) of multiple TS as the temporal mode, i.e.,</p><formula xml:id="formula_5">I N = T , the last mode duplication matrix S N ∈ R τ N (I N −τ N +1)×I N = S ∈ R τ (T −τ +1)×T . Note that X × N S = XS for matrix case.</formula><p>Extension to multi-modes is straightforward for tensors.</p></div>
<div xmlns="http://www.tei-c.org/ns/1.0"><head>MDT for multiple TS</head><p>Hankelization is an effective way to transform lower-order data to higher-order tensors. MDT is a multi-way extension of Hankelization and show good results in tensor completion <ref type="bibr" target="#b14">(Yokota et al. 2018;</ref><ref type="bibr" target="#b15">Yokota et al. 2019)</ref>. It combines multi-linear duplication and multi-way folding operations. By denoting X ∈ R J1×J2···×J M as the block Hankel tensor of X ∈ R I1×I2×···×I N , N &lt; M , the MDT for X is defined by</p><formula xml:id="formula_6">X = Hτ (X ) = Fold (I,τ ) (X ×1 S1 · · · ×N SN ),<label>(5)</label></formula><p>where S n ∈ R τn(In−τn+1)×In is a duplication matrix and fold <ref type="bibr">(I,τ )</ref> :</p><formula xml:id="formula_7">R τ1(I1−τ1+1)×···×τ N (I N −τ N +1) → R τ1×(I1−τ1+1)×···×τ N ×(I N −τ N +1)</formula><p>constructs a higher order block Hankel tensor X from the input tensor X . The inverse MDT for X is given by</p><formula xml:id="formula_8">X = H −1 τ ( X ) = Unfold (I,τ ) ( X ) × 1 S † 1 · · · × N S † N , (6) where † is the Moore-Penrose pseudo-inverse.</formula></div>
<div xmlns="http://www.tei-c.org/ns/1.0"><head>Proposed Block Hankel Tensor ARIMA</head><p>To effectively and efficiently address the multiple (short) TSF problem, we propose to incorporate block Hankel tensor with ARIMA (BHT-ARIMA) via low-rank Tucker decomposition. The main idea of the proposed method is illustrated in <ref type="figure" target="#fig_1">Fig. 1</ref>. It consists of three major steps.</p><p>Step 1: Block Hankel Tensor via MDT In this step, we aim to employ MDT to transform multiple TS to a high-order block Hankel tensor. Let X ∈ R I1×···×I N ×T be the input data where each fiber is one TS and the last mode T is the temporal mode. We conduct the MDT only along the temporal direction, i.e.,</p><formula xml:id="formula_9">X = H τ (X ) ∈ R J1×···×J M × T ,<label>(7)</label></formula><p>whereJ n = I n for n = 1, ..., N , J M = τ and T = T −τ+1. In this way, we get a block Hankel tensor in high-dimensional embedded space, where each frontal slice X t ∈ R J1×···×J M contains the data points of all the TS at t-th time point. <ref type="figure">Fig. 2</ref> illustrates conducting MDT only along the temporal mode of a second-order tensor, i.e., using the duplication matrix S with τ to transform X ∈ R I×T to a third-order block Hankel tensor X ∈ R I×τ ×(T −τ +1) . The block Hankel tensor is assumed to be low-rank or smooth in the embedded space <ref type="bibr" target="#b14">(Yokota et al. 2018</ref>).</p><p>Remark 1: We only apply MDT along the temporal mode because the relationship between neighbor items of multiple TS is usually not stronger than their temporal correlation. Thus, it is unnecessary to conduct MDT on all the modes which probably not be meaningful while costing more time (we empirically study it, see <ref type="figure">Fig. 6</ref> in the Supplementary). Nevertheless, our proposed method is capable to apply MDT on more modes to get a higher-order block Hankel tensor.</p><p>In this paper, we mainly handle second-order and thirdorder original tensors, see more details of applying MDT on them in Appendix A.1 of Supplementary Material (Supp.) 1 .</p><p>Step 2: Tensor ARIMA with Tucker Decomposition</p><p>In this step, we generalize the classical ARIMA to tensor form and incorporate it into Tucker decomposition. Specifically, with the block Hankel tensor, we compute its orderd differencing to get {∆ d X t } T t=d . We then employ Tucker decomposition for {∆ d X t } by projecting it to core tensors {∆ d G t } using joint orthogonal factor matrices { U (m) }, i.e.,</p><formula xml:id="formula_10">∆ d G t = ∆ d X t × 1 U (1) · · ·× M U (M ) s.t. U (m) U (m) = I, m = 1, . . . , M,<label>(8)</label></formula><p>where the projection matrices { U (m) ∈ R Jm×Rm } maximally preserve the temporal continuity between core tensors and the low-rank core tensors {∆ d G t ∈ R R1×···×R M } represent the most important information of original Hankel tensors and reflect the intrinsic interactions between TS.</p><p>Then, it would be more promising to train a good forecasting model directly using core tensors explicitly instead of whole tensors. To retain the temporal correlations among core tensors, we generalize a (p, d, q)-order ARIMA model to tensor form and use it to connect the current core tensor ∆ d G t and the previous core tensors ∆ d G t−1 , ∆ d G t−2 , . . . , ∆ d G t−p as follows:</p><formula xml:id="formula_11">∆ d G t = p i=1 α i ∆ d G t−i − q i=1 β i E t−i + E t ,<label>(9)</label></formula><p>where the {α i } and {β i } are the coefficients of AR and MA, respectively, and { E t−i } are the random errors of past q observations. In model <ref type="formula" target="#formula_11">(9)</ref>, E t is the forecast error at the current time point, which should be minimized to optimal zero. We thus can derive the following objective function:</p><formula xml:id="formula_12">min { G t , U (m) , E t−i ,α i ,β i } T t=s+1 1 2 ∆ d G t − p i=1 αi∆ d G t−i + q i=1 βi Et−i 2 F + 1 2 ∆ d G t − ∆ d X t ×1 U (1) · · · ×M U (M ) 2 F s.t. U (m) U (m) = I, m = 1, . . . , M,<label>(10)</label></formula><p>where s = p+d+q is the sum of ARIMA orders, and is also the minimum input length of each TS. Next, we solve this problem using augmented Lagrangian methods. To facilitate the derivation of (10), we reformulate the optimization problem by unfolding each tensor variable along mode-m:</p><formula xml:id="formula_13">min { G (m) t , E (m) t−i , U (m) ,α i ,β i } T t=s+1 M m=1 1 2 ∆ d G (m) t − p i=1 αi∆ d G (m) t−i + q i=1 βi E (m) t−i 2 F + 1 2 ∆ d G (m) t − U (m) X (m) t U (−m) 2 F s.t. U (m) U (m) = I, m = 1, . . . , M,<label>(11)</label></formula><p>where</p><formula xml:id="formula_14">U (−m) = U (M ) ⊗ · · · U (m+1) ⊗ U (m−1) ⊗ · · · U (1) ∈ R j =m Rj × j =m Ij .</formula><p>In the following, we can update each target variable using closed-form solutions 2 .</p><formula xml:id="formula_15">Update G (m) t Equation (11) with respect to ∆ d G (m) t is: min { G (m) t } T t=s+1 M m=1 1 2 ∆ d G (m) t − p i=1 αi∆ d G (m) t−i + q i=1 βi E (m) t−i 2 F + 1 2 ∆ d G (m) t − U (m) X (m) t U (−m) 2 F .<label>(12)</label></formula><p>Computing the partial derivation of this cost function with respect to G (m) t and equalize it to zero, we update G (m) t by:</p><formula xml:id="formula_16">∆ d G (m) t = 1 2 U (m) X (m) t U (−m) + p i=1 αi∆ d G (m) t−i − q i=1 βi E (m) t−i .<label>(13)</label></formula><p>Update U (m) Equation <ref type="formula" target="#formula_0">(11)</ref> with respect to U (m) is:</p><formula xml:id="formula_17">min { U (m) } T t=s+1 M m=1 1 2 ∆ d G (m) t − U (m) X (m) t U (−m) 2 F s.t. U (m) U (m) = I, m = 1, . . . , M.<label>(14)</label></formula><p>The minimization of (14) over U (m) with orthonormal columns is equivalent to the maximization of the wellknown orthogonality Procrustes problem (Higham and Papadimitriou 1995), whose global optimal solution is,</p><formula xml:id="formula_18">U (m) = U * (m) ( V * (m) ) ,<label>(15)</label></formula><p>where U * (m) and V * (m) are the left and right singular vectors</p><formula xml:id="formula_19">of SVD of T t=s+1 X (m) t U (−m) ∆ d G (m) t ,</formula><p>respectively.</p><p>Discussion 1: Relaxed-orthogonality We empirically explored the effect of relaxing the full-orthogonality in <ref type="formula" target="#formula_0">(14)</ref> by removing the orthogonal constraints along the last mode (viewed as the temporal mode of each X t in the embedded space). This strategy probably relaxes the heavy constraints on temporal smoothness and thus would make the proposed model more flexible and robust to variability of parameters, observed from our experimental results. We relax the last mode U (M ) without orthogonality constraint, and then compute the partial derivation of Eq. (14) with respect to U (M ) and equalize it to zero. Thus, we can update it by</p><formula xml:id="formula_20">U (M ) = T t=s+1 X (M ) t U (−M ) † ( X (M ) t U (−M ) † ) −1 T t=s+1 X (M ) t U (−M ) † ∆ d G (M ) t . (16) Update E (m) t−i Equation (11) with respect to E (m) t−i is: min { E (m) t−i } T t=s+1 M m=1 1 2 ∆ d G (m) t − p i=1 αi∆ d G (m) t−i + q i=1 βi E (m) t−i 2 F .<label>(17)</label></formula><p>Computing the partial derivation of Eq. (17) with respect to E (m) t−i and equalize it to zero, we can update E (m)</p><formula xml:id="formula_21">t−i by E (m) t−i = T t=s+1 ∆ d G (m) t − p i=1 αi∆ d G (m) t−i + q j =i βj E (m) t−j (s + 1 − T )βi .<label>(18)</label></formula><p>Update {α i }, {β i } Regarding the coefficient parameters</p><formula xml:id="formula_22">{α i } p i=1 , {β i } q i=1</formula><p>of AR and MA respectively in the objective function (11), we follow the classical ARIMA based on Yule-Walker method to estimate them. We generalize a least squares modified Yule-Walker technique to support tensorial data and then estimate the {α i } p i=1 from the core tensors. Then, we estimate the {β i } q i=1 from the residual time series.</p><p>Step 3: Forecasting X T +1</p><p>Finally, we apply the learned model to get a new ∆ d G T +1 :</p><formula xml:id="formula_23">∆ d G T +1 = p i=1 αi∆ d G T −i − q i=1 βi E T −i .<label>(19)</label></formula><p>After obtaining ∆ d G T +1 , we reconstruct a new tensor by Tucker model with optimized factor matrices:</p><formula xml:id="formula_24">∆ d X T +1 = ∆ d G t+1 M m=1 × m U (m)</formula><p>. We then conduct inverse order-d differencing for ∆ d X T +1 and get X T +1 ∈ R J1×···×J M ×( T +1) in the embedded space. Finally, we apply inverse MDT to get X T +1 = H −1 τ ( X T+1 ) ∈ R I1×···×I N ×(T +1) to get the predicted values at the T + 1-th time point for all TS simultaneously. Furthermore, we could Algorithm 1 TSF using BHT-ARIMA 1: Input: A time series data X ∈ R I 1 ×···×I N ×T , (p, d, q), τ , maximum iteration K, and stop criteria tol. </p><formula xml:id="formula_25">7: Initialize {{ Et−i ∈ R R 1 ×···×R M } q i=1 } T i=s+1</formula><p>randomly. 8: for k = 1, ..., K 9: Compute all the latent low-dimensional core tensors  do long-term forecasting by using prior foretasted values in last steps. Although this way may lead to error accumulation to some degree, it becomes more practical for real-world applications <ref type="bibr" target="#b7">(Jing et al. 2018</ref>).</p><formula xml:id="formula_26">{∆ d G t = ∆ d X t ×1 U (1) · · · ×M U (M ) } T t=1 ; 10: Estimate coefficients {αi} p i=1 , {βi} q i=1 of AR</formula><formula xml:id="formula_27">M m=1 || U (m) k+1 − U (m) k || 2 F M m=1 || U (m) k+1 || 2</formula><p>Remark 2: We explicitly use the compressed core tensors to train the model including parameters estimation. That is different from existing tensor methods like MOAR which implicitly use the core tensors to train their models. In this manner, we not only reduce the computational cost since the size of core tensors { G t } are much smaller than whole tensors { X t } based on the low-rank assumption in the embedded space, but also improve the forecasting accuracy by utilizing the mutual correlations among multiple TS in the model building process.</p><p>Finally, we summarize the proposed BHT-ARIMA in Algorithm 1 and further evaluate it in the following section.</p></div>
<div xmlns="http://www.tei-c.org/ns/1.0"><head>Experiments</head><p>Due to limited space, we present the detailed experimental setup and parameter analysis with figures in the Supp..</p></div>
<div xmlns="http://www.tei-c.org/ns/1.0"><head>Experimental Setup</head><p>Datasets We evaluate the proposed BHT-ARIMA by conducting experiments on five real-world datasets, including: i)Three publicly available datasets: Traffic is originally collected from California department of transportation and describes the road occupy rate of Los Angeles County highway network. We here use the same subset in <ref type="bibr" target="#b18">(Yu, Yin, and Zhu 2017)</ref> which selects 228 sensors randomly and we aggregate it to daily interval for each TS with 80 days data points. Electricity records 321 clients' hourly electricity consumption <ref type="bibr" target="#b8">(Lai et al. 2018)</ref>. We merge the every 24 time points to obtain a daily interval TS dataset with size 321 × 1096.</p><p>Smoke Video records the Smoke from the chimney of a factory taken in Hokkaido in 2007. We sample and resize the images to obtain a third-order TS dataset of size 36×64×100; ii)Two industrial datasets from the supply chain of Huawei: PC sales has 105 weekly sales records of 9 personal computers from 2017 to 2019; Raw materials includes 2246 material items of making a product, each item has 24 monthly demand quantities. We illustrate these datasets in <ref type="figure" target="#fig_1">Fig. 1</ref> and 2 in the Supp..</p></div>
<div xmlns="http://www.tei-c.org/ns/1.0"><head>Compared methods</head><p>We compared nine competing methods: i) the classical ARIMA, Vector AR (VAR) and XG-Boost (Chen and Guestrin 2016); ii) the two popular industrial forecasting methods: Facebook-Prophet, and Amazon-DeepAR <ref type="bibr" target="#b10">(Salinas, Flunkert, and Gasthaus 2017)</ref>; iii) Neural network based methods 3 : TTRNN  and Gated Recurrent Units (GRU) (Cho et al. 2014); iv) the two matrix/tensor-based methods: TRMF <ref type="bibr" target="#b17">(Yu, Rao, and Dhillon 2016)</ref>, and MOAR; In addition, we combine MDT with MOAR by using our obtained block Hankel tensor as the input of MOAR to get BHT+MOAR to evaluate the effectiveness of MDT together with tensor decomposition.</p><p>Parameter settings All datasets are split into training sets (90%) and testing sets (10%). We conduct grid search over parameters for each model and dataset (See Appendix B.1 of Supp. in detail). For our BHT-ARIMA, we will show its analysis of parameters in the following. We measure the forecasting accuracy using the widely used Normalized Root Mean Square Error (NRMSE) metric.</p></div>
<div xmlns="http://www.tei-c.org/ns/1.0"><head>Analysis of Parameters and Convergence</head><p>We here not only analyze the parameter sensitivity of BHT-ARIMA, but also study the effects of BHT-ARIMA with relaxed-orthogonality and MDT on all modes by testing on the Raw materials and Smoke video datasets, respectively.  <ref type="figure">(p, d, q)</ref>, respectively. Overall, BHT-ARIMA with RO is less sensitive and can achieve even slightly better forecasting accuracy than that with FO. Particularly, with very small τ (e.g. 1,2,5) and when the last mode rank R M = τ (that maximally preserves the temporal dependencies among core tensors), BHT-ARIMA with FO can achieve better (similar) accuracy than that with RO. With the same differencing order d, the performance of BHT-ARIMA is relatively sensitive to too large p. Besides, the time cost of BHT-ARIMA with RO is larger than that of with FO due to the cost of computing Eq. (16) is larger than that of Eq. (15).</p><p>In short, we do not need to carefully tune the parameters for BHT-ARIMA while we usually can obtain better results by setting smaller values such as { τ = 2 − 4, R M = τ and small (p = 1 − 5, d = 1, q = 1)}. Moreover, the Tuckerrank can be estimated automatically <ref type="bibr" target="#b15">(Yokota, Lee, and Cichocki 2016;</ref><ref type="bibr" target="#b11">Shi, Lu, and Cheung 2017)</ref>.</p><p>Effect of applying MDT on all modes / temporal mode As discussed in Remark 1 about why we apply MDT only along the temporal mode, we here verify it by testing on the Smoke video. As shown in <ref type="figure">Fig. 6</ref> in the Supp.: both types of applying MDT obtain similar forecasting accuracy while using MDT on all the modes costs more time due to computing higher-order tensors. This conclusion is also applicable for the cases of BHT-ARIMA with RO. These results support our assumption that these TS items usually do not have strong neighborhood relationships so it is unnecessary to applying MDT on other modes besides the temporal mode.</p><p>Convergence and maximum iteration K We study the convergence of BHT-ARIMA in terms of the relative error of <ref type="figure" target="#fig_4">Fig. 3</ref> shows that both BHT-ARIMA with FO and RO converge quickly while the FO version converges more smoothly and faster within 10 iterations. Furthermore, setting maximum iteration K &gt; 5 is enough to get a sufficient forecasting accuracy, as shown in <ref type="figure">Fig. 7(b)</ref> in the Supp.. In this paper, we set K = 10 for BHT-ARIMA for all the tests.</p><formula xml:id="formula_28">projection matrices M m=1 || U (m) k+1 − U (m) k || 2 F M m=1 || U (m) k+1 || 2 F .</formula></div>
<div xmlns="http://www.tei-c.org/ns/1.0"><head>Forecasting Accuracy Comparison</head><p>We report the average forecasting results of 10 runs in Tables 1, 2 and 3, where we highlight the best results in bold font and underline the second best results. Note that  Forecasting results of industrial TS datasets In practice, industrial datasets are more complex with random irregular patterns and larger variance compared to these public datasets. As reported in the <ref type="table" target="#tab_0">Table 2</ref>: 1) For PC sales with only nine TS items, BHT-ARIMA outperforms the second best performing method GRU by 6.5% on average; 2) For Raw materials dataset which has shorter length (24 months) than PC sales (105 weeks) while has much larger number of items (2246), we remove the items with missing values and get 1553 items namely Raw materials I while the original one named as Raw materials II. In such scenarios, BHT + MOAR and GRU perform better than other existing methods, although their results are much worse than our BHT-ARIMA. These results further confirm the effectiveness of MDT together with tensor decomposition and also verified the improvement of explicitly using the core tensors to train our ARIMA model.</p></div>
<div xmlns="http://www.tei-c.org/ns/1.0"><head>Forecasting results of Smoke video</head><p>We further evaluate the performance of BHT-ARIMA on higher-order TS data using the Smoke video with 10% − 90% training set. <ref type="figure">Fig.  4</ref> shows that BHT-ARIMA consistently forecasts the next video frame with smaller errors using even 10% training data (10 frames) where ARIMA, MOAR and other methods fail to keep their performance. Moreover, although ARIMA can achieve slightly better accuracy than ours with more than 50% training data, it surfers from extremely larger computational cost and memory requirements because like other linear models who cannot directly handle tensor TS data and need to reshape them into vectors.</p></div>
<div xmlns="http://www.tei-c.org/ns/1.0"><head>Long-term Forecasting Comparison</head><p>Fig <ref type="figure" target="#fig_5">. 5</ref> shows the comparison of long-term forecasting results, which further confirm the promising performance of BHT-ARIMA. Forecasting more steps, the errors of all the methods increase in general while BHT-ARIMA consistently keeps its best performance on the whole, especially on the shorter Raw materials dataset. Note that GRU slightly outperforms our method after 15 steps on Traffic80 dataset, but it requires near 900 times computational cost than ours.  </p></div>
<div xmlns="http://www.tei-c.org/ns/1.0"><head>Time Cost Comparison</head><p>We report the average time cost of forecasting in <ref type="table" target="#tab_4">Table 3</ref>. Although TRMF is slightly slower than VAR in a few cases, it is the fastest algorithm on the whole due to its core parts are implemented by C programming. BHT-ARIMA is the second fastest method while our implementations are not optimized for efficiency as our focus here is accuracy. MOAR is slower than ours mainly because it does not directly use the low-dimensional core tensors for training. ARIMA and GRU are the second best performing algorithms in a few cases, but they are the most slowest methods (more than 500 times slower than BHT-ARIMA on average).</p></div>
<div xmlns="http://www.tei-c.org/ns/1.0"><head>Conclusions</head><p>In this paper, we proposed a novel BHT-ARIMA for multiple (short) TSF. BHT-ARIMA tactically utilizes the unique strengths of smart tensorization via MDT, tensor ARIMA, and low-rank Tucker decomposition in a unified model. With low-rank Hankel tensor in embedded space by MDT Hankelization along the temporal mode, we further obtain the compressed core tensors using Tucker decomposition. The core tensors capture the intrinsic correlations among multiple TS and are explicitly used to train the tensor ARIMA model. BHT-ARIMA can improve forecasting accuracy and computational speed, especially for multiple short TS. We also empirically studied its robustness to various parameters by comparing it with its relaxed-orthogonality version. Experiments conducted on five real-world TS datasets demonstrate that BHT-ARIMA outperforms the SOTA methods with significant improvement.</p></div><figure xmlns="http://www.tei-c.org/ns/1.0" xml:id="fig_1"><head>Figure 1 :</head><label>1</label><figDesc>Illustration of the proposed method for prediction of multiple TS represented by a set of second/third-order tensors. Extension to higher-order tensors is straightforward.</figDesc></figure>
<figure xmlns="http://www.tei-c.org/ns/1.0" xml:id="fig_3"><head></head><label></label><figDesc>break; otherwise, continue. 18: Step 3: Forecasting 19: Compute new observation by (19) to get ∆ d G t+1 and then compute ∆ dX T +1 = ∆ d G t+1 M m=1 ×m U (m). 20: Conduct inverse differencing for ∆ d X T +1 and get X T +1 . 21: Conduct inverse MDT: X T +1 = H −1 τ ( X T +1 ) 22: Output: X T +1, { U (1) , . . . , U (m) , . . . , U (M ) }.</figDesc></figure>
<figure xmlns="http://www.tei-c.org/ns/1.0" xml:id="fig_4"><head>SensitivityFigure 3 :</head><label>3</label><figDesc>Analysis of Parameters τ , {R m } and (p, d, q) Fig. 3, 4 and 5 in the Supp. show the forecasting results using BHT-ARIMA with full-orthogonality (FO) versus (vs.) 3 We didn't show the comparison to Long Short-Term Memory (LSTM) as it yields similar results with GRU. Convergence curves of BHT-ARIMA on the Raw materials dataset. relaxed-orthogonality (RO) with different values of the parameters τ , {R m } and</figDesc></figure>
<figure xmlns="http://www.tei-c.org/ns/1.0" xml:id="fig_5"><head>Figure 5 :</head><label>5</label><figDesc>Long-term forecasting results for the Traffic and Raw materials (truncate curves with too large NRMSE).</figDesc></figure>
<figure xmlns="http://www.tei-c.org/ns/1.0" type="table" xml:id="tab_0" validated="false"><head>2 :</head><label>2</label><figDesc>Step 1: Block Hankel Tensor via MDT 3: Use MDT to transform the original tensor as a block Hankel tensor: X = Hτ (X ) ∈ R J 1 ×···×J M × T , where each frontal slice X t ∈ R J 1 ×···×J M refers to all the time series at t-th</figDesc><table>time point. 
4: Set values for {Rm} M 
m=1 and initialize { U (m) } M 
m=1 randomly. 

5: Step 2: Tensor ARIMA with Tucker decomposition. 

6: Conduct order-d differencing for { X t} 

T 
t=1 

and get 
{∆ d X t} 

T 
t=d+1 

</table></figure>
<figure xmlns="http://www.tei-c.org/ns/1.0" type="table" xml:id="tab_1" validated="false"><head></head><label></label><figDesc>and MA based on Yule-Walker equations based on {∆ d G t } T</figDesc><table>t=d+1 

11: 
for n = 1, ..., M 
12: 
Update ∆ d G 

(m) 
t 

by (13) and get ∆ d G t 
= 

Fold ∆ d G 

(m) 
t 

13: 
Update U (m) by (15) 
14: 
If applying relaxed-orthogonality, update U (M ) by (16). 
15: 
for i = 1, ..., q 
16: 
Update E 

(n) 

t−i by (18) and update Et−i by Fold E 

(m) 
t−i 

17: Convergence checking: if 

</table></figure>
<figure xmlns="http://www.tei-c.org/ns/1.0" type="table" xml:id="tab_2" validated="true"><head>Table 1 :</head><label>1</label><figDesc>Forecasting results comparison on the Electricity and Traffic (measured in NRMSE).</figDesc><table>Electricity1096 

( ×10 −2 ) 

Electricity40 

(×10 −2 ) 

Traffic80 

(×10 −3 ) 

Traffic40 

(×10 −3 ) 

ARIMA 
1.316 
10.091 
3.194 
6.097 

VAR 
12.850 
1.834 
6.649 
1.526 

XGBoost 
1.839 
2.724 
4.900 
3.727 

Prophet 
13.799 
5.948 
4.343 
1.992 

DeepAR 
4.742 
4.857 
8.178 
5.358 

TTRNN 
2.686 
3.565 
5.723 
3.432 

GRU 
1.574 
1.545 
1.371 
0.782 

TRMF 
6.221 
2.713 
5.800 
2.340 

MOAR 
4.731 
7.677 
10.689 
12.200 

BHT+MOAR 
3.787 
4.050 
4.920 
4.464 

BHT-ARIMA 
1.114 
1.456 
0.599 
0.493 

</table></figure>
<figure xmlns="http://www.tei-c.org/ns/1.0" type="table" xml:id="tab_3" validated="false"><head>Table 2 :</head><label>2</label><figDesc>Traffic80. For the Electricity, we sample the first 40 time points and get Electricity40 (321 × 40), and the whole one is denoted as Electricity1096. The results are reported inTable 1: BHT-ARIMA outperforms all the existing competing methods in all the cases. Especially for shorter TS, BHT-ARIMA shows more advantage with 54.5% improvement on average on the Traffic data than that of on the Electricity (7.9% improvement on average). GRU and ARIMA share the second best results. Note that BHT+MOAR performs consistently better than MOAR in all cases, whichFigure 4: Forecasting accuracy comparison on the Smoke video.In the case of using 10% training size, the NRMSE of ARIMA is too large (0.277) so we truncate its curve there.verifies the effectiveness of applying MDT together with tensor decomposition.</figDesc><table>Forecasting results comparison on the PC sales and 
Raw materials (measured in NRMSE). 

PC sales 

(9×105) 

Raw materials I 

(1533×24) 

Raw materials II 

(2246×24) 

ARIMA 
0.604 
3.217 
3.836 

VAR 
0.690 
3. 387 
4.033 

XGBoost 
0.618 
3.834 
4.231 

Prophet 
0.593 
2.984 
3.734 

DeepAR 
0.689 
3.158 
4.476 

TTRNN 
0.616 
2.828 
3.373 

GRU 
0.524 
2.592 
3.250 

TRMF 
0.689 
3.167 
4.362 

MOAR 
0.689 
2.207 
2.635 

BHT+MOAR 
0.683 
2.114 
2.525 

BHT-ARIMA 
0.490 
1.558 
1.856 

BHT-ARIMA used in the following comparisons is the full-
orthogonality version. 

Forecasting results of longer vs. shorter TS To evaluate 
the capability of BHT-ARIMA for longer vs. shorter TS, we 
sample the first 40 time points of the Traffic dataset and thus 
get shorter Traffic40 (228 × 40) and denote original whole 
set as 7UDLQLQJVL]H 

1506( 

$5,0$ 

9$5 

;*%RRVW 

3URSKHW 

'HHS$5 

77511 

*58 

750) 

02$5 

%+702$5 

%+7$5,0$ 

</table></figure>
<figure xmlns="http://www.tei-c.org/ns/1.0" type="table" xml:id="tab_4" validated="true"><head>Table 3 :</head><label>3</label><figDesc>Computational cost (seconds) vs. SOTA algorithms on all five real-world TS datasets.</figDesc><table>Time(s) 

Electricity1096 

(321×1096) 

Electricity40 

(321×40) 

Traffic80 

(228×80) 

Traffic40 

(228×40) 

PC sales 

(9×105) 

Raw materials I 

(1533×24) 

Raw materials II 

(2246×24) 

Smoke Video 

(32×64×100) 

ARIMA 
3322.62 
327.60 
453.63 
382.32 
13.01 
1151.35 
2067.48 
1340.20 

VAR 
68.96 
2.042 
4.19 
0.92 
0.27 
11.32 
25.51 
69.63 

XGBoost 
108.02 
26.07 
23.28 
6.94 
8.87 
148.22 
159.33 
178.86 

Prophet 
2160.33 
1304.07 
1241.43 
335.23 
53.31 
434.15 
853.23 
13813.21 

DeepAR 
175.56 
171.17 
119.02 
112.04 
78.43 
136.80 
286.66 
106.65 

TTRNN 
165.84 
104.38 
88.77 
95.47 
22.83 
25.49 
28.05 
27.82 

GRU 
4383.81 
1077.09 
1104.17 
858.03 
93.34 
3353.43 
3534.96 
3142.46 

TRMF 
16.03 
0.57 
1.90 
1.22 
1.46 
0.27 
0.28 
0.77 

MOAR 
28.96 
10.21 
6.75 
5.78 
1.68 
566.19 
1612.52 
7.26 

BHT+MOAR 
42.86 
12.28 
8.28 
5.93 
1.70 
865.91 
1700.49 
10.95 

BHT-ARIMA 
23.24 
0.89 
1.28 
0.58 
1.41 
0.91 
1.13 
3.67 






'D\V 

1506( 

× í 

$5,0$ 
9$5 
;*%RRVW 
3URSKHW 
'HHS$5 
77511 
*58 
750) 
02$5 
%+702$5 
%+7$5,0$ 

(a) Traffic80 

0 
0 
0 
0RQWKV 

1506( 

$5,0$ 
9$5 
;*%RRVW 
3URSKHW 
'HHS$5 
77511 
*58 
750) 
02$5 
%+702$5 
%+7$5,0$ 

</table></figure>
			<note xmlns="http://www.tei-c.org/ns/1.0" place="foot" n="1">Available at https://github.com/yokotatsuya/BHT-ARIMA.</note>
			<note xmlns="http://www.tei-c.org/ns/1.0" place="foot" n="2">The detailed derivation is presented in Appendix A of the Supp..</note>
		</body>
		<back>

			<div type="acknowledgement">
<div xmlns="http://www.tei-c.org/ns/1.0"><head>Acknowledgments</head><p>This research was partially supported by the Ministry of Education and Science of the Russian Federation (grant 14.756.31.0001) and JST ACT-I: Grant Number JP-MJPR18UU. The authors would like to thank Dr. Peiguang Jing for his helpful discussions.</p></div>
			</div>

			<div type="references">

				<listBibl>

<biblStruct xml:id="b0">
	<analytic>
		<title level="a" type="main">Forecasting traffic flow in big cities using modified Tucker decomposition</title>
		<author>
			<persName xmlns="http://www.tei-c.org/ns/1.0"><surname>Agarwal</surname></persName>
		</author>
	</analytic>
	<monogr>
		<title level="m">ADMA</title>
		<imprint>
			<publisher>Springer</publisher>
			<date type="published" when="1968" />
			<biblScope unit="volume">2</biblScope>
			<biblScope unit="page" from="91" to="109" />
		</imprint>
	</monogr>
	<note>POMACS</note>
</biblStruct>

<biblStruct xml:id="b1">
	<analytic>
		<title level="a" type="main">Xgboost: A scalable tree boosting system</title>
		<author>
			<persName xmlns="http://www.tei-c.org/ns/1.0"><forename type="first">T</forename><surname>Chen</surname></persName>
		</author>
		<author>
			<persName xmlns="http://www.tei-c.org/ns/1.0"><forename type="first">C</forename><surname>Guestrin</surname></persName>
		</author>
	</analytic>
	<monogr>
		<title level="m">ACM SIGKDD</title>
		<imprint>
			<publisher>ACM</publisher>
			<date type="published" when="2016" />
			<biblScope unit="page" from="785" to="794" />
		</imprint>
	</monogr>
	<note>and Guestrin</note>
</biblStruct>

<biblStruct xml:id="b2">
	<analytic>
		<title level="a" type="main">Tensor networks for dimensionality reduction and large-scale optimization: Part 1 low-rank tensor decompositions</title>
		<author>
			<persName xmlns="http://www.tei-c.org/ns/1.0"><forename type="first">[</forename><surname>Chen</surname></persName>
		</author>
		<idno type="arXiv">arXiv:1406.1078</idno>
	</analytic>
	<monogr>
		<title level="m">Learning phrase representations using rnn encoderdecoder for statistical machine translation</title>
		<imprint>
			<publisher>AAAI Press</publisher>
			<date type="published" when="2014" />
			<biblScope unit="volume">9</biblScope>
			<biblScope unit="page" from="249" to="429" />
		</imprint>
	</monogr>
	<note type="report_type">arXiv preprint</note>
	<note>NeuCast: seasonal neural forecast of power grid time series</note>
</biblStruct>

<biblStruct xml:id="b3">
	<analytic>
		<title level="a" type="main">Tensorcast: Forecasting with context using coupled tensors</title>
		<author>
			<persName xmlns="http://www.tei-c.org/ns/1.0"><forename type="first">Ribeiro</forename><surname>Araujo</surname></persName>
		</author>
		<author>
			<persName xmlns="http://www.tei-c.org/ns/1.0"><forename type="first">Faloutsos ; De</forename><surname>Araujo</surname></persName>
		</author>
		<author>
			<persName xmlns="http://www.tei-c.org/ns/1.0"><forename type="first">M</forename><forename type="middle">R</forename><surname>Ribeiro</surname></persName>
		</author>
		<author>
			<persName xmlns="http://www.tei-c.org/ns/1.0"><forename type="first">P</forename><forename type="middle">M P</forename><surname>Faloutsos</surname></persName>
		</author>
		<author>
			<persName xmlns="http://www.tei-c.org/ns/1.0"><forename type="first">C</forename></persName>
		</author>
	</analytic>
	<monogr>
		<title level="m">ICDM</title>
		<imprint>
			<publisher>IEEE</publisher>
			<date type="published" when="2017" />
			<biblScope unit="page" from="71" to="80" />
		</imprint>
	</monogr>
</biblStruct>

<biblStruct xml:id="b4">
	<analytic>
		<title level="a" type="main">Fast Hankel tensor-vector product and its application to exponential data fitting</title>
		<author>
			<persName xmlns="http://www.tei-c.org/ns/1.0"><forename type="first">Qi</forename><surname>Wei ; Ding</surname></persName>
		</author>
		<author>
			<persName xmlns="http://www.tei-c.org/ns/1.0"><forename type="first">W</forename><surname>Qi</surname></persName>
		</author>
		<author>
			<persName xmlns="http://www.tei-c.org/ns/1.0"><forename type="first">L</forename><surname>Wei</surname></persName>
		</author>
		<author>
			<persName xmlns="http://www.tei-c.org/ns/1.0"><forename type="first">Y</forename></persName>
		</author>
	</analytic>
	<monogr>
		<title level="j">Numer. Linear Algebra Appl</title>
		<imprint>
			<biblScope unit="volume">22</biblScope>
			<biblScope unit="issue">5</biblScope>
			<biblScope unit="page" from="814" to="832" />
			<date type="published" when="2015" />
		</imprint>
	</monogr>
</biblStruct>

<biblStruct xml:id="b5">
	<analytic>
		<title level="a" type="main">Temporal link prediction using matrix and tensor factorizations</title>
		<author>
			<persName xmlns="http://www.tei-c.org/ns/1.0"><forename type="first">Kolda</forename><surname>Dunlavy</surname></persName>
		</author>
		<author>
			<persName xmlns="http://www.tei-c.org/ns/1.0"><forename type="first">D</forename><forename type="middle">M</forename><surname>Dunlavy</surname></persName>
		</author>
		<author>
			<persName xmlns="http://www.tei-c.org/ns/1.0"><forename type="first">T</forename><forename type="middle">G</forename><surname>Kolda</surname></persName>
		</author>
		<author>
			<persName xmlns="http://www.tei-c.org/ns/1.0"><forename type="first">E</forename><surname>Acar</surname></persName>
		</author>
		<author>
			<persName xmlns="http://www.tei-c.org/ns/1.0"><surname>Faloutsos</surname></persName>
		</author>
	</analytic>
	<monogr>
		<title level="j">Proceedings of the VLDB Endowment</title>
		<imprint>
			<biblScope unit="volume">5</biblScope>
			<biblScope unit="issue">2</biblScope>
			<biblScope unit="page" from="2102" to="2105" />
			<date type="published" when="2011" />
		</imprint>
	</monogr>
	<note>ACM Trans. Knowl. Discov. Data</note>
</biblStruct>

<biblStruct xml:id="b6">
	<analytic>
		<title level="a" type="main">Tensor-based anomaly detection: An interdisciplinary survey</title>
		<author>
			<persName xmlns="http://www.tei-c.org/ns/1.0"><surname>Faloutsos</surname></persName>
		</author>
	</analytic>
	<monogr>
		<title level="m">ACM SIGKDD</title>
		<imprint>
			<publisher>ACM</publisher>
			<date type="published" when="1995" />
			<biblScope unit="volume">98</biblScope>
			<biblScope unit="page" from="130" to="147" />
		</imprint>
		<respStmt>
			<orgName>University of Manchester</orgName>
		</respStmt>
	</monogr>
	<note>Matrix Procrustes Problems. Rapport technique</note>
</biblStruct>

<biblStruct xml:id="b7">
	<analytic>
		<title level="a" type="main">A novel hybridization of artificial neural networks and ARIMA models for time series forecasting</title>
	</analytic>
	<monogr>
		<title level="j">Applied Soft Computing</title>
		<imprint>
			<biblScope unit="volume">49</biblScope>
			<biblScope unit="issue">6</biblScope>
			<biblScope unit="page" from="455" to="500" />
			<date type="published" when="2009" />
		</imprint>
	</monogr>
	<note>SIAM Rev.</note>
</biblStruct>

<biblStruct xml:id="b8">
	<analytic>
		<title level="a" type="main">Modeling long-and short-term temporal patterns with deep neural networks</title>
	</analytic>
	<monogr>
		<title level="m">ACM SIGIR</title>
		<imprint>
			<publisher>AAAI Press</publisher>
			<date type="published" when="2015" />
			<biblScope unit="page" from="1784" to="1790" />
		</imprint>
	</monogr>
	<note>AAAI</note>
</biblStruct>

<biblStruct xml:id="b9">
	<analytic>
		<title level="a" type="main">Large-scale user visits understanding and forecasting with deep spatial-temporal tensor factorization framework</title>
		<author>
			<persName xmlns="http://www.tei-c.org/ns/1.0"><forename type="first">[</forename><surname>Liu</surname></persName>
		</author>
	</analytic>
	<monogr>
		<title level="m">ACM SIGKDD</title>
		<meeting><address><addrLine>Rogers, Li, and Russell</addrLine></address></meeting>
		<imprint>
			<publisher>ACM</publisher>
			<date type="published" when="2013" />
			<biblScope unit="page" from="2634" to="2642" />
		</imprint>
	</monogr>
	<note>NeurIPS</note>
</biblStruct>

<biblStruct xml:id="b10">
	<analytic>
		<title level="a" type="main">Feature extraction for incomplete data via lowrank tensor decomposition with feature regularization</title>
		<author>
			<persName xmlns="http://www.tei-c.org/ns/1.0"><forename type="first">Flunkert</forename><surname>Salinas</surname></persName>
		</author>
		<author>
			<persName xmlns="http://www.tei-c.org/ns/1.0"><forename type="first">D</forename><surname>Salinas</surname></persName>
		</author>
		<author>
			<persName xmlns="http://www.tei-c.org/ns/1.0"><forename type="first">V</forename><surname>Flunkert</surname></persName>
		</author>
		<author>
			<persName xmlns="http://www.tei-c.org/ns/1.0"><forename type="first">J</forename><surname>Gasthaus</surname></persName>
		</author>
		<author>
			<persName xmlns="http://www.tei-c.org/ns/1.0"><forename type="first">Q</forename><surname>Shi</surname></persName>
		</author>
		<author>
			<persName xmlns="http://www.tei-c.org/ns/1.0"><forename type="first">Y.-M</forename><surname>Cheung</surname></persName>
		</author>
		<author>
			<persName xmlns="http://www.tei-c.org/ns/1.0"><forename type="first">Q</forename><surname>Zhao</surname></persName>
		</author>
		<author>
			<persName xmlns="http://www.tei-c.org/ns/1.0"><forename type="first">H</forename><surname>Lu</surname></persName>
		</author>
		<idno type="arXiv">arXiv:1704.04110</idno>
		<idno>Shi et al. 2018</idno>
	</analytic>
	<monogr>
		<title level="j">IEEE Trans. Neural Netw. Learn. Syst</title>
		<imprint>
			<biblScope unit="volume">30</biblScope>
			<biblScope unit="issue">6</biblScope>
			<biblScope unit="page" from="1803" to="1817" />
			<date type="published" when="2017" />
		</imprint>
	</monogr>
	<note type="report_type">arXiv preprint</note>
	<note>DeepAR: Probabilistic forecasting with autoregressive recurrent networks</note>
</biblStruct>

<biblStruct xml:id="b11">
	<analytic>
		<title level="a" type="main">Data preprocessing and augmentation for multiple short time series forecasting with recurrent neural networks</title>
		<author>
			<persName xmlns="http://www.tei-c.org/ns/1.0"><forename type="first">Lu</forename><surname>Shi</surname></persName>
		</author>
		<author>
			<persName xmlns="http://www.tei-c.org/ns/1.0"><surname>Cheung</surname></persName>
		</author>
		<author>
			<persName xmlns="http://www.tei-c.org/ns/1.0"><forename type="first">Q</forename><surname>Shi</surname></persName>
		</author>
		<author>
			<persName xmlns="http://www.tei-c.org/ns/1.0"><forename type="first">H</forename><surname>Lu</surname></persName>
		</author>
		<author>
			<persName xmlns="http://www.tei-c.org/ns/1.0"><forename type="first">Y</forename><surname>Cheung</surname></persName>
		</author>
		<author>
			<persName xmlns="http://www.tei-c.org/ns/1.0"><forename type="first">S</forename><surname>Smyl</surname></persName>
		</author>
		<author>
			<persName xmlns="http://www.tei-c.org/ns/1.0"><forename type="first">K</forename><surname>Kuber</surname></persName>
		</author>
	</analytic>
	<monogr>
		<title level="m">CIKM</title>
		<imprint>
			<publisher>ACM</publisher>
			<date type="published" when="2016" />
			<biblScope unit="page" from="949" to="958" />
		</imprint>
	</monogr>
	<note>Tensor rank estimation and completion via CPbased nuclear norm. In ISF. Santander</note>
</biblStruct>

<biblStruct xml:id="b12">
	<analytic>
		<title level="a" type="main">Bayesian temporal factorization for multidimensional time series prediction</title>
		<author>
			<persName xmlns="http://www.tei-c.org/ns/1.0"><forename type="first">L</forename><surname>Sun</surname></persName>
		</author>
		<author>
			<persName xmlns="http://www.tei-c.org/ns/1.0"><forename type="first">Chen</forename></persName>
		</author>
		<author>
			<persName xmlns="http://www.tei-c.org/ns/1.0"><forename type="first">X</forename><surname>Tan</surname></persName>
		</author>
		<author>
			<persName xmlns="http://www.tei-c.org/ns/1.0"><forename type="first">H</forename><surname>Wu</surname></persName>
		</author>
		<author>
			<persName xmlns="http://www.tei-c.org/ns/1.0"><forename type="first">Y</forename><surname>Shen</surname></persName>
		</author>
		<author>
			<persName xmlns="http://www.tei-c.org/ns/1.0"><forename type="first">B</forename><surname>Jin</surname></persName>
		</author>
		<author>
			<persName xmlns="http://www.tei-c.org/ns/1.0"><forename type="first">P</forename><forename type="middle">J</forename><surname>Ran</surname></persName>
		</author>
		<author>
			<persName xmlns="http://www.tei-c.org/ns/1.0"><forename type="first">B</forename></persName>
		</author>
		<idno type="arXiv">arXiv:1910.06366</idno>
	</analytic>
	<monogr>
		<title level="j">IEEE Trans. Intell. Transp. Syst</title>
		<imprint>
			<biblScope unit="volume">17</biblScope>
			<biblScope unit="issue">8</biblScope>
			<biblScope unit="page" from="2123" to="2133" />
			<date type="published" when="2016" />
		</imprint>
	</monogr>
	<note type="report_type">arXiv preprint</note>
	<note>Short-term traffic prediction based on dynamic tensor completion</note>
</biblStruct>

<biblStruct xml:id="b13">
	<analytic>
		<title level="a" type="main">Forecasting at scale</title>
		<author>
			<persName xmlns="http://www.tei-c.org/ns/1.0"><forename type="first">S</forename><forename type="middle">J</forename><surname>Taylor</surname></persName>
		</author>
		<author>
			<persName xmlns="http://www.tei-c.org/ns/1.0"><forename type="first">B</forename><surname>Letham</surname></persName>
		</author>
	</analytic>
	<monogr>
		<title level="j">The American Statistician</title>
		<imprint>
			<biblScope unit="volume">72</biblScope>
			<biblScope unit="issue">1</biblScope>
			<biblScope unit="page" from="37" to="45" />
			<date type="published" when="2018" />
		</imprint>
	</monogr>
</biblStruct>

<biblStruct xml:id="b14">
	<analytic>
		<title level="a" type="main">Missing slice recovery for tensors using a low-rank model in embedded space</title>
		<author>
			<persName xmlns="http://www.tei-c.org/ns/1.0"><forename type="first">T</forename><surname>Yokota</surname></persName>
		</author>
		<author>
			<persName xmlns="http://www.tei-c.org/ns/1.0"><forename type="first">H</forename><surname>Hontani</surname></persName>
		</author>
		<author>
			<persName xmlns="http://www.tei-c.org/ns/1.0"><forename type="first">T</forename><surname>Yokota</surname></persName>
		</author>
		<author>
			<persName xmlns="http://www.tei-c.org/ns/1.0"><forename type="first">B</forename><surname>Erem</surname></persName>
		</author>
		<author>
			<persName xmlns="http://www.tei-c.org/ns/1.0"><forename type="first">S</forename><surname>Guler</surname></persName>
		</author>
		<author>
			<persName xmlns="http://www.tei-c.org/ns/1.0"><forename type="first">S</forename><forename type="middle">K</forename><surname>Warfield</surname></persName>
		</author>
		<author>
			<persName xmlns="http://www.tei-c.org/ns/1.0"><forename type="first">H</forename><surname>Hontani</surname></persName>
		</author>
	</analytic>
	<monogr>
		<title level="m">APSIPA ASC</title>
		<imprint>
			<publisher>IEEE</publisher>
			<date type="published" when="2018" />
			<biblScope unit="page" from="8251" to="8259" />
		</imprint>
	</monogr>
	<note>CVPR</note>
</biblStruct>

<biblStruct xml:id="b15">
	<analytic>
		<title level="a" type="main">Robust multilinear tensor rank estimation using higher order singular value decomposition and information criteria</title>
		<author>
			<persName xmlns="http://www.tei-c.org/ns/1.0"><forename type="first">[</forename><surname>Yokota</surname></persName>
		</author>
		<idno type="arXiv">arXiv:1908.02995</idno>
	</analytic>
	<monogr>
		<title level="j">IEEE Trans. Signal Process</title>
		<imprint>
			<biblScope unit="volume">65</biblScope>
			<biblScope unit="issue">5</biblScope>
			<biblScope unit="page" from="1196" to="1206" />
			<date type="published" when="2016" />
		</imprint>
	</monogr>
	<note type="report_type">arXiv preprint</note>
	<note>Manifold modeling in embedded space: A perspective for interpreting &quot;deep image prior</note>
</biblStruct>

<biblStruct xml:id="b16">
	<monogr>
		<title/>
		<author>
			<persName xmlns="http://www.tei-c.org/ns/1.0"><forename type="first">[</forename><surname>Yu</surname></persName>
		</author>
		<idno type="arXiv">arXiv:1711.00073</idno>
		<imprint>
			<date type="published" when="2017" />
		</imprint>
	</monogr>
	<note type="report_type">Long-term forecasting using Tensor-Train RNNs. arXiv preprint</note>
</biblStruct>

<biblStruct xml:id="b17">
	<analytic>
		<title level="a" type="main">Temporal regularized matrix factorization for high-dimensional time series prediction</title>
		<author>
			<persName xmlns="http://www.tei-c.org/ns/1.0"><forename type="first">Rao</forename><surname>Yu</surname></persName>
		</author>
		<author>
			<persName xmlns="http://www.tei-c.org/ns/1.0"><surname>Dhillon</surname></persName>
		</author>
		<author>
			<persName xmlns="http://www.tei-c.org/ns/1.0"><forename type="first">H.-F</forename><surname>Yu</surname></persName>
		</author>
		<author>
			<persName xmlns="http://www.tei-c.org/ns/1.0"><forename type="first">N</forename><surname>Rao</surname></persName>
		</author>
		<author>
			<persName xmlns="http://www.tei-c.org/ns/1.0"><forename type="first">I</forename><forename type="middle">S</forename><surname>Dhillon</surname></persName>
		</author>
	</analytic>
	<monogr>
		<title level="m">NeurIPS</title>
		<imprint>
			<date type="published" when="2016" />
			<biblScope unit="page" from="847" to="855" />
		</imprint>
	</monogr>
</biblStruct>

<biblStruct xml:id="b18">
	<analytic>
		<title level="a" type="main">Spatio-temporal graph convolutional networks: A deep learning framework for traffic forecasting</title>
		<author>
			<persName xmlns="http://www.tei-c.org/ns/1.0"><forename type="first">B</forename><surname>Yu</surname></persName>
		</author>
		<author>
			<persName xmlns="http://www.tei-c.org/ns/1.0"><forename type="first">H</forename><surname>Yin</surname></persName>
		</author>
		<author>
			<persName xmlns="http://www.tei-c.org/ns/1.0"><forename type="first">Z</forename><surname>Zhu</surname></persName>
		</author>
		<author>
			<persName xmlns="http://www.tei-c.org/ns/1.0"><forename type="first">G</forename><forename type="middle">P</forename><surname>Zhang</surname></persName>
		</author>
		<idno type="arXiv">arXiv:1709.04875</idno>
	</analytic>
	<monogr>
		<title level="j">Neurocomputing</title>
		<imprint>
			<biblScope unit="volume">50</biblScope>
			<biblScope unit="page" from="159" to="175" />
			<date type="published" when="2003" />
		</imprint>
	</monogr>
	<note type="report_type">arXiv preprint</note>
	<note>Time series forecasting using a hybrid ARIMA and neural network model</note>
</biblStruct>

<biblStruct xml:id="b19">
	<analytic>
		<title level="a" type="main">Bayesian low-tubal-rank robust tensor factorization with multi-rank determination</title>
		<author>
			<persName xmlns="http://www.tei-c.org/ns/1.0"><forename type="first">Y</forename><surname>Zhou</surname></persName>
		</author>
		<author>
			<persName xmlns="http://www.tei-c.org/ns/1.0"><forename type="first">Y</forename><surname>Cheung</surname></persName>
		</author>
	</analytic>
	<monogr>
		<title level="j">IEEE Trans. Pattern Anal. Mach. Intell</title>
		<imprint>
			<date type="published" when="2019" />
			<publisher>In Press</publisher>
		</imprint>
	</monogr>
</biblStruct>

<biblStruct xml:id="b20">
	<analytic>
		<title level="a" type="main">Probabilistic rank-one tensor analysis with concurrent regularizations</title>
		<author>
			<persName xmlns="http://www.tei-c.org/ns/1.0"><forename type="first">Lu</forename><surname>Cheung</surname></persName>
		</author>
		<author>
			<persName xmlns="http://www.tei-c.org/ns/1.0"><forename type="first">Y</forename><surname>Zhou</surname></persName>
		</author>
		<author>
			<persName xmlns="http://www.tei-c.org/ns/1.0"><forename type="first">H</forename><surname>Lu</surname></persName>
		</author>
		<author>
			<persName xmlns="http://www.tei-c.org/ns/1.0"><forename type="first">Y.-M</forename><surname>Cheung</surname></persName>
		</author>
	</analytic>
	<monogr>
		<title level="j">IEEE Trans. Cybern</title>
		<imprint>
			<date type="published" when="2019" />
			<publisher>In Press</publisher>
		</imprint>
	</monogr>
</biblStruct>

				</listBibl>
			</div>
		</back>
	</text>
</TEI>
