<?xml version="1.0" encoding="UTF-8"?>
<TEI xml:space="preserve" xmlns="http://www.tei-c.org/ns/1.0" 
xmlns:xsi="http://www.w3.org/2001/XMLSchema-instance" 
xsi:schemaLocation="http://www.tei-c.org/ns/1.0 /home/varun/Desktop/NLP/Projects/grobid-0.5.6/grobid-home/schemas/xsd/Grobid.xsd"
 xmlns:xlink="http://www.w3.org/1999/xlink">
	<teiHeader xml:lang="en">
		<fileDesc>
			<titleStmt>
				<title level="a" type="main">Theoretical Analysis of Sparse Subspace Clustering with Missing Entries</title>
			</titleStmt>
			<publicationStmt>
				<publisher/>
				<availability status="unknown"><licence/></availability>
				<date type="published" when="2018-02-09">9 Feb 2018</date>
			</publicationStmt>
			<sourceDesc>
				<biblStruct>
					<analytic>
						<author>
							<persName xmlns="http://www.tei-c.org/ns/1.0"><forename type="first">Manolis</forename><forename type="middle">C</forename><surname>Tsakiris</surname></persName>
						</author>
						<author>
							<persName xmlns="http://www.tei-c.org/ns/1.0"><forename type="first">René</forename><surname>Vidal</surname></persName>
						</author>
						<title level="a" type="main">Theoretical Analysis of Sparse Subspace Clustering with Missing Entries</title>
					</analytic>
					<monogr>
						<imprint>
							<date type="published" when="2018-02-09">9 Feb 2018</date>
						</imprint>
					</monogr>
					<note>1</note>
				</biblStruct>
			</sourceDesc>
		</fileDesc>

		<encodingDesc>
			<appInfo>
				<application version="0.5.6" ident="GROBID" when="2020-04-20T14:52+0000">
					<ref target="https://github.com/kermitt2/grobid">GROBID - A machine learning software for extracting information from scholarly documents</ref>
				</application>
			</appInfo>
		</encodingDesc>		<profileDesc>
			<textClass>
				<keywords>
					<term>Index Terms-Generalized PCA</term>
					<term>Sparse Subspace Clustering</term>
					<term>Missing Entries</term>
					<term>Incomplete Data</term>
					<term>Lasso</term>
				</keywords>
			</textClass>
			<abstract>
<div xmlns="http://www.tei-c.org/ns/1.0"><p>Sparse Subspace Clustering (SSC) is a popular unsupervised machine learning method for clustering data lying close to an unknown union of low-dimensional linear subspaces; a problem with numerous applications in pattern recognition and computer vision. Even though the behavior of SSC for complete data is by now wellunderstood, little is known about its theoretical properties when applied to data with missing entries. In this paper we give theoretical guarantees for SSC with incomplete data, and analytically establish that projecting the zero-filled data onto the observation pattern of the point being expressed leads to a substantial improvement in performance. The main insight that stems from our analysis is that even though the projection induces additional missing entries, this is counterbalanced by the fact that the projected and zero-filled data are in effect incomplete points associated with the union of the corresponding projected subspaces, with respect to which the point being expressed is complete. The significance of this phenomenon potentially extends to the entire class of self-expressive methods.</p></div>
			</abstract>
		</profileDesc>
	</teiHeader>
	<text xml:lang="en">
		<body>
<div xmlns="http://www.tei-c.org/ns/1.0"><head n="1">INTRODUCTION</head><p>C LUSTERING data lying close to an unknown union of lowdimensional linear subspaces is a fundamental problem in unsupervised machine learning, known as Subspace Clustering or Generalized Principal Component Analysis <ref type="bibr" target="#b30">[31]</ref>. Indeed, this problem is intimately related to the extension of the classical Principal Component Analysis (PCA) to multiple subspaces, and in recent years has found numerous applications in machine learning, computer vision, pattern recognition, bioinformatics and systems theory. Moreover, recent work is beginning to explore connections between subspace clustering and deep learning, with the goal of learning unions of low-dimensional non-linear manifolds <ref type="bibr" target="#b17">[18]</ref>.</p><p>Among a variety of subspace clustering methods <ref type="bibr" target="#b30">[31]</ref> including algebraic <ref type="bibr" target="#b29">[30]</ref>, <ref type="bibr" target="#b24">[25]</ref>, <ref type="bibr" target="#b26">[27]</ref>, iterative <ref type="bibr" target="#b3">[4]</ref>, recursive <ref type="bibr" target="#b11">[12]</ref>, <ref type="bibr" target="#b25">[26]</ref>, and spectral <ref type="bibr" target="#b0">[1]</ref>, <ref type="bibr" target="#b13">[14]</ref>, <ref type="bibr" target="#b15">[16]</ref>, <ref type="bibr" target="#b5">[6]</ref> techniques, Sparse Subspace Clustering (SSC) <ref type="bibr" target="#b8">[9]</ref>, <ref type="bibr" target="#b9">[10]</ref> is one of the most popular methods. The reason is that it exhibits a very competitive performance in real-world datasets, it admits efficient numerical implementations, and is supported by a rich body of theory <ref type="bibr" target="#b9">[10]</ref>, <ref type="bibr" target="#b21">[22]</ref>, <ref type="bibr" target="#b32">[33]</ref>, <ref type="bibr" target="#b22">[23]</ref>. In addition, SSC is able to cluster data from incomplete observations reasonably well <ref type="bibr" target="#b34">[35]</ref>, which is an important problem <ref type="bibr" target="#b16">[17]</ref>, <ref type="bibr" target="#b19">[20]</ref>, <ref type="bibr" target="#b7">[8]</ref>, <ref type="bibr" target="#b34">[35]</ref>, <ref type="bibr" target="#b13">[14]</ref>, <ref type="bibr" target="#b18">[19]</ref>, <ref type="bibr" target="#b10">[11]</ref>, <ref type="bibr" target="#b20">[21]</ref>, <ref type="bibr" target="#b2">[3]</ref>, since in many applications Manolis C. <ref type="bibr">Tsakiris</ref>  not all features are available for every data point: Users of recommendation systems only rate a few items, medical patients undergo only a few tests and treatments, dynamic processes are observed across short time intervals and so on.</p><p>Even though the theoretical foundations of SSC are by now mature, there are many lingering open questions. For example, it is still unclear whether weaker conditions exist for the performance of SSC even for uncorrupted data; contrast this to the recent study <ref type="bibr" target="#b36">[37]</ref>, which establishes a hierarchy of such conditions for sparse subspace recovery. More importantly, even though a satisfactory theory for SSC with general noise does exist <ref type="bibr" target="#b32">[33]</ref>, the theoretical properties of SSC for data with missing entries remain elusive, with <ref type="bibr" target="#b31">[32]</ref>, <ref type="bibr" target="#b38">[39]</ref> being recent efforts towards that end. In particular, the conditions of <ref type="bibr" target="#b31">[32]</ref> are hard to interpret, and in addition they refer to the formulation of SSC with exact self-expressiveness equality constraint; not an optimal choice for corrupted data. On the other hand, through a different methodology the work of <ref type="bibr" target="#b38">[39]</ref> provides bounds similar to a subset of the results here <ref type="bibr" target="#b0">1</ref> .</p><p>In this paper we provide a novel theoretical analysis of SSC for incomplete data. More precisely, we provide theoretical performance guarantees for SSC applied to i) Zero-Filled data (ZF-SSC), in which case all unobserved entries are filled with zeros, and ii) Projected-Zero-Filled data (PZF-SSC), in which case all unobserved entries are filled with zeros and in addition all data points are projected onto the observation pattern of the point being expressed each time 2 . A direct comparison of the tolerable bounds of missing entries for ZF-SSC (Theorem 6) and PZF-SSC (Theorem 4) serves as a theoretical justification for the former being a better method than the latter, which is in agreement with existing experimental evidence <ref type="bibr" target="#b34">[35]</ref>. Since PZF data have in principle more missing entries than ZF data, this is a remarkable phenomenon, of potentially wider significance to the entire class of self-expressive-based methods, e.g., <ref type="bibr" target="#b14">[15]</ref>, <ref type="bibr" target="#b15">[16]</ref>, <ref type="bibr" target="#b9">[10]</ref>, <ref type="bibr" target="#b33">[34]</ref>, <ref type="bibr" target="#b35">[36]</ref>.</p><p>Our analysis has the distinctive feature (say as compared to <ref type="bibr" target="#b32">[33]</ref>) of not decoupling the noise from the data until the very end, and also of making use of a novel observation (Lemma 1) about the Euclidean norm of the so-called dual vector. This, is not only a convenient tool for the analysis of SSC with incomplete data, but when applied to data with generic noise, it leads to higher tolerable levels of noise (Theorem 7) than those in <ref type="bibr" target="#b32">[33]</ref>, and when 1. We note that an earlier version of <ref type="bibr" target="#b38">[39]</ref>, namely <ref type="bibr" target="#b37">[38]</ref>, studied an ℓ 1 formulation of SSC. We pointed out to the authors that the arguments between (A.11) and (A.12) were incorrect, which prompted them to the study of a Lasso version of SSC with missing entries, what we call in this paper ZF-SSC.</p><p>2. This is called EWZF-SSC in <ref type="bibr" target="#b34">[35]</ref>; here we have taken the liberty to rename the method according to the more suggestive name PZF-SSC. applied to uncorrupted data, it leads to an even weaker and more easily computable condition (Theorem 8) than that in <ref type="bibr" target="#b21">[22]</ref>.</p><p>The rest of the paper is organized as follows. In §1.1 we introduce the notation and main objects of this paper. In §2 we review SSC for uncorrupted data, and discuss the two known elementary formulations of SSC for incomplete data, i.e., ZF-SSC and PZF-SSC. In §3 we present the main contributions of this paper, which consist of deterministic and probabilistic characterizations of the tolerable percentage of missing entries for ZF-SSC and PZF-SSC, as well as a formal comparison between the two methods. In §4 we present new results for SSC with uncorrupted data or with data corrupted by generic noise. All proofs are organized in §5, while the appendix contains necessary technical facts used throughout the analysis.</p></div>
<div xmlns="http://www.tei-c.org/ns/1.0"><head n="1.1">Notation and Main Objects</head><p>The nature of the problem studied in this paper calls for a rather heavy notation, which we have strived to simplify and unify as much as possible. To avoid introducing complicated notation amidst other technical developments, we have found it convenient to gather all relevant objects in Definition 1, which the reader is encouraged to refer to when necessary. Other than that, for ℓ a positive integer, we define [ℓ] := {1, . . . , ℓ}. For a vector w ∈ R D we defineŵ := w/ w 2 , if w = 0, andŵ := 0, otherwise. For V any linear subspace of R D , we denote by P V the square matrix that represents the orthogonal projection of R D onto V. Given a binary relation, RHS stands for Right-Hand-Side, and similarly for LHS. Finally, ·, · is the standard inner product. Definition 1. We define the following objects:</p><p>1) The linear subspaces:</p><formula xml:id="formula_0">For i ∈ [n], we let S i be a linear subspace of R D , where dim S i = d i &lt; D.</formula><p>2) The complete data: With an abuse of notation, we let</p><formula xml:id="formula_1">X = [X (1) , . . . , X (n) ]Γ ∈ R D×N (1)</formula><p>denote a data matrix as well as a set (formed by the columns of this matrix) of unit ℓ 2 -norm points in the union of the linear</p><formula xml:id="formula_2">subspaces S i , i ∈ [n], where X (i) = [x (i) 1 , . . . , x (i)</formula><p>Ni ] ⊂ S i , Span(X (i) ) = S i , and Γ is an unknown permutation, indicating that the clustering of the points with respect to the subspaces is unknown. We define X (1)</p><formula xml:id="formula_3">−1 := X (1) \ {x (1) 1 }, X −1 := X \ {x (1) 1 }, and X (−1) := X \ X (1) , where \ denotes set-theoretic difference.</formula><p>3) The pattern of missing entries: For every point x </p><formula xml:id="formula_4">(i) j ∈ R D we consider an observation pattern ω (i) j ∈ {0, 1} D ,</formula><formula xml:id="formula_5">(i) j = diag(ω (i) j ) is the orthogonal projection ontoẼ (i) j .</formula><p>5) The zero-filled data (ZF-data): We letX ∈ R D×N be the data X with zeros appearing in the unobserved entries, i.e., the column ofX associated to point x</p><formula xml:id="formula_6">(i) j isx (i) j := P (i) j x (i)</formula><p>j , ∀i, j. 6) The projected data: We letẊ :=P <ref type="bibr" target="#b0">(1)</ref> 1 X be the projection of the data X onto the observed coordinate subspaceĒ</p><formula xml:id="formula_7">(1) 1 associated to point x (1) 1 . The column ofẊ associated to x (i) j isẋ (i) j :=P (1) 1 x (i) j , ∀i, j. 7)</formula><p>The projected and zero-filled data (PZF-data): We letẊ be the projection of the zero-filled data ontoĒ <ref type="bibr" target="#b0">(1)</ref> 1 , i.e.,Ẋ := P</p><p>1X . The column ofẊ associated to point x</p><formula xml:id="formula_9">(i) j isẋ (i) j := P (1) 1x (i) j , ∀i, j.</formula><p>8) The unobserved data: We defineX to be the unobserved components of the data, i.e.,X := X −X, andx</p><formula xml:id="formula_10">(i) j := P (1) 1 x (i) j , ∀i, j. Similarly, for PZF data we defineẊ := X −Ẋ, andẋ (i) j :=P (1) 1x (i) j , ∀i, j.</formula><p>9) The projected subspaces: For i ∈ [n], we letṠ i ⊂ R D be the orthogonal projection of S i onto the subspaceĒ</p><formula xml:id="formula_11">(1) 1 . In other words, if b (i) 1 , . . . , b (i) di is a basis for S i , thenṠ i is the subspace of R D spanned by the vectorsP (1) 1 b (i) k , ∀k ∈ [d i ].</formula><p>10) The inradius: We let r be the relative inradius of the symmetrized convex hull Q of all points X  </p><formula xml:id="formula_12">1 = W (1) −1 c + e,<label>(1)</label></formula><p>corresponding to either complete data X, ZF-dataX or PZF-dataẊ. Consider the dual problem</p><formula xml:id="formula_14">max v v, w (1) 1 − 1 2λ v 2 2 s.t. v ⊤ W (1) −1 ∞ ≤ 1. (3)</formula><p>Let v * λ ,v * λ ,v * λ be the optimal solution to problem (3) corresponding to W = X,X,Ẋ respectively; these solutions are unique because (3) is strongly convex. Then we define the corresponding dual directionsv 1,λ ,v 1,λ ,v 1,λ to be the normalized projections of v * λ ,v * λ ,v * λ onto S 1 , S 1 ,Ṡ 1 respectively (if any of these projections is equal to zero, we define the corresponding dual direction to be the zero vector). 12) The inter-subspace coherences: We define the intersubspace coherences for complete data, ZF-data, and PZFdata respectively as</p><formula xml:id="formula_15">µ λ := max i&gt;1, k∈[Ni] | x (i) k ,v 1,λ | (4) µ λ := max i&gt;1, k∈[Ni] | x (i) k ,v 1,λ | (5) µ λ := max i&gt;1, k∈[Ni] | ẋ (i) k ,v 1,λ |.<label>(6)</label></formula><p>13) The intra-subspace coherences:</p><formula xml:id="formula_16">ζ := (X (1) −1 ) ⊤ x (1) 1 ∞ ,<label>(7)</label></formula><p>ζ := (X</p><formula xml:id="formula_17">−1 ) ⊤x (1) 1 ∞ ,<label>(1)</label></formula><formula xml:id="formula_18">ζ := (Ẋ (1) −1 ) ⊤ẋ (1) 1 ∞ , (ζ =ζ)<label>(8)</label></formula><p>14) Other quantities:</p><formula xml:id="formula_20">η := x (1) 1 2 ,<label>(10)</label></formula><formula xml:id="formula_21">η := ẋ (1) 1 2 , (η =η) (11) γ := max i&gt;1,k∈[Ni], j∈[N1] | x (i) k , P S ⊥ 1x (1) j | (12) γ := max i&gt;1,k∈[Ni], j∈[N1] | ẋ (i) k , PṠ⊥ 1ẋ (1) j |.<label>(13)</label></formula></div>
<div xmlns="http://www.tei-c.org/ns/1.0"><head n="2">REVIEW OF SPARSE SUBSPACE CLUSTERING</head><p>We begin by reviewing Sparse Subspace Clustering (SSC) for data with no corruptions ( §2.1), as well as the two fundamental approaches to SSC for incomplete data ( §2.2), which this paper is devoted to analyzing.</p></div>
<div xmlns="http://www.tei-c.org/ns/1.0"><head n="2.1">SSC With Uncorrupted Data</head><p>In the absence of data corruptions (noise, missing entries, outliers, etc.) we consider a data matrix X ∈ R N ×D as in Definition 1, whose columns are unit-ℓ 2 points 3 that lie in an unknown union of low-dimensional linear subspaces</p><formula xml:id="formula_22">n i=1 S i ⊂ R D , with d i := dim(S i ). Thus X = [X (1) · · · X (n) ]Γ, where each X (i) := [x (i) 1 · · · x (i)</formula><p>Ni ] ∈ R Ni×D consists of N i points spanning subspace S i , and Γ is an unknown permutation, indicating that the clustering of the points is unknown.</p><p>Among a variety of methods <ref type="bibr" target="#b30">[31]</ref> for retrieving the clusters {X (i) }, one may apply Sparse Subspace Clustering (SSC) <ref type="bibr" target="#b8">[9]</ref>, <ref type="bibr" target="#b9">[10]</ref>, whose main principle is to express each point in X as a sparse linear combination of other points in X. Specifically, we seek an expression, say, of point x  1 } by means of the basis pursuit problem <ref type="bibr" target="#b6">[7]</ref> min</p><formula xml:id="formula_23">c∈R N 1 −1 c 1 s.t. x (1) 1 = X −1 c,<label>(14)</label></formula><p>and then form an affinity graph in which we connect x (1) 1 to those points of X −1 that correspond to the support (non-zero coefficients) of the computed optimal solution of (14). Clearly, we want these points to lie in the same subspace as x (1) 1 , i.e., to be points of X (1)</p><formula xml:id="formula_24">−1 := X (1) \ {x (1)</formula><p>1 }, in which case we say that the solution is subspace preserving. When this is true for the expression of each and every point in X, then the corresponding affinity graph contains no connections between points in different subspaces, i.e., it is a subspace preserving graph. Assuming that points within each subspace are sufficiently well connected, the affinity graph will have precisely n connected components, and spectral clustering is guaranteed to furnish the correct clusters.</p><p>Often, it is more practical to search for approximate sparse linear combinations rather exact ones as in <ref type="bibr" target="#b13">(14)</ref>. Thus one may approximately express point x </p><formula xml:id="formula_25">1 = X −1 c + e,<label>(1)</label></formula><p>where e represents the reconstruction error. We have the following known guarantee 4 :</p><p>3. This is not an essential assumption, rather it is convenient for the purpose of theoretical analysis.</p><p>4. For ease of notation, we state all results in terms of expressing x</p><p>1 .</p><p>Theorem 1 (SSC with uncorrupted data, deterministic <ref type="bibr" target="#b32">[33]</ref>).</p><p>Recall the notation of Definition 1, and suppose that µ λ &lt; r and 1/ζ &lt; λ.</p><p>Then every optimal solution to the Lasso SSC problem (15) is non-zero and subspace preserving.</p><p>Theorem 1 can be interpreted as follows: If all data points from S 1 other than x</p><p>1 are well distributed (large r), the data points from other subspaces are sufficiently far from S 1 as measured by their inner product with the dual directionv 1,λ (small µ λ ), and the reconstruction error is penalized sufficiently enough (large λ), then the Lasso problem (15) is guaranteed to furnish non-zero and subspace preserving solutions.</p><p>Employing Lemmas 3 and 4 in the Appendix, Theorem 1 can be converted to a probabilistic statement under a simplified fully random model. </p><formula xml:id="formula_30">α := log(ρ) 16d , β := 6 log(N ) D .<label>(17)</label></formula><p>Theorem 2 (SSC with uncorrupted data, probabilistic <ref type="bibr" target="#b32">[33]</ref>, <ref type="bibr" target="#b21">[22]</ref>). Consider the random model of Definition 2. If ρ is larger than a constant, λ &gt; 1/α, and</p><formula xml:id="formula_31">α &gt; β,<label>(18)</label></formula><p>then any optimal solution to the Lasso SSC problem (15) is nonzero and subspace preserving, with probability at least</p><formula xml:id="formula_32">1−2/N 2 − exp(− √ ρd).</formula><p>Condition <ref type="bibr" target="#b17">(18)</ref> agrees with intuition, since it effectively says that the subspace preserving property is easier to achieve for small relative subspace dimensions d/D, fewer subspaces, and more points per subspace. In §3 we will give analogues of Theorems 1 and 2 for two fundamental variants of SSC for incomplete data, described next.</p></div>
<div xmlns="http://www.tei-c.org/ns/1.0"><head n="2.2">SSC With Missing Entries (ZF-SSC,PZF-SSC)</head><p>When the data are incomplete but otherwise uncorrupted, one may consider using a low-rank matrix completion algorithm to first complete the data and then applying SSC to the completed data. However, this procedure is guaranteed to succeed only when the underlying complete matrix X is of low rank, an assumption which might become invalid in the presence of data from many distinct subspaces. As a simple alternative, one may fill with zeros the unobserved entries to obtain a zero-filled data matrix X exactly as in Definition 1, and subsequently solve the problem</p><formula xml:id="formula_33">min c c 1 + λ 2 e 2 2 s.t.x<label>(1)</label></formula><formula xml:id="formula_34">1 =X −1 c + e.<label>(19)</label></formula><p>This approach is called Zero-Filled SSC (ZF-SSC) <ref type="bibr" target="#b34">[35]</ref>. In spite of its simplicity, ZF-SSC is known to have a reasonable performance, which can be further considerably improved as compared to the <ref type="bibr" target="#b4">5</ref>. For simplicity, we assume that n divides N . results reported in <ref type="bibr" target="#b34">[35]</ref>, simply by setting the parameter λ in the optimization problem <ref type="bibr" target="#b18">(19)</ref> adaptively for each point <ref type="bibr" target="#b5">6</ref> . Even so, ZF-SSC has an evident shortcoming: it penalizes the reconstruction error of the zero vector along the unobserved part of the point being expressed, which is clearly an undesirable feature of the method. More precisely, lettingĒ</p><formula xml:id="formula_35">(1) 1 andẼ (1) 1</formula><p>be, respectively, the observed and unobserved subspaces associated to point x</p><formula xml:id="formula_36">(1) 1 , andP (1) 1 andP (1) 1</formula><p>the orthogonal projections onto them (see Definition 1), and recalling that (Ē</p><formula xml:id="formula_37">(1) 1 ) ⊥ =Ẽ (1) 1 , we have thatx (1) 1 =P (1) 1x (1) 1 , and<label>(20)</label></formula><formula xml:id="formula_38">X −1 =P (1) 1X −1 +P (1) 1X −1 ,<label>(21)</label></formula><p>and so we can rewrite the objective function of ZF-SSC as</p><formula xml:id="formula_39">c 1 + λ 2 x (1) 1 −X −1 c 2 2 = c 1 + (22) λ 2 x (1) 1 −P (1) 1X −1 c 2 2 + λ 2 P (1) 1X −1 c 2 2 .<label>(23)</label></formula><p>We then see that ZF-SSC penalizes the reconstruction error x</p><formula xml:id="formula_40">(1) 1 −P (1) 1X −1 c 2 of the observed part of x<label>(1)</label></formula><p>1 , which is desirable, as well as the norm of the vectorP <ref type="formula" target="#formula_8">(1)</ref> 1X −1 c. The latter is an artifact of the zero-filling process, and could bias the coefficients c away from a subspace preserving pattern. Thus, it is reasonable to remove this term and obtain self-expressive coefficients forx</p><formula xml:id="formula_41">(1) 1 by solving instead min c c 1 + λ 2 e 2 2 , s.t. e =x (1) 1 −Ẋ −1 c,<label>(24)</label></formula><p>whereẊ :=P <ref type="bibr" target="#b0">(1)</ref> 1X is the projected and zero-filled data, as in Definition 1. <ref type="bibr" target="#b34">[35]</ref> called this approach EWZF-SSC; we here take the liberty to rename it Projected-Zero-Filled Sparse-Subspace-Clustering (PZF-SSC).</p><p>PZF-SSC is known to provide accurate clustering while tolerating a higher percentage of missing entries than ZF-SSC. This is rather fascinating, since, after all, PZF-SSC works with the projected and zero-filled dataẊ, which have more missing entries than the zero-filled dataX. Note that precisely because of this reason, direct application of any generic noise bound (such as that of Theorem 6 in <ref type="bibr" target="#b32">[33]</ref>) would naively suggest that ZF-SSC tolerates more missing entries than PZF-SSC, contradicting experimental evidence. This apparent mystery is resolved in §3, where we adopt a more sophisticated view of PZF-SSC, thus unveiling its superiority over ZF-SSC.</p></div>
<div xmlns="http://www.tei-c.org/ns/1.0"><head n="3">SSC THEORY FOR INCOMPLETE DATA</head><p>This section contains the main contributions of this paper. In §3.1 and §3.2 we give deterministic and probabilistic theorems of correctness for PZF-SSC and ZF-SSC, respectively, in analogy with Theorems 1 and 2 for SSC with uncorrupted data. We conclude in §3.3 with the first theoretical comparison of the two methods. <ref type="bibr" target="#b5">6</ref>. Specifically, when expressing pointx</p><formula xml:id="formula_42">(1) 1 set the parameter λ = a/ X ⊤ −1x</formula><p>(1) 1 ∞ and similarly for other points, where a &gt; 1 is a parameter chosen the same for all points.</p></div>
<div xmlns="http://www.tei-c.org/ns/1.0"><head n="3.1">PZF-SSC Theory</head><p>As already remarked so far, PZF-SSC is experimentally known to be a superior method to ZF-SSC, i.e., it can provide an accurate clustering for a higher percentage of missing entries. This is remarkable, because the projected and zero-filled dataẊ (see Definition 1 for notation) that PZF-SSC operates on contain more missing entries than the zero-filled dataX that ZF-SSC operates on. On the other hand, we already saw in §2.2 that the additional zeros inẊ are inflicted in such a way, that the objective function minimized by PZF-SSC is, at least on an intuitive level, more accurate than the one minimized by ZF-SSC.</p><p>In this paper we give a theoretical justification for the superiority of PZF-SSC over ZF-SSC. Our main insight is the following observation: expressing pointx</p><formula xml:id="formula_43">(1) 1 =ẋ (1) 1</formula><p>as a sparse linear combination ofẊ −1 , can be seen as expressing the complete point x </p><p>If the conditionμ</p><formula xml:id="formula_45">λη &lt;ζ,<label>(26)</label></formula><p>is true, then the open intervalΛ := (1/ζ,λ max ) is non-empty. If in addition 7 λ ∈Λ, then every optimal solution to the Lasso SSC problem <ref type="bibr" target="#b23">(24)</ref> with projected and zero-filled data is non-zero and subspace preserving.</p><p>What is remarkable about Theorem 3 is the simplicity of the conditionμ λη &lt;ζ, as well as its resemblance to the condition µ λ &lt; r of Theorem 1. In fact, the quantityμ λ is a direct analogue of the inter-subspace coherence µ λ , adjusted for the case of PZF data. Indeed, as seen from its definition in (6),μ λ is the maximum inner product between the dual direction associated to the PZF data of subspace S 1 and PZF data coming from the rest of subspaces. The quantityη ≤ 1 is the Euclidean norm of the point being expressed, which in the absence of missing entries is equal to 1. Finally, to understand the quantityζ, we first look at its noiseless counterpart ζ defined in <ref type="formula" target="#formula_16">(7)</ref>. This measures how well 7. Since the intervalΛ is a function of λ, it is misleading to write "for any λ ∈Λ", as the fact thatΛ is non-empty does not alone guarantee that also λ ∈Λ. For example, this occurs in Theorem 6 of <ref type="bibr" target="#b32">[33]</ref>. distributed are the points X </p><p>1 , or in other words, how coherent they are with that point. Notice here that ζ is a more relevant quantity than the inradius r, since the latter does not involve any information about the point being expressed. In addition, ζ is directly computable from the data, while the inradius is in principle hard to compute. Furthermore, by Proposition 1 in the Appendix, it is true that r ≤ ζ, so that if we were to replace condition µ λ &lt; r with condition µ λ &lt; ζ, we would obtain a better result. This is precisely the condition that Theorem 3 reduces to for complete data; see Theorem 8. With this interpretation in mind, we see that the quantityζ captures how well distributed the PZF dataẊ </p><p>1 that is being expressed.</p><p>The above discussion allows interpreting condition <ref type="formula" target="#formula_13">(26)</ref>: the PZF dataẊ <ref type="bibr" target="#b0">(1)</ref> −1 associated to the same subspace S 1 as the poinṫ x (1) 1 being expressed must be well distributed with respect to that point normalized (largeζ/η), while the PZF pointsẊ (−1) in the rest of the subspaces must be sufficiently far away from the projected subspaceṠ 1 , as measured by their inner product with the corresponding dual directionv 1,λ ∈Ṡ 1 (smallμ λ ).</p><p>Next, we derive a probabilistic statement from Theorem 3. This is done by constructing high-probability upper and lower bounds for the LHS and RHS of (26), where we exploit the fact that data corruptions due to missing entries are induced by orthogonal projections, i.e., for every x</p><formula xml:id="formula_48">(i) j , x (i) j =P (i) j x (i) j = x (i) j + (−P (i) j x (i) j ).<label>(27)</label></formula><p>Using the bounds of Lemmas 3, 4, and 5 in the Appendix, through non-trivial calculations we obtain: </p><formula xml:id="formula_49">α &gt; √ 2ω + β √ 1 − ω + (1 + β) ǫ + β/3,<label>(28)</label></formula><p>then there exists a non-empty interval Λ ⊂ R such that for any λ ∈ Λ, any optimal solution to the PZF-SSC problem (24) is non-zero and subspace preserving, with probability at least</p><formula xml:id="formula_50">1 − 2/N 2 − exp(− √ ρd) − exp(−Dǫ/2).</formula><p>To get an insight into how the maximal tolerable level of missing entries scales with the subspace dimension d, we note that for high-ambient dimensions D the quantity β is negligible with respect to the quantity α. Similarly, ignoring the small parameter ǫ, (28) becomes approximately α ≥ √ 2ω, which by the definition of α and ω gives PZF-SSC :</p><formula xml:id="formula_51">m D &lt; 1 2 log(ρ) 16d = O 1 d .<label>(29)</label></formula><p>Informally, <ref type="bibr" target="#b28">(29)</ref> says that the maximal tolerable percentage of missing entries of PZF-SSC as predicted by Theorem 4, scales inversely proportionally to the subspace dimension.</p></div>
<div xmlns="http://www.tei-c.org/ns/1.0"><head n="3.2">ZF-SSC Theory</head><p>Similar techniques that led to Theorems 3 and 4 can be employed to yield deterministic and probabilistic statements about ZF-SSC.</p><p>In particular, we have:</p><p>Theorem 5 (ZF-SSC, deterministic). With the notation of Definition 1, further define the positive quantitȳ</p><formula xml:id="formula_52">λmax := 1 2 1 2ζ −μ λ γη − 1 2η 2 + 9 4ζ 2 +μ λ γηζ + 2 γη 2 +μ 2 λ γ 2η2 + 1 4η 4 + 1 η 2 μ λ γη − 1 2ζ 1/2 .<label>(30)</label></formula><p>If the conditionμ</p><formula xml:id="formula_53">λη +γ &lt;ζ<label>(31)</label></formula><p>is true, then the open intervalΛ := (1/ζ,λ max ) is non-empty. If in addition λ ∈Λ, then every optimal solution to the Lasso SSC problem <ref type="bibr" target="#b18">(19)</ref> with zero-filled data is non-zero and subspace preserving.</p><p>The quantitiesμ λ ,η,ζ are in direct analogy with the quantitieṡ µ λ ,η,ζ that appeared in Theorem 3, except that now they are defined in terms of ZF data instead of PZF data. In fact, as seen from their definitions in <ref type="formula" target="#formula_8">(10)</ref> and <ref type="formula" target="#formula_16">(7)</ref>,η =η andζ =ζ, while in principle the inter-subspace coherencesμ λ ,μ λ need not coincide. Instead, the main difference between <ref type="formula" target="#formula_8">(31)</ref> and <ref type="formula" target="#formula_13">(26)</ref> is the appearance of the quantityγ, whose PZF counterpartγ appears in Theorem 3 only in the definition of the allowable interval for λ. The quantityγ admits an interesting interpretation: As seen from its definition in <ref type="bibr" target="#b11">(12)</ref>,γ is capturing the coherence between the ZF dataX (−1) associated to subspaces S i , i &gt; 1, and a projected version of the unobserved componentsX In turn, this may lead the optimization problem to favor points of X (−1) in expressingx <ref type="bibr" target="#b0">(1)</ref> 1 , thus leading to the loss of the subspacepreserving property of the solutions to <ref type="bibr" target="#b18">(19)</ref>.</p><p>Interestingly, comparison of the proofs of Theorems 3 and 5 reveals thatγ did not appear in (26) becausex <ref type="bibr" target="#b0">(1)</ref> 1 is complete when the underlying subspace arrangement is taken to be n i=1Ṡ i , which is the natural view that we adopted for our analysis of PZF-SSC. On the contrary, such a feature is not available in the analysis of ZF-SSC, asx <ref type="bibr" target="#b0">(1)</ref> 1 is in principle incomplete with respect to n i=1 S i . As we did for PZF-SSC, we use the deterministic Theorem 5 to derive a probabilistic statement:</p><p>Theorem 6 (ZF-SSC, probabilistic). Consider the exact setting of Theorem 4. If the ratio ω := m/D of missing entries satisfies</p><formula xml:id="formula_54">α &gt;( √ 2 + ǫ + β/3) √ ω + (β + ǫ + β/3) √ 1 − ω+ ω(1 − ω) + (1 + β + ǫ + β/3) ǫ + β/3,<label>(32)</label></formula><p>then there exists a non-empty interval Λ ⊂ R such that for any λ ∈ Λ, any optimal solution to the ZF-SSC problem <ref type="bibr" target="#b18">(19)</ref> is nonzero and subspace preserving, with probability at least 1−2/N 2 − exp(− √ ρd) − exp − Dǫ/2 .</p></div>
<div xmlns="http://www.tei-c.org/ns/1.0"><head n="3.3">A Comparison between PZF-SSC and ZF-SSC</head><p>It is worth mentioning that repeating the informal arguments that led to <ref type="bibr" target="#b28">(29)</ref>, i.e., for high ambient dimension D ignoring β and ǫ, (32) becomes α &gt; √ 2ω + ω(1 − ω). Noting that √ ω ≥ ω(1 − ω), we then have that this latter simplified condition is √ ω is true. In turn, this implies that</p><formula xml:id="formula_55">ZF-SSC : m D &lt; 1 (1 + √ 2) 2 log(ρ) 16d = O 1 d .<label>(33)</label></formula><p>In other words, both PZF-SSC and ZF-SSC give subspace preserving solutions as long as the ratio of missing entries scales as <ref type="bibr" target="#b7">8</ref> </p><formula xml:id="formula_56">1/d.</formula><p>On the other hand, the multiplying constant associated to PZF-SSC is about 3 times larger, a significant difference. Alternatively (and more rigorously), defining</p><formula xml:id="formula_57">f PZF (ω) :=α − √ 2ω − β √ 1 − ω − (1 + β) ǫ + β/3,<label>(34)</label></formula><p>the PZF Theorem 4 asks that</p><formula xml:id="formula_58">f PZF (ω) &gt; 0,<label>(35)</label></formula><p>while the ZF Theorem 6 asks that</p><formula xml:id="formula_59">f ZF (ω) := − ǫ + β/3( √ ω + √ 1 − ω + ǫ + β/3) − ω(1 − ω) + f PZF (ω) &gt; 0.<label>(36)</label></formula><p>To appreciate the difference between the two functions f PZF (ω) and f ZF (ω), we plot them in <ref type="figure" target="#fig_11">Fig. 1 9</ref> , which suggests the superiority of PZF-SSC.</p></div>
<div xmlns="http://www.tei-c.org/ns/1.0"><head n="4">NEW RESULTS FOR GENERIC NOISE AND UN-CORRUPTED DATA</head><p>Following the same methodology that led to Theorem 3, but now for data corrupted by generic, potentially adversarial, bounded noise, we obtain the following result:</p><p>8. This result is in agreement with the work of <ref type="bibr" target="#b38">[39]</ref>, who however only study ZF-SSC. <ref type="bibr" target="#b8">9</ref>. We note here that the probabilistic lower bound α on the inradius r, even though of fundamental theoretical importance, is overly pessimistic for realistic values of ρ, d. Instead, we have used here the more realistic value α = 0.9. At any case, as seen by the definition of fPZF(ω) and fZF(ω) in <ref type="bibr" target="#b33">(34)</ref> and <ref type="bibr" target="#b35">(36)</ref> respectively, the value of α does not in any way affect the behavior of the two functions, other than a uniform vertical translation. For an alternative bound see <ref type="bibr" target="#b36">[37]</ref>.</p><p>Theorem 7 (SSC with generic noise, deterministic). Given data X as described in <ref type="bibr">Definition 1,</ref><ref type="bibr"></ref>  </p><formula xml:id="formula_60">k , i &gt; 1. If r &gt; µ ′ λ and if δ &lt; r + µ ′ λ 3 − r + µ ′ λ 3 2 − r 2 − (µ ′ λ ) 2 3 ,<label>(37)</label></formula><p>then there exists a non-empty open interval Λ ′ λ , such that if λ ∈ Λ ′ λ , then every optimal solution to the Lasso SSC problem of expressing the noisy point x</p><formula xml:id="formula_61">(1) 1 + δ (1)</formula><p>1 in terms of all other noisy points, will be non-zero and subspace preserving. In particular, condition <ref type="bibr" target="#b36">(37)</ref> is satisfied if</p><formula xml:id="formula_62">δ &lt; r − µ ′ λ 6 .<label>(38)</label></formula><p>Theorem 7 is an improvement over Theorem 6 in <ref type="bibr" target="#b32">[33]</ref>, which restricts δ as in</p><formula xml:id="formula_63">δ &lt; r(r − µ ′ λ ) 2 + 7r .<label>(39)</label></formula><p>For Gaussian noise, it can be shown that Theorem 7 allows the variance of the noise to scale roughly as per 1/ √ d, as opposed to 1/d for Theorem 11 in <ref type="bibr" target="#b32">[33]</ref>. Even though this is an improvement over the latter, it is still not better than <ref type="bibr" target="#b22">[23]</ref>, which analyzes SSC with an adaptive tuning of λ, thus removing the dependence of the subspace dimension d from the tolerable noise variance.</p><p>We conclude the paper with a result interesting in its own right, obtained from Theorem 3 for zero missing entries:</p><p>Theorem 8 (SSC with uncorrupted data, deterministic). Consider expressing point x <ref type="bibr" target="#b0">(1)</ref> 1 in terms of the rest of the points in X via the Lasso SSC formulation <ref type="bibr" target="#b14">(15)</ref>. If µ λ &lt; ζ then the open interval</p><formula xml:id="formula_64">Λ λ := 1 ζ , 1 2 1 ζ + 1 µ λ (40)</formula><p>is non-empty, and if λ ∈ Λ λ , then any optimal solution is non-zero and subspace preserving.</p></div>
<div xmlns="http://www.tei-c.org/ns/1.0"><head n="5">PROOFS</head><p>In this section we give proofs of Theorem 1 10 as well as of Theorems 3-8. A key observation upon which the new Theorems 3-8 rely, is the following lemma. </p><p>Let v * be the unique solution to the strongly convex problem <ref type="bibr" target="#b9">10</ref>. As noted earlier, this theorem follows from Theorem 6 in <ref type="bibr" target="#b32">[33]</ref> for zero noise. Here we give a direct proof based on the framework developed in <ref type="bibr" target="#b21">[22]</ref> for basis pursuit and later expanded for Lasso by <ref type="bibr" target="#b32">[33]</ref>; the proof is instructive and highlights techniques relevant to other proofs in this paper.</p><formula xml:id="formula_66">max v y, v − 1 2λ v 2 2 s.t. Y ⊤ v ∞ ≤ 1.<label>(42)</label></formula><p>Suppose that λ &gt; 1/ζ. Then</p><formula xml:id="formula_67">η/ζ ≤ v * 2 ≤ η (2λ − 1/ζ) .<label>(43)</label></formula><p>Proof. Problem (42) is equivalent to</p><formula xml:id="formula_68">min v λy − v 2 2 s.t. Y ⊤ v ∞ ≤ 1.<label>(44)</label></formula><p>Decomposing v = αy + ξ, with ξ ⊥ y, (44) becomes</p><formula xml:id="formula_69">min v λy − αy 2 2 + ξ 2 2 s.t. Y ⊤ (αy + ξ) ∞ ≤ 1.<label>(45)</label></formula><p>Now, y/ζ is a feasible point of (44), hence, decomposing the optimal solution v * as v * = α * y + ξ * , we have that</p><formula xml:id="formula_70">λy − α * y 2 2 ≤ λy − α * y 2 2 + ξ * 2 2 (46) ≤ λy − y/ζ 2 2 .<label>(47)</label></formula><p>Remembering that λ &gt; 1/ζ, the above inequality implies</p><formula xml:id="formula_71">|λ − α * | ≤ λ − 1/ζ ⇔ 1/ζ ≤ α * ≤ 2λ − 1/ζ.<label>(48)</label></formula><p>Now this gives the lower bound in (43), since</p><formula xml:id="formula_72">v * 2 2 = α * y 2 2 + ξ * 2 2 (49) ≥ α * y 2 2 = (α * ) 2 η 2 (48) ≥ (η/ζ) 2 .<label>(50)</label></formula><p>To get the upper bound in (43), we work again with</p><formula xml:id="formula_73">λy − α * y 2 2 + ξ * 2 2 ≤ λy − y/ζ 2 2 , ⇔<label>(51)</label></formula><formula xml:id="formula_74">η 2 λ 2 − 2λη 2 α * + v * 2 ≤ η 2 (λ − 1/ζ) 2 , ⇔ (52) v * 2 ≤ η 2 (λ − 1/ζ) 2 − η 2 λ 2 + 2λη 2 α * .<label>(53)</label></formula><p>Using the upper bound (48) on α * , this becomes</p><formula xml:id="formula_75">v * 2 ≤ η 2 (λ − 1/ζ) 2 − η 2 λ 2 + 2λη 2 (2λ − 1/ζ) (54) = η 2 (2λ − 1/ζ) 2 ,<label>(55)</label></formula><p>by which we are done.</p></div>
<div xmlns="http://www.tei-c.org/ns/1.0"><head n="5.1">Proof of Theorem 1</head><p>According to the general Lasso Lemma 12 in <ref type="bibr" target="#b32">[33]</ref> (which is a generalization of the general basis pursuit Lemma 7.1 in <ref type="bibr" target="#b21">[22]</ref>) the solution to (15) will be subspace preserving if the following subspace separation condition is true,</p><formula xml:id="formula_76">| x (i) k , v * λ | &lt; 1, ∀i &gt; 1, ∀k ∈ [N i ].<label>(56)</label></formula><p>Now, it can be verified that v * λ ∈ S 1 , and so v * λ = P S1 v * λ =: v * 1,λ (otherwise P S1 v * λ is a feasible point of the reduced dual problem with larger objective; contradiction). Hence, condition (56) is equivalent to</p><formula xml:id="formula_77">v * 1,λ 2 | x (i) k ,v * 1,λ | &lt; 1, ∀i &gt; 1, ∀k ∈ [N i ].<label>(57)</label></formula><p>Now, v * 1,λ is an element of the symmetrized relative polar set associated to X (1) −1 , and so v * 1,λ 2 ≤ 1/r (see Definition 3 and Lemma 2). Hence condition (57) is satisfied, if the stronger condition µ λ &lt; r is true. This guarantees that every solution to <ref type="bibr" target="#b14">(15)</ref> is subspace preserving. Then the condition λ &gt; 1/ζ guarantees that any such solution is also non-zero, as under this hypothesis, examination of the KKT conditions reveals that c = 0 is never an optimal solution.</p></div>
<div xmlns="http://www.tei-c.org/ns/1.0"><head n="5.2">Proof of Theorem 3</head><p>Consider the reduced Lasso SSC problem</p><formula xml:id="formula_78">min c c 1 + λ 2 e 2 2 , s.t. e =x (1) 1 −Ẋ (1) −1 c,<label>(58)</label></formula><p>as well as its dual optimization problem</p><formula xml:id="formula_79">max v x (1) 1 , v − 1 2λ v 2 2 s.t. (Ẋ (1) −1 ) ⊤ v ∞ ≤ 1.<label>(59)</label></formula><p>Problem (59) is strongly convex; letv * be its unique solution.</p><p>Then by Lemma 12 in <ref type="bibr" target="#b32">[33]</ref>, every solution to the Lasso SSC problem (24) will be subspace preserving if</p><formula xml:id="formula_80">| ẋ (i) k ,v * | &lt; 1, ∀i &gt; 1, ∀k ∈ [N i ],<label>(60)</label></formula><p>Condition (60) is satisfied, if the following stronger but more structured condition is satisfied:</p><formula xml:id="formula_81">| ẋ (i) k , PṠ 1v * ) | + | ẋ (i) k , PṠ⊥ 1v * | &lt; 1, ∀i &gt; 1, ∀k.<label>(61)</label></formula><p>By thinking of v as a Lagrange multiplier associated with the equality constraintx</p><formula xml:id="formula_82">(1) 1 =Ẋ<label>(1)</label></formula><p>−1 c + e of (58), we see from the KKT optimality conditions thaṫ</p><formula xml:id="formula_83">v * = λė * = λ x (1) 1 −Ẋ (1) −1ċ * ,<label>(62)</label></formula><p>whereė * ,ċ * are optimal solutions of (58). Taking into consideration thatx</p><formula xml:id="formula_84">(1) 1 ∈Ṡ 1 andẊ (1) −1 =Ẋ (1) −1 −Ẋ (1) −1 ,<label>(63)</label></formula><formula xml:id="formula_85">projecting (62) ontoṠ ⊥ 1 gives PṠ⊥ 1v * = −λPṠ⊥ 1Ẋ (1) −1ċ * (64) = λPṠ⊥ 1Ẋ (1) −1ċ * (65) = λ N1 j=2ċ * j PṠ⊥ 1ẋ (1) j .<label>(66)</label></formula><p>Hence,</p><formula xml:id="formula_86">| ẋ (i) k , P ⊥ S1v * | = λ N1 j=2ċ * j ẋ (i) k , P ⊥ S1ẋ (1) j (67) ≤ λ max i&gt;1,k∈[Ni], j∈[N1] | ẋ (i) k , P ⊥ S1ẋ (1) j | ċ * 1 (68) = λγ ċ * 1 .<label>(69)</label></formula><p>Let us derive an upper bound on ċ * 1 . By strong duality</p><formula xml:id="formula_87">ċ * 1 + λ 2 ė * 2 2 = x (1) 1 ,v * − 1 2λ v * 2 2 ⇒ (70) ċ * 1 = x (1) 1 ,v * − 1 2λ v * 2 2 − λ 2 ė * 2 2 (71) v * =λė * = x (1) 1 ,v * − 1 λ v * 2 2 (72) = PṠ 1x (1) 1 ,v * − 1 λ v * 2 2 (73) = x (1) 1 , PṠ 1v * − 1 λ v * 2 2 (74) = x<label>(1)</label></formula><formula xml:id="formula_88">1 ,v * 1 − 1 λ v * 2 2 (75) ≤ x (1) 1 2 v * 1 2 − 1 λ v * 2 2 (76) Lem.1 ≤η v * 1 2 −η 2 λ −1ζ−2 .<label>(77)</label></formula><p>Substituting (77) into (69), and the result into (61), we obtain the sufficient conditioṅ</p><formula xml:id="formula_89">µ λ v * 1 2 + λγ η v * 1 −η 2 /(λζ 2 ) &lt; 1.<label>(78)</label></formula><p>By Lemma 1 we have</p><formula xml:id="formula_90">v * 1 2 ≤ v * 2 ≤η(2λ − 1/ζ).<label>(79)</label></formula><p>Substituting this upper bound for v * 1 2 into (78) (and assuming thatγ &gt; 0) we obtain</p><formula xml:id="formula_91">λ 2 + μ λ ηγ − 1 2ζ λ − 1 2η 2γ + 1 2ζ 2 +μ λ 2ηγζ &lt; 0.<label>(80)</label></formula><p>For the moment let us treatμ λ as constant. Then regardless of the sign of the coefficientμ λ ηγ − 1 2ζ , by Descartes's rule of signs the quadratic polynomial appearing in the LHS of (80) has exactly one negative and one positive root; the positive root is given precisely byλ in <ref type="bibr" target="#b29">(30)</ref>. Thus constraining λ to lie in the interval (0,λ) guarantees that (80) is true, which in turn guarantees that (60) is true, which finally guarantees thatċ * is a subspace preserving solution. We also need to ensure thatċ * is not the zero solution. Inspection of the KKT conditions for the reduced problem (58) reveals that if λ &gt; 1/ζ, then any optimal solution of (58) must necessarily be non-zero. In turn, this implies that any optimal solution of (24) must be non-zero. As a consequence, if λ satisfies</p><formula xml:id="formula_92">1/ζ &lt; λ &lt;λ,<label>(81)</label></formula><p>then any optimal solution of (24) will be both non-zero and subspace preserving. For (81) to be true we must have that 1/ζ &lt;λ. Substituting the expression forλ into this last inequality, a straightforward algebraic manipulation reveals that 1/ζ &lt;λ is true as long as (26) holds true.</p></div>
<div xmlns="http://www.tei-c.org/ns/1.0"><head n="5.3">Proof of Theorem 4</head><p>First note that, under the fully random model, x (i) j is uniformly distributed 11 on the unit sphere of R D , for every i ∈ [n], j ∈ [N i ]. Define ω := m/D. We bound the terms appearing in <ref type="bibr" target="#b25">(26)</ref> with high probability. In particular, sincex </p><formula xml:id="formula_93">P η ≤ √ 1 − ω + ǫ + β/3 ≥ 1 − 1 N exp − Dǫ 2 .<label>(82)</label></formula><p>Moreover, for every k, i we can write</p><formula xml:id="formula_94">ẋ (i) k ,v * 1 = P (1) 1P (i) k x (i) k ,v * 1 (83) = x (i) k ,P (1) 1P (i) kv * 1 (84) ≤ x (i) k , P (1) 1P (i) kv * 1 .<label>(85)</label></formula><p>Since for i &gt; 1 we have that x (i) k is independent from P (1) 1P (i) kv * 1 , Lemma 4 together with the union bound give <ref type="bibr" target="#b10">11</ref>. See <ref type="bibr" target="#b21">[22]</ref> for a detailed explanation.</p><formula xml:id="formula_95">P μ λ ≤ β ≥ 1 − 2/N 2 .<label>(86)</label></formula><p>Next, we bound from belowζ aṡ</p><formula xml:id="formula_96">ζ ≥ r − max j&gt;1 (I −P (1) jP (1) 1 )x (1) 1 2 .<label>(87)</label></formula><p>To prove this, we use the technique of <ref type="bibr" target="#b32">[33]</ref>, while exploiting the fact that the noise is now given by projections. Specifically, let j * , j † be such that</p><formula xml:id="formula_97">(Ẋ (1) −1 ) ⊤x(1) 1 ∞ = | ẋ (1) j * ,x (1) 1 |,<label>(88)</label></formula><formula xml:id="formula_98">(X (1) −1 ) ⊤ x (1) 1 ∞ = | x (1) j † , x (1) 1 |.<label>(89)</label></formula><formula xml:id="formula_99">Thenζ = (Ẋ (1) −1 ) ⊤x(1) 1 ∞ (90) = | ẋ (1) j * ,x (1) 1 | (91) ≥ | ẋ (1) j † ,x (1) 1 | (92) = | P (1) 1P (1) j † x (1) j † ,P<label>(1)</label></formula><formula xml:id="formula_100">1 x (1) 1 | (93) = | x (1) j † ,P (1) j †P (1) 1 x (1) 1 | (94) = | x (1) j † , x<label>(1)</label></formula><formula xml:id="formula_101">1 − (I −P (1) j †P (1) 1 )x (1) 1 ) | (95) ≥ | x (1) j † , x (1) 1 | − | x (1) j † , (I −P (1) j †P (1) 1 )x (1) 1 | (96) ≥ | x (1) j † , x (1) 1 | − (I −P (1) j †P (1) 1 )x (1) 1 2 (97) Prp.1 ≥ r − (I −P (1) j †P (1) 1 )x (1) 1 2 (98) ≥ r − max j&gt;1 (I −P (1) jP (1) 1 )x (1) 1 2 .<label>(99)</label></formula><p>Now, by Lemma 3,</p><formula xml:id="formula_102">P[r ≥ α] ≥ 1 − exp (− √ ρd).<label>(100)</label></formula><p>Moreover, for every j the vector (I −P  </p><formula xml:id="formula_103">1 )x (1) 1 2 ≤ √ 2ω + ǫ + β/3 ≥ ≥ 1 − N 1 − 1 N exp − Dǫ 2 .<label>(101)</label></formula><p>Putting everything together via the union bound, we have that <ref type="bibr" target="#b25">(26)</ref> holds true with probability at least</p><formula xml:id="formula_104">1 − 2/N 2 − exp(− √ ρd) − exp − Dǫ 2 ,<label>(102)</label></formula><p>as long as <ref type="formula" target="#formula_13">(28)</ref> is true.</p></div>
<div xmlns="http://www.tei-c.org/ns/1.0"><head n="5.4">Proof of Theorem 5</head><p>The proof follows exactly the same steps as the proof of Theorem 3 with one crucial difference: one now works with the original subspaces S i , instead of the projected subspacesṠ i . In that case, the pointx  </p><formula xml:id="formula_105">1 −X (1) −1 c,<label>(1)</label></formula><p>as well as its dual optimization problem</p><formula xml:id="formula_107">max v x (1) 1 , v − 1 2λ v 2 2 s.t. (X (1) −1 ) ⊤ v ∞ ≤ 1.<label>(104)</label></formula><p>Lettingv * be the unique solution of (104), by Lemma 12 in <ref type="bibr" target="#b32">[33]</ref> we have that every solution to the Lasso SSC problem <ref type="bibr" target="#b18">(19)</ref> will be subspace preserving if</p><formula xml:id="formula_108">| x (i) k ,v * | &lt; 1, ∀i &gt; 1, ∀k ∈ [N i ],<label>(105)</label></formula><p>or if the stronger condition</p><formula xml:id="formula_109">| x (i) k , P S 1v * ) | + | x (i) k , P S ⊥ 1v * | &lt; 1, ∀i &gt; 1, ∀k,<label>(106)</label></formula><p>is satisfied. Lettingē * ,c * be optimal solutions of (103), we have thatv * = λē * = λ x</p><formula xml:id="formula_110">1 −X (1) −1c * ,<label>(1)</label></formula><p>and so | x</p><formula xml:id="formula_112">(i) k , P S ⊥ 1v * | = λ x (i) k , P S ⊥ 1x (1) 1 + N1 j=2c * j x (i) k , P S ⊥ 1x (1) j (108) ≤ λγ(1 + c * 1 ).<label>(109)</label></formula><p>In a similar way as in the proof of Theorem 3, we have</p><formula xml:id="formula_113">c * 1 ≤η v * 1 2 −η 2 λ −1ζ−2 .<label>(110)</label></formula><p>Substituting <ref type="formula" target="#formula_8">(110)</ref> into <ref type="formula" target="#formula_8">(109)</ref>, and the result into (106), and using Lemma 1, we obtain the sufficient condition 12</p><formula xml:id="formula_114">λ 2 + μ λ ηγ + 1 2η 2 − 1 2ζ λ − 1 2η 2γ + 1 2ζ 2 +μ λ 2ηγζ &lt; 0.<label>(111)</label></formula><p>The LHS is a quadratic polynomial in λ (treatingμ λ as a constant) with one negative and one positive root, the latter being preciselȳ λ. If</p><formula xml:id="formula_115">1/ζ &lt; λ &lt;λ,<label>(112)</label></formula><p>then any optimal solution of (19) will be both non-zero and subspace preserving. The condition (31) ensures that</p><formula xml:id="formula_116">1/ζ &lt;λ.<label>(113)</label></formula></div>
<div xmlns="http://www.tei-c.org/ns/1.0"><head n="5.5">Proof of Theorem 6</head><p>We bound with high probability the terms in <ref type="bibr" target="#b30">(31)</ref>. The terms ζ,μ λ ,η are bounded exactly as in the proof of Theorem 4. For the termγ, note that  </p><formula xml:id="formula_117">| x (i) k , P S ⊥ 1x (1) j | ≤ x (i) k 2 P S ⊥ 1x (1) j 2 (114) ≤ x (i) k 2 x (1) j 2 . (115) x (i) k is the orthogonal projection of x (i) k onto the linear subspace E (i) k of dimension D − m, whilex</formula><formula xml:id="formula_118">P γ ≤ ( √ 1 − ω + ǫ + β/3)( √ ω + ǫ + β/3) ≥ 1 − exp − Dǫ 2 .<label>(116)</label></formula><p>Replacing each term with its corresponding upper or lower bound in <ref type="bibr" target="#b30">(31)</ref> gives precisely (32). <ref type="bibr" target="#b11">12</ref>. Observe that the only structural difference between <ref type="formula" target="#formula_8">(111)</ref> and <ref type="formula" target="#formula_18">(80)</ref> is the extra term 1 2η 2 appearing in (111).</p></div>
<div xmlns="http://www.tei-c.org/ns/1.0"><head n="5.6">Proof of Theorem 7</head><p>We only note that the entire derivation of Theorem 5 can be repeated to arrive at identical formulas, except that now all quantities are to be computed usingx</p><formula xml:id="formula_119">(i) k = x (i) k + δ (i) k andx (i) k = −δ (i)</formula><p>k . Specifically, we now have the following bounds:</p><formula xml:id="formula_120">ζ ≥ r − 2δ − δ 2 , (117) µ λ ≤ µ ′ λ + δ,<label>(118)</label></formula><formula xml:id="formula_121">η ≤ 1 + δ 2 ,<label>(119)</label></formula><formula xml:id="formula_122">γ ≤ δ + δ 2 .<label>(120)</label></formula><p>Hence, condition <ref type="formula" target="#formula_8">(31)</ref> is satisfied if</p><formula xml:id="formula_123">r − 2δ − δ 2 &gt; 1 + δ 2 (µ ′ λ + δ) + δ + δ 2 .<label>(121)</label></formula><p>Assuming that</p><formula xml:id="formula_124">r − 3δ − 2δ 2 &gt; 0 ⇔ δ &lt; √ 9 + 8r − 3 4 ,<label>(122)</label></formula><p>(121) is equivalent to</p><formula xml:id="formula_125">(r &gt; 3δ − 2δ 2 ) 2 &gt; (1 + δ 2 )(µ ′ λ + δ) 2 ,<label>(123)</label></formula><p>which in turn is equivalent to</p><formula xml:id="formula_126">− 3δ 4 + 2(µ ′ λ − 6)δ 3 + ((µ ′ λ ) 2 − 8 + 4r)δ 2 + 2(µ ′ λ + 3r)δ + (µ ′ λ ) 2 − r 2 &lt; 0.<label>(124)</label></formula><p>This latter condition is true if the following stronger condition is true:</p><p>−3δ 2 + 2(µ ′ λ + 3r)δ + (µ ′ λ ) 2 − r 2 &lt; 0.</p><p>The LHS is a quadratic polynomial in δ with two positive roots. Condition (37) forces δ to be smaller than the smallest positive root. Finally, (125) can be further relaxed to the even stronger (but linear) condition 2(µ ′ λ + 3r)δ + (µ ′ λ ) 2 − r 2 &lt; 0,</p><p>which is implied by <ref type="bibr" target="#b12">13</ref>  <ref type="bibr" target="#b37">(38)</ref>.</p></div>
<div xmlns="http://www.tei-c.org/ns/1.0"><head n="5.7">Proof of Theorem 8</head><p>Replace v * 1,λ 2 in (57) by the upper bound (43) of Lemma 1 to obtain</p><formula xml:id="formula_129">(2λ − 1/ζ)| x (i) k ,v * 1,λ | &lt; 1, ∀i &gt; 1, ∀k ⇔ (127) (2λ − 1/ζ)µ λ &lt; 1.<label>(128)</label></formula><p>This is a sufficient condition for every optimal solution of the Lasso SSC problem <ref type="bibr" target="#b14">(15)</ref> to be subspace preserving. Solving with respect to λ, (128) gives</p><formula xml:id="formula_130">λ &lt; 1 2 1 ζ + 1 µ λ .<label>(129)</label></formula><p>On the other hand, requiring that λ &gt; 1/ζ guarantees that c = 0 is not optimal for <ref type="bibr" target="#b14">(15)</ref>, exactly as in the proof of Theorem 1. Then condition µ λ &lt; ζ ensures that the interval Λ λ is non-empty. <ref type="bibr" target="#b12">13</ref>. Note also that (122) is implied by (37).</p></div>
<div xmlns="http://www.tei-c.org/ns/1.0"><head n="6">CONCLUSIONS</head><p>We developed theoretical bounds on the tolerable percentage of missing entries for Sparse Subspace Clustering (SSC). Our analysis confirmed theoretically that a projection onto the observed pattern of the point being expressed leads to a higher tolerable level of missing entries than without this projection, which is a finding of general interest for self-expressive clustering and robust PCA methods.</p></div>
<div xmlns="http://www.tei-c.org/ns/1.0"><head>APPENDIX</head><p>In this appendix we collect some technical elements from convex geometry and high-dimensional probability theory, that are used extensively in the technical development of the paper. Proposition 1 is known to experts, yet being unaware of a direct proof in the literature, we provide one. </p><formula xml:id="formula_131">Y • := v ∈ R D : y ⊤ v ≤ 1, ∀y ∈ Y .<label>(130)</label></formula><p>Lemma 2 ( §1.2 in <ref type="bibr" target="#b12">[13]</ref>). Let Y ∈ R D×L be a set of L points of R D . Then </p><formula xml:id="formula_132">= 1/ max v∈Span(Y ): Y ⊤ v ∞ ≤1 v 2 (135) = 1/ max v∈Span(Y ): Y ⊤ v ∞ =1 v 2 (136) = min v: v 2 =1 Y ⊤ v ∞ ,<label>(137)</label></formula><p>where in the last equality we used that</p><formula xml:id="formula_133">sup g(v)=1 f (v) = sup g v f (v) = 1 f (v) f (v) = 1/ inf f (u)=1 g(u),<label>(138)</label></formula><p>for any 1-homogeneous functions f, g : R D → R.</p></div>
<div xmlns="http://www.tei-c.org/ns/1.0"><head>Lemma 3 ([2]</head><p>, <ref type="bibr" target="#b21">[22]</ref>). Let Y be a set of L random points uniformly distributed on S d−1 . Then for ρ := L/d larger than a constant, we have</p><formula xml:id="formula_134">P r(Y ) ≤ log(ρ) 16d ≤ exp (− √ ρd).<label>(139)</label></formula><p>Lemma 4 (Follows from Theorem 1.5 in <ref type="bibr" target="#b27">[28]</ref>). Let x,v be independent random vectors on S D−1 , with x uniformly distributed. Then for every ǫ &gt; 0 we have P |x ⊤v | ≥ ǫ ≤ 2 exp (−Dǫ 2 /2).</p><p>Lemma 5 (Follows from Lemma 5.3.2 in <ref type="bibr" target="#b28">[29]</ref>). Let x be uniformly distributed on the unit sphere S D−1 and let V be a fixed linear subspace of R D of dimension d. Then, for any ǫ &gt; 0, the orthogonal projection P V x of x onto V satisfies</p><formula xml:id="formula_136">P d/D − ǫ ≤ P V x 2 ≤ d/D + ǫ ≥ 1 − 2 exp − Dǫ 2 2 .<label>(141)</label></formula></div><figure xmlns="http://www.tei-c.org/ns/1.0" xml:id="fig_0"><head></head><label></label><figDesc>in subspace S 1 , except point x</figDesc></figure>
<figure xmlns="http://www.tei-c.org/ns/1.0" xml:id="fig_1"><head></head><label></label><figDesc>i.e., r is the radius of the largest Euclidean ball of S 1 contained in Q. 11) The dual directions: For W = X,X,Ẋ corresponding to complete data X, ZF-dataX and PZF-dataẊ, consider the reduced Lasso-SSC problem</figDesc></figure>
<figure xmlns="http://www.tei-c.org/ns/1.0" xml:id="fig_2"><head></head><label></label><figDesc>combination of all other points X −1 := X \ {x</figDesc></figure>
<figure xmlns="http://www.tei-c.org/ns/1.0" xml:id="fig_5"><head>Definition 2 (</head><label>2</label><figDesc>Random model). For each i ∈ [n], let the ith subspace be chosen uniformly at random from the Grassmannian manifold of d-dimensional subspaces of R D . Moreover, let 5 N/n =: ρd + 1 points be chosen uniformly at random from the intersection of each subspace and the unit sphere S D−1 . Finally, define the quantities</figDesc></figure>
<figure xmlns="http://www.tei-c.org/ns/1.0" xml:id="fig_6"><head></head><label></label><figDesc>partial observationsẊ −1 of the complete pointsẊ −1 , where now the underlying complete dataẊ lie in the union of subspaces n i=1Ṡ i , i.e., the original subspaces projected onto the coordinate subspace defined by the observation pattern of the point being expressed (seeDefinition 1). With this in mind, inspired by the seminal work of<ref type="bibr" target="#b32">[33]</ref>, and by 1) making more frequent use of strong duality than as in the proof of Theorem 6 in<ref type="bibr" target="#b32">[33]</ref>, 2) using the novel Lemma 1 to bound the norm of the dual vector, and 3) not decoupling the noise from the data, we arrive at the following key result:Theorem 3 (PZF-SSC, deterministic). With the notation of Definition 1, further define the positive quantitẏ</figDesc></figure>
<figure xmlns="http://www.tei-c.org/ns/1.0" xml:id="fig_9"><head>Theorem 4 (</head><label>4</label><figDesc>PZF-SSC, probabilistic). Consider the random model of Definition 2. Suppose that for each point we do not observe exactly m &lt; D − d entries, with the pattern of missing entries being arbitrary, but otherwise fixed apriori. Suppose that the point density ρ is larger than a constant, and let ǫ &gt; 0 be a parameter that controls the probability of success. If the ratio ω := m/D of missing entries satisfies</figDesc></figure>
<figure xmlns="http://www.tei-c.org/ns/1.0" xml:id="fig_10"><head></head><label></label><figDesc>the data from S 1 . A large such coherence intuitively means that significant information about S 1 , potentially crucial for the reconstruction of x(1) 1 as a linear combination of points inX −1 , is leaked away intõ X (1) −1 , with whichX (−1) highly correlates (assuming largeγ).</figDesc></figure>
<figure xmlns="http://www.tei-c.org/ns/1.0" xml:id="fig_11"><head>Fig. 1 .</head><label>1</label><figDesc>Theoretical comparison between PZF-SSC and ZF-SSC: The functions f PZF (ω) and f ZF (ω) defined in (34) and (36) respectively are plotted for α = 0.9, β = 0.01, ǫ = 0.001. satisfied if the stronger condition α &gt; (1 + √ 2)</figDesc></figure>
<figure xmlns="http://www.tei-c.org/ns/1.0" xml:id="fig_12"><head>Lemma 1 .</head><label>1</label><figDesc>Let Y ∈ R D×L , y ∈ R D , and define ζ := Y ⊤ y ∞ , and η := y 2 .</figDesc></figure>
<figure xmlns="http://www.tei-c.org/ns/1.0" xml:id="fig_14"><head></head><label></label><figDesc>a linear subspace of dimension at most 2m. Hence, Lemma 5 and the union bound give that P max j&gt;1 (I −P</figDesc></figure>
<figure xmlns="http://www.tei-c.org/ns/1.0" xml:id="fig_16"><head></head><label></label><figDesc>has in principle non-zero component in S ⊥ 1 ; contrast this to the fact thatx</figDesc></figure>
<figure xmlns="http://www.tei-c.org/ns/1.0" xml:id="fig_17"><head>2</head><label></label><figDesc>, s.t. e =x</figDesc></figure>
<figure xmlns="http://www.tei-c.org/ns/1.0" xml:id="fig_20"><head>Proposition 1 .</head><label>1</label><figDesc>For Y ∈ R D×L a set of L points of R D ,</figDesc></figure>
<figure xmlns="http://www.tei-c.org/ns/1.0" type="table" xml:id="tab_0" validated="false"><head></head><label></label><figDesc>is with the School of Information Science and Technology, ShanghaiTech University, Shanghai, China. email: mt-sakiris@shanghaitech.edu.cn René Vidal is with the Department of Biomedical Engineering, Johns Hopkins University, Baltimore, USA. email: rvidal@cis.jhu.edu</figDesc><table></table></figure>
<figure xmlns="http://www.tei-c.org/ns/1.0" type="table" xml:id="tab_1" validated="false"><head></head><label></label><figDesc>where a value of 1 indicates an observed entry, while a value of 0 indicates an unobserved entry. We assume each ω = 0}, with e k the canonical vector of R D with zeros everywhere and a 1 at position k. The orthogonal projection ontoĒ</figDesc><table>(i) 

j has 
precisely m zeros. We letω 

(i) 

j := 1 − ω 

(i) 

j , where 1 is the 
vector of all ones. 
4) The observed/unobserved coordinate subspaces: We let 
E 

(i) 
j 

:= Span{e k : e ⊤ 
k ω 

(i) 
j 

(i) 
j 

is given bȳ 
P 

(i) 
j 

:= diag(ω 

(i) 

j ), the matrix with ω 

(i) 

j on its diagonal 
and zeros everywhere else.Ẽ 

(i) 

j is the orthogonal complement 
ofĒ 

(i) 

j , andP 

</table></figure>
<figure xmlns="http://www.tei-c.org/ns/1.0" type="table" xml:id="tab_2" validated="false"><head></head><label></label><figDesc>k of maximum Euclidean norm δ is added at every point x (i) k . For a given λ, letv ′ 1,λ be the normalized projection onto S 1 of the optimal solution to the reduced dual problem associated to the noisy points x</figDesc><table>suppose that generic deterministic 
noise δ 

(i) 

′(1) 
j 

:= x 

(1) 

j + δ 

(1) 
j 

coming from subspace 
S 1 (i.e., use x 

′(1) 
j 

in (3), then compute the dual direction as for 
incomplete data). Let µ ′ 
λ be the maximal absolute inner product 
betweenv ′ 
1,λ and points x 

(i) 

</table></figure>
<figure xmlns="http://www.tei-c.org/ns/1.0" type="table" xml:id="tab_3" validated="false"><head></head><label></label><figDesc>Definition 3.  [Inradius, Circumradius, Polar Set] Let Y ∈ R D×L be a set of L points of R D . We denote by r(Y ) the radius of the largest Euclidean ball of Span(Y ) that is contained in the convex hull of the points Y ; we refer to r(Y ) as the relelative inradius. Dually, we denote by R(Y ) the radius of the smallest Euclidean ball of Span(Y ) that contains Y ; we refer to R(Y ) as the relative circumradius. The polar set Y • of Y is the convex subset of R D</figDesc><table></table></figure>
		</body>
		<back>
			<div type="annex">
<div xmlns="http://www.tei-c.org/ns/1.0"><head>ACKNOWLEDGMENT</head><p>The first author thanks Dr. Chun-Guang Li of the Beijing University of Posts and Telecommunications for very useful comments on an earlier version of this manuscript.</p></div>			</div>
			<div type="references">

				<listBibl>

<biblStruct xml:id="b0">
	<analytic>
		<title level="a" type="main">Similarity matrix framework for data from union of subspaces</title>
		<author>
			<persName xmlns="http://www.tei-c.org/ns/1.0"><forename type="first">A</forename><surname>Aldroubi</surname></persName>
		</author>
		<author>
			<persName xmlns="http://www.tei-c.org/ns/1.0"><forename type="first">A</forename><surname>Sekmen</surname></persName>
		</author>
		<author>
			<persName xmlns="http://www.tei-c.org/ns/1.0"><forename type="first">A</forename><forename type="middle">B</forename><surname>Koku</surname></persName>
		</author>
		<author>
			<persName xmlns="http://www.tei-c.org/ns/1.0"><forename type="first">A</forename><forename type="middle">F</forename><surname>Cakmak</surname></persName>
		</author>
	</analytic>
	<monogr>
		<title level="j">Applied and Computational Harmonic Analysis</title>
		<imprint>
			<date type="published" when="2017" />
		</imprint>
	</monogr>
</biblStruct>

<biblStruct xml:id="b1">
	<analytic>
		<title level="a" type="main">On the isotropy constant of random convex sets</title>
		<author>
			<persName xmlns="http://www.tei-c.org/ns/1.0"><forename type="first">D</forename><surname>Alonso-Gutierrez</surname></persName>
		</author>
	</analytic>
	<monogr>
		<title level="m">Proceedings of the</title>
		<meeting>the</meeting>
		<imprint>
			<publisher>American Mathematical Society</publisher>
			<date type="published" when="2008" />
			<biblScope unit="volume">136</biblScope>
			<biblScope unit="page" from="3293" to="3300" />
		</imprint>
	</monogr>
</biblStruct>

<biblStruct xml:id="b2">
	<analytic>
		<title level="a" type="main">High-dimensional matched subspace detection when data are missing</title>
		<author>
			<persName xmlns="http://www.tei-c.org/ns/1.0"><forename type="first">L</forename><surname>Balzano</surname></persName>
		</author>
		<author>
			<persName xmlns="http://www.tei-c.org/ns/1.0"><forename type="first">B</forename><surname>Recht</surname></persName>
		</author>
		<author>
			<persName xmlns="http://www.tei-c.org/ns/1.0"><forename type="first">R</forename><surname>Nowak</surname></persName>
		</author>
	</analytic>
	<monogr>
		<title level="m">Information Theory Proceedings (ISIT)</title>
		<imprint>
			<date type="published" when="2010" />
		</imprint>
	</monogr>
	<note>IEEE International Symposium on</note>
</biblStruct>

<biblStruct xml:id="b3">
	<analytic>
		<title level="a" type="main">k-plane clustering</title>
		<author>
			<persName xmlns="http://www.tei-c.org/ns/1.0"><forename type="first">P</forename><forename type="middle">S</forename><surname>Bradley</surname></persName>
		</author>
		<author>
			<persName xmlns="http://www.tei-c.org/ns/1.0"><forename type="first">O</forename><forename type="middle">L</forename><surname>Mangasarian</surname></persName>
		</author>
	</analytic>
	<monogr>
		<title level="j">Journal of Global Optimization</title>
		<imprint>
			<biblScope unit="volume">16</biblScope>
			<biblScope unit="issue">1</biblScope>
			<biblScope unit="page" from="23" to="32" />
			<date type="published" when="2000" />
		</imprint>
	</monogr>
</biblStruct>

<biblStruct xml:id="b4">
	<analytic>
		<title level="a" type="main">Exact matrix completion via convex optimization</title>
		<author>
			<persName xmlns="http://www.tei-c.org/ns/1.0"><forename type="first">E</forename><surname>Candès</surname></persName>
		</author>
		<author>
			<persName xmlns="http://www.tei-c.org/ns/1.0"><forename type="first">B</forename><surname>Recht</surname></persName>
		</author>
	</analytic>
	<monogr>
		<title level="j">Foundations of Computational Mathematics</title>
		<imprint>
			<biblScope unit="volume">9</biblScope>
			<biblScope unit="page" from="717" to="772" />
			<date type="published" when="2009" />
		</imprint>
	</monogr>
</biblStruct>

<biblStruct xml:id="b5">
	<analytic>
		<title level="a" type="main">Spectral curvature clustering (SCC)</title>
		<author>
			<persName xmlns="http://www.tei-c.org/ns/1.0"><forename type="first">G</forename><surname>Chen</surname></persName>
		</author>
		<author>
			<persName xmlns="http://www.tei-c.org/ns/1.0"><forename type="first">G</forename><surname>Lerman</surname></persName>
		</author>
	</analytic>
	<monogr>
		<title level="j">International Journal of Computer Vision</title>
		<imprint>
			<biblScope unit="volume">81</biblScope>
			<biblScope unit="issue">3</biblScope>
			<biblScope unit="page" from="317" to="330" />
			<date type="published" when="2009" />
		</imprint>
	</monogr>
</biblStruct>

<biblStruct xml:id="b6">
	<analytic>
		<title level="a" type="main">Atomic decomposition by basis pursuit</title>
		<author>
			<persName xmlns="http://www.tei-c.org/ns/1.0"><forename type="first">S</forename><forename type="middle">S</forename><surname>Chen</surname></persName>
		</author>
		<author>
			<persName xmlns="http://www.tei-c.org/ns/1.0"><forename type="first">D</forename><forename type="middle">L</forename><surname>Donoho</surname></persName>
		</author>
		<author>
			<persName xmlns="http://www.tei-c.org/ns/1.0"><forename type="first">M</forename><forename type="middle">A</forename><surname>Saunders</surname></persName>
		</author>
	</analytic>
	<monogr>
		<title level="j">SIAM J. Sci. Comput</title>
		<imprint>
			<biblScope unit="volume">20</biblScope>
			<biblScope unit="page" from="33" to="61" />
			<date type="published" when="1998" />
		</imprint>
	</monogr>
</biblStruct>

<biblStruct xml:id="b7">
	<analytic>
		<title level="a" type="main">High-rank matrix completion and clustering under selfexpressive models</title>
		<author>
			<persName xmlns="http://www.tei-c.org/ns/1.0"><forename type="first">E</forename><surname>Elhamifar</surname></persName>
		</author>
	</analytic>
	<monogr>
		<title level="m">Advances in Neural Information Processing Systems</title>
		<imprint>
			<date type="published" when="2016" />
			<biblScope unit="volume">29</biblScope>
		</imprint>
	</monogr>
</biblStruct>

<biblStruct xml:id="b8">
	<analytic>
		<title level="a" type="main">Sparse subspace clustering</title>
		<author>
			<persName xmlns="http://www.tei-c.org/ns/1.0"><forename type="first">E</forename><surname>Elhamifar</surname></persName>
		</author>
		<author>
			<persName xmlns="http://www.tei-c.org/ns/1.0"><forename type="first">R</forename><surname>Vidal</surname></persName>
		</author>
	</analytic>
	<monogr>
		<title level="m">IEEE Conference on Computer Vision and Pattern Recognition</title>
		<imprint>
			<date type="published" when="2009" />
			<biblScope unit="page" from="2790" to="2797" />
		</imprint>
	</monogr>
</biblStruct>

<biblStruct xml:id="b9">
	<monogr>
				<author>
			<persName xmlns="http://www.tei-c.org/ns/1.0"><forename type="first">E</forename><surname>Elhamifar</surname></persName>
		</author>
		<author>
			<persName xmlns="http://www.tei-c.org/ns/1.0"><forename type="first">R</forename><surname>Vidal</surname></persName>
		</author>
		<title level="m">Sparse subspace clustering: Algorithm, theory, and applications. IEEE Transactions on Pattern Analysis and Machine Intelligence</title>
		<imprint>
			<date type="published" when="2013" />
			<biblScope unit="volume">35</biblScope>
			<biblScope unit="page" from="2765" to="2781" />
		</imprint>
	</monogr>
</biblStruct>

<biblStruct xml:id="b10">
	<analytic>
		<title level="a" type="main">High-rank matrix completion</title>
		<author>
			<persName xmlns="http://www.tei-c.org/ns/1.0"><forename type="first">B</forename><surname>Eriksson</surname></persName>
		</author>
		<author>
			<persName xmlns="http://www.tei-c.org/ns/1.0"><forename type="first">L</forename><surname>Balzano</surname></persName>
		</author>
		<author>
			<persName xmlns="http://www.tei-c.org/ns/1.0"><forename type="first">R</forename><surname>Nowak</surname></persName>
		</author>
	</analytic>
	<monogr>
		<title level="j">Journal of Machine Learning Research</title>
		<imprint>
			<biblScope unit="volume">22</biblScope>
			<biblScope unit="page" from="373" to="381" />
			<date type="published" when="2012" />
		</imprint>
	</monogr>
	<note>Proceedings Track</note>
</biblStruct>

<biblStruct xml:id="b11">
	<analytic>
		<title level="a" type="main">RANSAC random sample consensus: A paradigm for model fitting with applications to image analysis and automated cartography</title>
		<author>
			<persName xmlns="http://www.tei-c.org/ns/1.0"><forename type="first">M</forename><forename type="middle">A</forename><surname>Fischler</surname></persName>
		</author>
		<author>
			<persName xmlns="http://www.tei-c.org/ns/1.0"><forename type="first">R</forename><forename type="middle">C</forename><surname>Bolles</surname></persName>
		</author>
	</analytic>
	<monogr>
		<title level="j">Communications of the ACM</title>
		<imprint>
			<biblScope unit="volume">26</biblScope>
			<biblScope unit="page" from="381" to="395" />
			<date type="published" when="1981" />
		</imprint>
	</monogr>
</biblStruct>

<biblStruct xml:id="b12">
	<analytic>
		<title level="a" type="main">Inner and outerj-radii of convex bodies in finite-dimensional normed spaces</title>
		<author>
			<persName xmlns="http://www.tei-c.org/ns/1.0"><forename type="first">P</forename><surname>Gritzmann</surname></persName>
		</author>
		<author>
			<persName xmlns="http://www.tei-c.org/ns/1.0"><forename type="first">V</forename><surname>Klee</surname></persName>
		</author>
	</analytic>
	<monogr>
		<title level="j">Discrete &amp; Computational Geometry</title>
		<imprint>
			<biblScope unit="volume">7</biblScope>
			<biblScope unit="issue">1</biblScope>
			<biblScope unit="page" from="255" to="280" />
			<date type="published" when="1992" />
		</imprint>
	</monogr>
</biblStruct>

<biblStruct xml:id="b13">
	<analytic>
		<title level="a" type="main">Robust subspace clustering via thresholding</title>
		<author>
			<persName xmlns="http://www.tei-c.org/ns/1.0"><forename type="first">R</forename><surname>Heckel</surname></persName>
		</author>
		<author>
			<persName xmlns="http://www.tei-c.org/ns/1.0"><forename type="first">H</forename><surname>Bölcskei</surname></persName>
		</author>
	</analytic>
	<monogr>
		<title level="j">IEEE Transactions on Information Theory</title>
		<imprint>
			<biblScope unit="volume">61</biblScope>
			<biblScope unit="issue">11</biblScope>
			<biblScope unit="page" from="6320" to="6342" />
			<date type="published" when="2015" />
		</imprint>
	</monogr>
</biblStruct>

<biblStruct xml:id="b14">
	<analytic>
		<title level="a" type="main">Robust recovery of subspace structures by low-rank representation</title>
		<author>
			<persName xmlns="http://www.tei-c.org/ns/1.0"><forename type="first">G</forename><surname>Liu</surname></persName>
		</author>
		<author>
			<persName xmlns="http://www.tei-c.org/ns/1.0"><forename type="first">Z</forename><surname>Lin</surname></persName>
		</author>
		<author>
			<persName xmlns="http://www.tei-c.org/ns/1.0"><forename type="first">S</forename><surname>Yan</surname></persName>
		</author>
		<author>
			<persName xmlns="http://www.tei-c.org/ns/1.0"><forename type="first">J</forename><surname>Sun</surname></persName>
		</author>
		<author>
			<persName xmlns="http://www.tei-c.org/ns/1.0"><forename type="first">Y</forename><surname>Ma</surname></persName>
		</author>
	</analytic>
	<monogr>
		<title level="j">IEEE Transactions on Pattern Analysis and Machine Intelligence</title>
		<imprint>
			<biblScope unit="volume">35</biblScope>
			<biblScope unit="issue">1</biblScope>
			<biblScope unit="page" from="171" to="184" />
			<date type="published" when="2013-01" />
		</imprint>
	</monogr>
</biblStruct>

<biblStruct xml:id="b15">
	<analytic>
		<title level="a" type="main">Robust and efficient subspace segmentation via least squares regression</title>
		<author>
			<persName xmlns="http://www.tei-c.org/ns/1.0"><forename type="first">C-Y</forename><surname>Lu</surname></persName>
		</author>
		<author>
			<persName xmlns="http://www.tei-c.org/ns/1.0"><forename type="first">H</forename><surname>Min</surname></persName>
		</author>
		<author>
			<persName xmlns="http://www.tei-c.org/ns/1.0"><forename type="first">Z-Q</forename><surname>Zhao</surname></persName>
		</author>
		<author>
			<persName xmlns="http://www.tei-c.org/ns/1.0"><forename type="first">L</forename><surname>Zhu</surname></persName>
		</author>
		<author>
			<persName xmlns="http://www.tei-c.org/ns/1.0"><forename type="first">D-S.</forename><surname>Huang</surname></persName>
		</author>
		<author>
			<persName xmlns="http://www.tei-c.org/ns/1.0"><forename type="first">S</forename><surname>Yan</surname></persName>
		</author>
	</analytic>
	<monogr>
		<title level="m">European Conference on Computer Vision</title>
		<imprint>
			<date type="published" when="2012" />
			<biblScope unit="page" from="347" to="360" />
		</imprint>
	</monogr>
</biblStruct>

<biblStruct xml:id="b16">
	<analytic>
		<title level="a" type="main">Algebraic variety models for high-rank matrix completion</title>
		<author>
			<persName xmlns="http://www.tei-c.org/ns/1.0"><forename type="first">G</forename><surname>Ongie</surname></persName>
		</author>
		<author>
			<persName xmlns="http://www.tei-c.org/ns/1.0"><forename type="first">R</forename><surname>Willett</surname></persName>
		</author>
		<author>
			<persName xmlns="http://www.tei-c.org/ns/1.0"><forename type="first">R</forename><forename type="middle">D</forename><surname>Nowak</surname></persName>
		</author>
		<author>
			<persName xmlns="http://www.tei-c.org/ns/1.0"><forename type="first">L</forename><surname>Balzano</surname></persName>
		</author>
	</analytic>
	<monogr>
		<title level="m">34th International Conference on Machine Learning</title>
		<imprint>
			<date type="published" when="2017" />
			<biblScope unit="volume">70</biblScope>
			<biblScope unit="page" from="2691" to="2700" />
		</imprint>
	</monogr>
</biblStruct>

<biblStruct xml:id="b17">
	<analytic>
		<title level="a" type="main">Deep subspace clustering with sparsity prior</title>
		<author>
			<persName xmlns="http://www.tei-c.org/ns/1.0"><forename type="first">X</forename><surname>Peng</surname></persName>
		</author>
		<author>
			<persName xmlns="http://www.tei-c.org/ns/1.0"><forename type="first">S</forename><surname>Xiao</surname></persName>
		</author>
		<author>
			<persName xmlns="http://www.tei-c.org/ns/1.0"><forename type="first">J</forename><surname>Feng</surname></persName>
		</author>
		<author>
			<persName xmlns="http://www.tei-c.org/ns/1.0"><forename type="first">W.-Y</forename><surname>Yau</surname></persName>
		</author>
		<author>
			<persName xmlns="http://www.tei-c.org/ns/1.0"><forename type="first">Z</forename><surname>Yi</surname></persName>
		</author>
	</analytic>
	<monogr>
		<title level="m">25th International Joint Conference on Artificial Intelligence (IJCAI)</title>
		<imprint>
			<date type="published" when="2016" />
			<biblScope unit="page" from="1925" to="1931" />
		</imprint>
	</monogr>
</biblStruct>

<biblStruct xml:id="b18">
	<analytic>
		<title level="a" type="main">Deterministic conditions for subspace identifiability from incomplete sampling. Information Theory (ISIT)</title>
		<author>
			<persName xmlns="http://www.tei-c.org/ns/1.0"><forename type="first">D</forename><surname>Pimentel-Alarcon</surname></persName>
		</author>
		<author>
			<persName xmlns="http://www.tei-c.org/ns/1.0"><forename type="first">N</forename><surname>Boston</surname></persName>
		</author>
		<author>
			<persName xmlns="http://www.tei-c.org/ns/1.0"><forename type="first">R</forename><forename type="middle">D</forename><surname>Nowak</surname></persName>
		</author>
	</analytic>
	<monogr>
		<title level="m">IEEE International Symposium on</title>
		<imprint>
			<date type="published" when="2015" />
			<biblScope unit="page" from="2191" to="2195" />
		</imprint>
	</monogr>
</biblStruct>

<biblStruct xml:id="b19">
	<analytic>
		<title level="a" type="main">The information-theoretic requirements of subspace clustering with missing data</title>
		<author>
			<persName xmlns="http://www.tei-c.org/ns/1.0"><forename type="first">D</forename><forename type="middle">L</forename><surname>Pimentel-Alarcon</surname></persName>
		</author>
		<author>
			<persName xmlns="http://www.tei-c.org/ns/1.0"><forename type="first">R</forename><forename type="middle">D</forename><surname>Nowak</surname></persName>
		</author>
	</analytic>
	<monogr>
		<title level="m">International Conference on Machine Learning (ICML)</title>
		<imprint>
			<date type="published" when="2016" />
		</imprint>
	</monogr>
</biblStruct>

<biblStruct xml:id="b20">
	<analytic>
		<title level="a" type="main">A simpler approach to matrix completion</title>
		<author>
			<persName xmlns="http://www.tei-c.org/ns/1.0"><forename type="first">Benjamin</forename><surname>Recht</surname></persName>
		</author>
	</analytic>
	<monogr>
		<title level="j">Journal of Machine Learning Research</title>
		<imprint>
			<biblScope unit="volume">12</biblScope>
			<biblScope unit="page" from="3413" to="3430" />
			<date type="published" when="2011" />
		</imprint>
	</monogr>
</biblStruct>

<biblStruct xml:id="b21">
	<analytic>
		<title level="a" type="main">A geometric analysis of subspace clustering with outliers</title>
		<author>
			<persName xmlns="http://www.tei-c.org/ns/1.0"><forename type="first">M</forename><surname>Soltanolkotabi</surname></persName>
		</author>
		<author>
			<persName xmlns="http://www.tei-c.org/ns/1.0"><forename type="first">E</forename><forename type="middle">J</forename><surname>Candès</surname></persName>
		</author>
	</analytic>
	<monogr>
		<title level="j">Annals of Statistics</title>
		<imprint>
			<biblScope unit="volume">40</biblScope>
			<biblScope unit="issue">4</biblScope>
			<biblScope unit="page" from="2195" to="2238" />
			<date type="published" when="2012" />
		</imprint>
	</monogr>
</biblStruct>

<biblStruct xml:id="b22">
	<analytic>
		<title level="a" type="main">Robust subspace clustering</title>
		<author>
			<persName xmlns="http://www.tei-c.org/ns/1.0"><forename type="first">M</forename><surname>Soltanolkotabi</surname></persName>
		</author>
		<author>
			<persName xmlns="http://www.tei-c.org/ns/1.0"><forename type="first">E</forename><surname>Elhamifar</surname></persName>
		</author>
		<author>
			<persName xmlns="http://www.tei-c.org/ns/1.0"><forename type="first">E</forename><forename type="middle">J</forename><surname>Candès</surname></persName>
		</author>
	</analytic>
	<monogr>
		<title level="j">Annals of Statistics</title>
		<imprint>
			<biblScope unit="volume">42</biblScope>
			<biblScope unit="issue">2</biblScope>
			<biblScope unit="page" from="669" to="699" />
			<date type="published" when="2014" />
		</imprint>
	</monogr>
</biblStruct>

<biblStruct xml:id="b23">
	<analytic>
		<title level="a" type="main">The lasso problem and uniqueness</title>
		<author>
			<persName xmlns="http://www.tei-c.org/ns/1.0"><forename type="first">R</forename><surname>Tibshirani</surname></persName>
		</author>
	</analytic>
	<monogr>
		<title level="j">Electronic Journal of Statistics</title>
		<imprint>
			<biblScope unit="volume">7</biblScope>
			<biblScope unit="page" from="1456" to="1490" />
			<date type="published" when="2013" />
		</imprint>
	</monogr>
</biblStruct>

<biblStruct xml:id="b24">
	<analytic>
		<title level="a" type="main">Filtrated algebraic subspace clustering</title>
		<author>
			<persName xmlns="http://www.tei-c.org/ns/1.0"><forename type="first">M</forename><forename type="middle">C</forename><surname>Tsakiris</surname></persName>
		</author>
		<author>
			<persName xmlns="http://www.tei-c.org/ns/1.0"><forename type="first">R</forename><surname>Vidal</surname></persName>
		</author>
	</analytic>
	<monogr>
		<title level="j">SIAM Journal on Imaging Sciences</title>
		<imprint>
			<biblScope unit="volume">10</biblScope>
			<biblScope unit="issue">1</biblScope>
			<biblScope unit="page" from="372" to="415" />
			<date type="published" when="2017" />
		</imprint>
	</monogr>
</biblStruct>

<biblStruct xml:id="b25">
	<analytic>
		<title level="a" type="main">Hyperplane clustering via dual principal component pursuit</title>
		<author>
			<persName xmlns="http://www.tei-c.org/ns/1.0"><forename type="first">M</forename><forename type="middle">C</forename><surname>Tsakiris</surname></persName>
		</author>
		<author>
			<persName xmlns="http://www.tei-c.org/ns/1.0"><forename type="first">R</forename><surname>Vidal</surname></persName>
		</author>
	</analytic>
	<monogr>
		<title level="m">International Conference on Machine Learning</title>
		<imprint>
			<date type="published" when="2017" />
		</imprint>
	</monogr>
</biblStruct>

<biblStruct xml:id="b26">
	<analytic>
		<title level="a" type="main">Algebraic clustering of affine subspaces</title>
		<author>
			<persName xmlns="http://www.tei-c.org/ns/1.0"><forename type="first">M</forename><forename type="middle">C</forename><surname>Tsakiris</surname></persName>
		</author>
		<author>
			<persName xmlns="http://www.tei-c.org/ns/1.0"><forename type="first">R</forename><surname>Vidal</surname></persName>
		</author>
	</analytic>
	<monogr>
		<title level="m">IEEE Transactions on Pattern Analysis and Machine Intelligence</title>
		<imprint>
			<date type="published" when="2018" />
			<biblScope unit="volume">2</biblScope>
			<biblScope unit="page">482</biblScope>
		</imprint>
	</monogr>
</biblStruct>

<biblStruct xml:id="b27">
	<monogr>
		<title level="m" type="main">Lectures on geometric functional analysis</title>
		<author>
			<persName xmlns="http://www.tei-c.org/ns/1.0"><forename type="first">R</forename><surname>Vershynin</surname></persName>
		</author>
		<imprint>
			<date type="published" when="2009" />
		</imprint>
	</monogr>
</biblStruct>

<biblStruct xml:id="b28">
	<monogr>
		<title level="m" type="main">High-dimensional probability</title>
		<author>
			<persName xmlns="http://www.tei-c.org/ns/1.0"><forename type="first">R</forename><surname>Vershynin</surname></persName>
		</author>
		<imprint>
			<date type="published" when="2017" />
		</imprint>
	</monogr>
</biblStruct>

<biblStruct xml:id="b29">
	<analytic>
		<title level="a" type="main">Generalized Principal Component Analysis (GPCA)</title>
		<author>
			<persName xmlns="http://www.tei-c.org/ns/1.0"><forename type="first">R</forename><surname>Vidal</surname></persName>
		</author>
		<author>
			<persName xmlns="http://www.tei-c.org/ns/1.0"><forename type="first">Y</forename><surname>Ma</surname></persName>
		</author>
		<author>
			<persName xmlns="http://www.tei-c.org/ns/1.0"><forename type="first">S</forename><surname>Sastry</surname></persName>
		</author>
	</analytic>
	<monogr>
		<title level="m">IEEE Transactions on Pattern Analysis and Machine Intelligence</title>
		<imprint>
			<date type="published" when="2005" />
			<biblScope unit="volume">27</biblScope>
			<biblScope unit="page" from="1" to="15" />
		</imprint>
	</monogr>
</biblStruct>

<biblStruct xml:id="b30">
	<monogr>
		<title level="m" type="main">Generalized Principal Component Analysis</title>
		<author>
			<persName xmlns="http://www.tei-c.org/ns/1.0"><forename type="first">R</forename><surname>Vidal</surname></persName>
		</author>
		<author>
			<persName xmlns="http://www.tei-c.org/ns/1.0"><forename type="first">Y</forename><surname>Ma</surname></persName>
		</author>
		<author>
			<persName xmlns="http://www.tei-c.org/ns/1.0"><forename type="first">S</forename><surname>Sastry</surname></persName>
		</author>
		<imprint>
			<date type="published" when="2016" />
			<publisher>Springer Verlag</publisher>
		</imprint>
	</monogr>
</biblStruct>

<biblStruct xml:id="b31">
	<analytic>
		<title level="a" type="main">On deterministic conditions for subspace clustering under missing data</title>
		<author>
			<persName xmlns="http://www.tei-c.org/ns/1.0"><forename type="first">W</forename><surname>Wang</surname></persName>
		</author>
		<author>
			<persName xmlns="http://www.tei-c.org/ns/1.0"><forename type="first">S</forename><surname>Aeron</surname></persName>
		</author>
		<author>
			<persName xmlns="http://www.tei-c.org/ns/1.0"><forename type="first">V</forename><surname>Aggarwal</surname></persName>
		</author>
	</analytic>
	<monogr>
		<title level="m">International Symposium on Information Theory</title>
		<imprint>
			<date type="published" when="2016" />
			<biblScope unit="page" from="850" to="854" />
		</imprint>
	</monogr>
</biblStruct>

<biblStruct xml:id="b32">
	<analytic>
		<title level="a" type="main">Noisy sparse subspace clustering</title>
		<author>
			<persName xmlns="http://www.tei-c.org/ns/1.0"><forename type="first">Y.-X</forename><surname>Wang</surname></persName>
		</author>
		<author>
			<persName xmlns="http://www.tei-c.org/ns/1.0"><forename type="first">H</forename><surname>Xu</surname></persName>
		</author>
	</analytic>
	<monogr>
		<title level="j">Journal of Machine Learning Research</title>
		<imprint>
			<biblScope unit="volume">17</biblScope>
			<biblScope unit="issue">12</biblScope>
			<biblScope unit="page" from="1" to="41" />
			<date type="published" when="2016" />
		</imprint>
	</monogr>
</biblStruct>

<biblStruct xml:id="b33">
	<analytic>
		<title level="a" type="main">Provable subspace clustering: When LRR meets SSC</title>
		<author>
			<persName xmlns="http://www.tei-c.org/ns/1.0"><forename type="first">Y-X</forename><surname>Wang</surname></persName>
		</author>
		<author>
			<persName xmlns="http://www.tei-c.org/ns/1.0"><forename type="first">H</forename><surname>Xu</surname></persName>
		</author>
		<author>
			<persName xmlns="http://www.tei-c.org/ns/1.0"><forename type="first">C</forename><surname>Leng</surname></persName>
		</author>
	</analytic>
	<monogr>
		<title level="m">Neural Information Processing Systems</title>
		<imprint>
			<date type="published" when="2013" />
		</imprint>
	</monogr>
</biblStruct>

<biblStruct xml:id="b34">
	<analytic>
		<title level="a" type="main">Sparse subspace clustering with missing entries</title>
		<author>
			<persName xmlns="http://www.tei-c.org/ns/1.0"><forename type="first">C</forename><surname>Yang</surname></persName>
		</author>
		<author>
			<persName xmlns="http://www.tei-c.org/ns/1.0"><forename type="first">D</forename><surname>Robinson</surname></persName>
		</author>
		<author>
			<persName xmlns="http://www.tei-c.org/ns/1.0"><forename type="first">R</forename><surname>Vidal</surname></persName>
		</author>
	</analytic>
	<monogr>
		<title level="m">International Conference on Machine Learning</title>
		<imprint>
			<date type="published" when="2015" />
		</imprint>
	</monogr>
</biblStruct>

<biblStruct xml:id="b35">
	<analytic>
		<title level="a" type="main">Oracle based active set algorithm for scalable elastic net subspace clustering</title>
		<author>
			<persName xmlns="http://www.tei-c.org/ns/1.0"><forename type="first">C</forename><surname>You</surname></persName>
		</author>
		<author>
			<persName xmlns="http://www.tei-c.org/ns/1.0"><forename type="first">C.-G</forename><surname>Li</surname></persName>
		</author>
		<author>
			<persName xmlns="http://www.tei-c.org/ns/1.0"><forename type="first">D</forename><surname>Robinson</surname></persName>
		</author>
		<author>
			<persName xmlns="http://www.tei-c.org/ns/1.0"><forename type="first">R</forename><surname>Vidal</surname></persName>
		</author>
	</analytic>
	<monogr>
		<title level="m">IEEE Conference on Computer Vision and Pattern Recognition</title>
		<imprint>
			<date type="published" when="2016" />
			<biblScope unit="page" from="3928" to="3937" />
		</imprint>
	</monogr>
</biblStruct>

<biblStruct xml:id="b36">
	<analytic>
		<title level="a" type="main">Geometric conditions for subspace-sparse recovery</title>
		<author>
			<persName xmlns="http://www.tei-c.org/ns/1.0"><forename type="first">C</forename><surname>You</surname></persName>
		</author>
		<author>
			<persName xmlns="http://www.tei-c.org/ns/1.0"><forename type="first">R</forename><surname>Vidal</surname></persName>
		</author>
	</analytic>
	<monogr>
		<title level="m">International Conference on Machine learning</title>
		<imprint>
			<date type="published" when="2015" />
			<biblScope unit="page" from="1585" to="1593" />
		</imprint>
	</monogr>
</biblStruct>

<biblStruct xml:id="b37">
	<monogr>
				<author>
			<persName xmlns="http://www.tei-c.org/ns/1.0"><forename type="first">A</forename><surname>Jalali</surname></persName>
		</author>
		<author>
			<persName xmlns="http://www.tei-c.org/ns/1.0"><forename type="first">Z</forename><surname>Charles</surname></persName>
		</author>
		<author>
			<persName xmlns="http://www.tei-c.org/ns/1.0"><forename type="first">R</forename><surname>Willet</surname></persName>
		</author>
		<idno type="arXiv">arXiv:1707.02461</idno>
		<title level="m">Subspace clustering with missing and corrupted data</title>
		<imprint>
			<date type="published" when="2017" />
		</imprint>
	</monogr>
</biblStruct>

<biblStruct xml:id="b38">
	<monogr>
				<author>
			<persName xmlns="http://www.tei-c.org/ns/1.0"><forename type="first">A</forename><surname>Jalali</surname></persName>
		</author>
		<author>
			<persName xmlns="http://www.tei-c.org/ns/1.0"><forename type="first">Z</forename><surname>Charles</surname></persName>
		</author>
		<author>
			<persName xmlns="http://www.tei-c.org/ns/1.0"><forename type="first">R</forename><surname>Willet</surname></persName>
		</author>
		<idno type="arXiv">arXiv:1707.02461v2</idno>
		<title level="m">Subspace clustering with missing and corrupted data</title>
		<imprint>
			<date type="published" when="2018" />
		</imprint>
	</monogr>
</biblStruct>

				</listBibl>
			</div>
		</back>
	</text>
</TEI>
