<?xml version="1.0" encoding="UTF-8"?>
<TEI xml:space="preserve" xmlns="http://www.tei-c.org/ns/1.0" 
xmlns:xsi="http://www.w3.org/2001/XMLSchema-instance" 
xsi:schemaLocation="http://www.tei-c.org/ns/1.0 /home/varun/Desktop/NLP/Projects/grobid-0.5.6/grobid-home/schemas/xsd/Grobid.xsd"
 xmlns:xlink="http://www.w3.org/1999/xlink">
	<teiHeader xml:lang="en">
		<fileDesc>
			<titleStmt>
				<title level="a" type="main">On the Decision Boundaries of Deep Neural Networks: A Tropical Geometry Perspective</title>
			</titleStmt>
			<publicationStmt>
				<publisher/>
				<availability status="unknown"><licence/></availability>
			</publicationStmt>
			<sourceDesc>
				<biblStruct>
					<analytic>
						<author>
							<persName xmlns="http://www.tei-c.org/ns/1.0"><forename type="first">Motasem</forename><surname>Alfarra</surname></persName>
						</author>
						<author>
							<persName xmlns="http://www.tei-c.org/ns/1.0"><forename type="first">Adel</forename><surname>Bibi</surname></persName>
						</author>
						<author>
							<persName xmlns="http://www.tei-c.org/ns/1.0"><forename type="first">Hasan</forename><surname>Hammoud</surname></persName>
						</author>
						<author>
							<persName xmlns="http://www.tei-c.org/ns/1.0"><forename type="first">Mohamed</forename><surname>Gaafar</surname></persName>
						</author>
						<author>
							<persName xmlns="http://www.tei-c.org/ns/1.0"><forename type="first">Bernard</forename><surname>Ghanem</surname></persName>
						</author>
						<title level="a" type="main">On the Decision Boundaries of Deep Neural Networks: A Tropical Geometry Perspective</title>
					</analytic>
					<monogr>
						<imprint>
							<date/>
						</imprint>
					</monogr>
				</biblStruct>
			</sourceDesc>
		</fileDesc>

		<encodingDesc>
			<appInfo>
				<application version="0.5.6" ident="GROBID" when="2020-04-20T12:39+0000">
					<ref target="https://github.com/kermitt2/grobid">GROBID - A machine learning software for extracting information from scholarly documents</ref>
				</application>
			</appInfo>
		</encodingDesc>		<profileDesc>
			<abstract>
<div xmlns="http://www.tei-c.org/ns/1.0"><p>This work tackles the problem of characterizing and understanding the decision boundaries of neural networks with piecewise linear non-linearity activations. We use tropical geometry, a new development in the area of algebraic geometry, to characterize the decision boundaries of a simple neural network of the form (Affine, ReLU, Affine). Our main finding is that the decision boundaries are a subset of a tropical hypersurface, which is intimately related to a polytope formed by the convex hull of two zonotopes. The generators of these zonotopes are functions of the neural network parameters. This geometric characterization provides new perspective to three tasks. Specifically, we propose a new tropical perspective to the lottery ticket hypothesis, where we see the effect of different initializations on the tropical geometric representation of a network's decision boundaries. Moreover, we use this characterization to propose a new set of tropical regularizers, which directly deal with the decision boundaries of a network. We investigate the use of these regularizers in neural network pruning (by removing network parameters that do not contribute to the tropical geometric representation of the decision boundaries) and in generating adversarial input attacks (by producing input perturbations that explicitly perturb the decision boundaries' geometry and ultimately change the network's prediction).</p></div>
			</abstract>
		</profileDesc>
	</teiHeader>
	<text xml:lang="en">
		<body>
<div xmlns="http://www.tei-c.org/ns/1.0"><head n="1.">Introduction</head><p>Deep Neural Networks (DNNs) have demonstrated outstanding performance across a variety of research domains, including computer vision <ref type="bibr">(Krizhevsky et al., 2012)</ref>, speech * Equal contribution 1 King Abdullah University of Science and Technology (KAUST), Thuwal, Saudi Arabia 2 Fraunhofer Heinrich Hertz Institute, Berlin, Germany. Correspondence to: Motasem Alfarra &lt;motasem.alfarra@kaust.edu.sa&gt;, Adel Bibi &lt;adel.bibi@kaust.edu.sa&gt;.</p><p>recognition <ref type="bibr">(Hinton et al., 2012)</ref>, natural language processing <ref type="bibr">(Bahdanau et al., 2015;</ref><ref type="bibr">Devlin et al., 2018)</ref>, quantum chemistry <ref type="bibr">(Schütt et al., 2017)</ref>, and healthcare <ref type="bibr">(Ardila et al., 2019;</ref><ref type="bibr">Zhou et al., 2019)</ref> to name a few <ref type="bibr">(LeCun et al., 2015)</ref>. Nevertheless, a rigorous interpretation of their success remains elusive <ref type="bibr">(Shalev-Shwartz &amp; Ben-David, 2014)</ref>. For instance, and in an attempt to uncover the expressive power of DNNs, thd work of (Montufar et al., 2014) studied the complexity of functions computable by DNNs that have piecewise linear activations. They derived a lower bound on the maximum number of linear regions. Several other works have followed to improve such estimates under certain assumptions <ref type="bibr">(Arora et al., 2018)</ref>. In addition, and in attempt to understand some of the subtle behaviours DNNs exhibit, e.g. the sensitive reaction of DNNs to small input perturbations, several works directly investigated the decision boundaries induced by a DNN for classification. The work of (Seyed-Mohsen Moosavi-Dezfooli, 2019) showed that the smoothness of these decision boundaries and their curvature can play a vital role in network robustness. Moreover, the expressiveness of these decision boundaries at perturbed inputs was studied in <ref type="bibr">(He et al., 2018a)</ref>, where it was shown that these boundaries do not resemble the boundaries around benign inputs. The work of <ref type="bibr">(Li et al., 2018)</ref> showed that under certain assumptions, the decision boundaries of the last fully connected layer of DNNs will converge to a linear SVM. Also, <ref type="bibr">(Beise et al., 2018)</ref> showed that the decision regions of DNNs with width smaller than the input dimension are unbounded.</p><p>More recently, and due to the popularity of the piecewise linear ReLU as an activation function, there has been a surge in the number of works that study this class of DNNs in particular. As a result, this has incited significant interest in new mathematical tools that help analyze piecewise linear functions, such as tropical geometry. While tropical geometry has shown its potential in many applications such as dynamic programming <ref type="bibr">(Joswig &amp; Schröter, 2019)</ref>, linear programming <ref type="bibr">(Allamigeon et al., 2015)</ref>, multi-objective discrete optimization <ref type="bibr">(Joswig &amp; Loho, 2019)</ref>, enumerative geometry <ref type="bibr">(Mikhalkin, 2004)</ref>, and economics <ref type="bibr">(Akian et al., 2009;</ref><ref type="bibr">Mai Tran &amp; Yu, 2015)</ref>, it has only been recently used to analyze DNNs. For instance, the work of <ref type="bibr">Zhang et al. (2018)</ref> showed an equivalency between the family of DNNs <ref type="figure" target="#fig_2">Figure 1</ref>. Examples of tropical hypersurfaces and their corresponding dual subdivisions. We show three tropical polynomials, where the solid red and black lines are the tropical hypersurfaces and dual subdivisions to the corresponding tropical polynomials, respectively. Note that the domain of f is divided by T (f ) into convex regions where f is linear in each region. Moreover, each region is in one-to-one correspondence with each edge vertex of the dual subdivion δ(f ). Lastly, note that the tropical hypersurfaces are parallel to the normals of the edges of the dual subdivision polytope, indicated by dashed red lines.</p><p>with piecewise linear activations and integer weight matrices and the family of tropical rational maps, i.e. ratio between two multi-variate polynomials in tropical algebra. This study was mostly concerned about characterizing the complexity of a DNN by specifically counting the number of linear regions, into which the function represented by the DNN can divide the input space. This was done by counting the number of vertices of some polytope representation recovering the results of (Montufar et al., 2014) with a much simpler analysis.</p><p>Contributions. In this paper, we take the results of (Zhang et al., 2018) some steps further and present a novel perspective on the decision boundaries of DNNs using tropical geometry. To that end, our contributions are three-fold. (i) We derive a geometric representation (convex hull between two zonotopes) for a super set to the decision boundaries of a DNN in the form (Affine, ReLU, Affine). (ii) We demonstrate support for the lottery ticket hypothesis (Frankle &amp; Carbin, 2019) using a geometric perspective. (iii) We leverage the geometric representation of the decision boundaries, referred to as the decision boundaries polytope, in two interesting applications: network purning and adversarial attacks. For tropical pruning, we design a geometrically inspired optimization problem to prune the parameters of a given network such that the decision boundaries polytope of the pruned network does not deviate too much from the decision boundaries polytope of the original one. We conduct extensive experiments with <ref type="bibr">AlexNet (Krizhevsky et al., 2012)</ref> and VGG16 (Simonyan &amp; Zisserman, 2014) on SVHN <ref type="bibr">(Netzer et al., 2011), CIFAR10, and</ref><ref type="bibr">CIFAR 100 (Krizhevsky &amp;</ref><ref type="bibr">Hinton, 2009)</ref> datasets, in which 90% pruning rate can be achieved with a marginal drop in testing accuracy. For tropical adversarial attacks, we show that one can construct input adversaries that can change network predictions by perturbing the decision boundaries polytope.</p></div>
<div xmlns="http://www.tei-c.org/ns/1.0"><head n="2.">Preliminaries to Tropical Geometry</head><p>For completeness, we first provide preliminaries to tropical geometry. For a detailed review, we refer readers to the work of <ref type="bibr">Itenberg et al. (2009);</ref><ref type="bibr">Maclagan &amp; Sturmfels (2015)</ref>.</p><p>Definition 1. (Tropical Semiring 1 ) The tropical semiring T is the triplet {R ∪ {−∞}, ⊕, }, where ⊕ and define tropical addition and tropical multiplication, respectively. They are denoted as:</p><formula xml:id="formula_0">x ⊕ y = max{x, y}, x y = x + y, ∀x, y ∈ T.</formula><p>It can be readily shown that −∞ is the additive identity and 0 is the multiplicative identity.</p><p>Given the previous definition, a tropical power can be formulated as</p><formula xml:id="formula_1">x a = x x · · · x = a.x, for x ∈ T, a ∈ N,</formula><p>where a.x is standard multiplication. Moreover, the tropical quotient can be defined as: x y = x − y where x − y is the standard subtraction. For ease of notation, we write x a as x a . Now, we are in a position to define tropical polynomials, their solution sets, and tropical rationals.</p><p>Definition 2. (Tropical Polynomials) For x ∈ T d , c i ∈ R and a i ∈ N d , a d-variable tropical polynomial with n monomials f : T d → T d can be expressed as:</p><formula xml:id="formula_2">f (x) = (c 1 x a1 ) ⊕ (c 2 x a2 ) ⊕ · · · ⊕ (c n x an ), ∀ a i = a j when i = j.</formula><p>We use the more compact vector notation x a = x a1 1 x a2 2 · · · x a d d . Moreover and for ease of notation, we will denote c i x ai as c i x ai throughout the paper.</p><p>Definition 3. (Tropical Rational Functions) A tropical rational is a standard difference or a tropical quotient of two tropical polynomials:</p><formula xml:id="formula_3">f (x) − g(x) = f (x) g(x).</formula><p>Algebraic curves or hypersurfaces in algebraic geometry, which are the solution sets to polynomials, can be analogously extended to tropical polynomials too.</p><p>Definition 4. (Tropical Hypersurfaces) A tropical hypersurface of a tropical polynomial f (x) = c 1 x a1 ⊕ · · · ⊕ c n x an is the set of points x where f is attained by two or more monomials in f , i.e.</p><formula xml:id="formula_4">T (f ) := {x ∈ R d : c i x ai = c j x aj = f (x),</formula><p>for some a i = a j }.</p><p>Tropical hypersurfaces divide the domain of f into convex regions, where f is linear in each region. Also, every tropical polynomial can be associated with a Newton polytope.</p><p>Definition 5. (Newton Polytopes) The Newton polytope of a tropical polynomial f (x) = c 1 x a1 ⊕ · · · ⊕ c n x an is the convex hull of the exponents a i ∈ N d regarded as points in R d , i.e. ∆(f ) := ConvHull{a i ∈ R d : i = 1, . . . , n and c i = −∞}.</p><p>A tropical polynomial determines a dual subdivision, which can thus be constructed by projecting the collection of upper faces <ref type="bibr">(UF)</ref> </p><formula xml:id="formula_5">in P(f ) := ConvHull{(a i , c i ) ∈ R d × R : i = 1, . . . , n} onto R d .</formula><p>That is to say, the dual subdivision determined by f is given as δ(f ) := {π(p) ⊂ R d : p ∈ UF(P(f ))}, where π : R d × R → R d is the projection that drops the last coordinate. It has been shown by <ref type="bibr">(Maclagan &amp; Sturmfels, 2015)</ref> that the tropical hypersurface T (f ) is the (d-1)-skeleton of the polyhedral complex dual to δ(f ). First, this implies that the vertex of each edge of the dual subdivision δ(f ) corresponds to one region in R d , where f is linear as determined by the tropical hypersurface T (f ). This is exemplified in <ref type="figure" target="#fig_2">Figure 1</ref> with three tropical polynomials, where the number of regions where f is linear for the three examples are 3, 6 and 10, respectively. Second, the tropical hypersurfaces are parallel to the normals of the edges of the dual subdivision polytope. The former in particular will be essential for the remaining part of the paper. Further details and standard results are summarized by <ref type="bibr">(Brugallé &amp; Shaw, 2014)</ref>. Moreover, <ref type="bibr">(Zhang et al., 2018)</ref> showed an equivalency between tropical rational maps and any neural network f : R n → R k with piecewise linear activations and integer weights through the following theorem.</p><p>Theorem 1. <ref type="bibr">(Tropical Characterization of Neural Networks, (Zhang et al., 2018)</ref>). A feedforward neural network with integer weights and real biases with piecewise linear activation functions is a function f : R n → R k , whose coordinates are tropical rational functions of the input, i.e.,</p><formula xml:id="formula_6">f (x) = H(x) Q(x) = H(x) − Q(x),</formula><p>where H and Q are tropical polynomials.</p><p>While this result is new in the context of tropical geometry, it is not surprising, since any piecewise linear function can be represented as a difference of two max functions over a set of hyperplanes <ref type="bibr">(Melzer, 1986)</ref>. Mathematically, if f is a piecewise linear function, it can be written as f (x) = max i∈ <ref type="bibr">[m]</ref>  </p></div>
<div xmlns="http://www.tei-c.org/ns/1.0"><head n="3.">Decision Boundaries of Deep Neural Networks as Polytopes</head><p>In this section, we analyze the decision boundaries of a network in the form (Affine, ReLU, Affine) using tropical geometry. For ease, we use ReLUs as the non-linear activation, but any other piecewise linear function can also be used. The functional form of this network is:</p><formula xml:id="formula_7">f (x) = Bmax (Ax + c 1 , 0) + c 2 , where max(.)</formula><p>is an element-wise operator. The outputs of the network f are the logit scores. Throughout this section, we assume 2 that A ∈ Z p×n , B ∈ Z 2×p , c 1 ∈ R p and c 2 ∈ R 2 . For ease of notation, we only consider networks with two outputs, i.e. B 2×p , where the extension to a multi-class output follows naturally and is discussed in the appendix. Now, since f is a piecewise linear function, each output can be expressed as a tropical rational as per Theorem 1. If f 1 and f 2 refer to the first and second outputs respectively, we have</p><formula xml:id="formula_8">f 1 (x) = H 1 (x) Q 1 (x) and f 2 (x) = H 2 (x) Q 2 (x),</formula><p>where H 1 , H 2 , Q 1 and Q 2 are tropical polynomials. In what follows and for ease of presentation, we present our main results where the network f has no biases, i.e. c 1 = 0 and c 2 = 0, and we leave the generalization to the appendix.</p><p>Theorem 2. For a bias-free neural network in the form</p><formula xml:id="formula_9">f (x) : R n → R 2 , where A ∈ Z p×n and B ∈ Z 2×p , let R(x) = H 1 (x) Q 2 (x) ⊕ H 2 (x) Q 1 (x)</formula><p>be a tropical polynomial. Then: Note that A + = max(A, 0) and A − = max(−A, 0). The line segment (B + (1, j) + B − (2, j))[A + (j, :), A − (j, :)] has end points A + (j, :) and A − (j, :) in R n and scaled by (B + (1, j) + B − (2, j)).</p><formula xml:id="formula_10">• Let B = {x ∈ R n : f 1 (x) = f 2 (x)} define the decision boundaries of f , then B ⊆ T (R(x)). • δ (R(x)) = ConvHull (Z G1 , Z G2 ). Z G1 is a zonotope in R n with line segments {(B + (1, j) + B − (2, j))[A + (j,</formula><p>The proof for Theorem 2 is left for the appendix.</p><p>Digesting Theorem 2. This theorem aims at characterizing the decision boundaries of a bias-free neural network of the form (Affine, ReLU, Affine) through the lens of tropical The decision boundaries B (in red) comprise two linear pieces separating classes C1 and C2. As per Theorem 2, the dual subdivision of this single hidden neural network is the convex hull between the zonotopes Z G 1 and Z G 2 . The normals to the dual subdivison δ(R(x)) are in one-to-one correspondence to the tropical hypersurface T (R(x)), which is a superset to the decision boundaries B. Note that some of the normals to δ(R(x)) (in red) are parallel to the decision boundaries.</p><p>geometry. In particular, the first result of Theorem 2 states that the tropical hypersurface T (R(x)) of the tropical polynomial R(x) is a superset to the set of points forming the decision boundaries, i.e. B. Just as discussed earlier and exemplified in <ref type="figure" target="#fig_2">Figure 1</ref>, tropical hypersurfaces are associated with a corresponding dual subdivision polytope δ(R(x)). Based on this, the second result of Theorem 2 states that this dual subdivision is precisely the convex hull of two zonotopes denoted as Z G1 and Z G2 , where each zonotope is only a function of the network parameters A and B.</p><p>Theorem 2 bridges the gap between the behaviour of the decision boundaries B, through the superset T (R(x)), and the polytope δ (R(x)), which is the convex hull of two zonotopes. It is worthwhile to mention that (Zhang et al., 2018) discussed a special case of the first part of Theorem 2 for a neural network with a single output and a score function s(x) to classify the output. To the best of our knowledge, this work is the first to propose a tropical geometric formulation of a superset containing the decision boundaries of a multi-class classification neural network. In particular, the first result of Theorem 2 states that one can perhaps study the decision boundaries, B, directly by studying their superset T (R(x)). While studying T (R(x)) can be equally difficult, the second result of Theorem 2 comes in handy. First, note that, since the network is bias-free, π becomes an identity mapping with δ(R(x)) = ∆(R(x)), and thus the dual subdivision δ(R(x)), which is the Newton polytope ∆(R(x)) in this case, becomes a well-structured geometric object that can be exploited to preserve decision boundaries as per the second part of Theorem 2. Now, based on the results of (Maclagan &amp; Sturmfels, 2015) (Proposition 3.1.6) and as discussed in <ref type="figure" target="#fig_2">Figure 1</ref>, the normals to the edges of the polytope δ(R(x)) (convex hull of two zonotopes) are in one-to-one correspondence with the tropical hypersurface T (R(x)). Therefore, one can study the decision boundaries, or at least their superset T (R(x)), by studying the orientation of the dual subdivision δ(R(x)). Before any further discussion, we recap the definition of zonotopes.</p><p>Definition 6. Let u 1 , . . . , u p ∈ R n . The zonotope formed by u 1 , . . . , u p is defined as Z(u 1 , . . . ,</p><formula xml:id="formula_11">u p ) := { p i=1 x i u i : 0 ≤ x i ≤ 1}. Equivalently, Z can be ex- pressed with respect to the generator matrix U ∈ R p×n , where U(i, :) = u i as Z U := {U x : ∀x ∈ [0, 1] p }.</formula><p>Another common definition for a zonotope is the Minkowski sum of a set of line segments that start from the origin in R n (refer to appendix). It is well known that the number of vertices of a zonotope is polynomial in the number of line segments i.e. |vert (Z U ) | ≤ 2 n−1 i=0</p><formula xml:id="formula_12">p−1 i = O p n−1 (Gritzmann &amp; Sturmfels, 1993).</formula><p>While Theorem 2 presents a strong relation between a polytope (convex hull of two zonotopes) and the decision boundaries, it remains unclear how such a polytope can be efficiently constructed. Although the number of vertices of a zonotope is polynomial in the number of its generating line segments, fast algorithms for enumerating these vertices are still restricted to zonotopes with line segments starting at the origin <ref type="bibr">(Stinson et al., 2016)</ref>. Since the line segments generating the zonotopes in Theorem 2 have arbitrary end points, we present the next result that transforms these line segments into a generator matrix of line segments starting from the origin as in Definition 6. This result is essential for an efficient computation of the zonotopes in Theorem 2.</p><p>Proposition 1. The zonotope formed by p line segments in R n with two arbitrary end points as follows</p><formula xml:id="formula_13">{[u i 1 , u i 2 ]} p i=1</formula><p>is equivalent to the zonotope formed by the line segments</p><formula xml:id="formula_14">{[u i 1 − u i 2 , 0]} p i=1 with a shift of p i=1 u i 2 .</formula><p>The proof is left for the appendix. As per Proposition 1, the generator matrices of zonotopes Z G1 , Z G2 in Theorem 2 can be defined as In what follows, we show several applications for Theorem 2. We begin by leveraging the geometric structure to help in reaffirming the behaviour of the lottery ticket hypothesis. From left to right: training dataset, decision boundaries polytope of original network (before pruning), followed by the decision boundaries polytope for networks pruned at different pruning percentages across different initializations. Note that in the original polytope there are many more vertices than just 4 but they are very close to each other forming many small edges that are not visible in the figure.</p></div>
<div xmlns="http://www.tei-c.org/ns/1.0"><head n="4.">Tropical Perspective to the Lottery Ticket Hypothesis</head><p>The lottery ticket hypothesis was recently proposed by (Frankle &amp; Carbin, 2019), in which the authors surmise the existence of sparse trainable sub-networks of dense, randomlyinitialized, feed-forward networks that when trained in isolation perform as well as the original network in a similar number of iterations.</p><p>To find such sub-networks, (Frankle &amp; Carbin, 2019) propose the following simple algorithm: perform standard network pruning, initialize the pruned network with the same initialization that was used in the original training setting, and train with the same number of epochs. They hypothesize that this should result in a smaller network with a similar accuracy to the larger dense network. In other words, a subnetwork can have similar decision boundaries to the original network. While in this section we do not provide a theoretical reason for why this proposed pruning algorithm performs favorably, we utilize the geometric structure that arises from Theorem 2 to reaffirm such behaviour. In particular, we show that the orientation of the dual subdivision δ(R(x)) (refered to as decision boundaries polytope form now on wards), where the normals to its edges are parallel to T (R(x)) that is a superset to the decision boundaries, is preserved after pruning with the proposed initialization algorithm of (Frankle &amp; Carbin, 2019). On the other hand, pruning routines with a different initialization at each pruning iteration will result in a severe variation in the orientation of the decision boundaries polytope. This leads to a large change in the orientation of the decision boundaries, which tends to hinder accuracy.</p><p>To this end, we train a neural network with 2 inputs (n = 2), 2 outputs, and a single hidden layer with 40 nodes (p = 40).</p><p>We then prune the network by removing the smallest x% of the weights. The pruned network is then trained using different initializations: (i) the same initialization as the original network (Frankle &amp; Carbin, 2019), (ii) Xavier (Glorot &amp; Bengio, 2010), (iii) standard Gaussian and (iv) zero mean Gaussian with variance of 0.1. <ref type="figure" target="#fig_3">Figure 3</ref> shows the decision boundaries polytope, i.e. δ(R(x)), as we perform more pruning (increasing the x%) with different initializations. First, we show the decision boundaries by sampling and classifying points in a grid with the trained network (first subfigure). We then plot the decision boundaries polytope δ(R(x)) as per the second part of Theorem 2 denoted as original polytope (second subfigure). While there are many overlapping vertices in the original polytope, the normals to some of the edges (the major visible edges) are parallel in direction to the decision boundaries shown in the first subfigure of <ref type="figure" target="#fig_3">Figure 3</ref>. We later show the decision boundaries polytope for the same network with varying levels of pruning. It is to be observed that the orientation of the polytopes δ(R(x)) deviate from the decision boundaries polytope of the original network without any pruning much more for all different initialization schemes as compared to the lottery ticket initialization. This gives an indication that lottery ticket initialization indeed preserves the decision boundaries, since it preserves the orientation of the decision boundaries polytope throughout the evolution of pruning.</p><p>Several other examples are left for the appendix. Another approach to investigate the lottery ticket could be by observing the polytopes representing the functional form of the network directly, i.e. δ(H {1,2} (x)) and δ(Q {1,2} (x)), in lieu of the decision boundaries polytopes. However, this does not provide conclusive answers to the lottery ticket, since there can exist multiple functional forms, and correspondingly multiple polytopes δ(H {1,2} (x)) and δ(Q {1,2} (x)), for networks with the same decision boundaries. This is why we explicitly focus our analysis on δ(R(x)), which is directly related to the decision boundaries of the network. Further discussions and experiments are left for the appendix.</p></div>
<div xmlns="http://www.tei-c.org/ns/1.0"><head n="5.">Tropical Network Pruning</head><p>Network pruning has been identified as an effective approach for reducing the computational cost and memory usage during network inference. While it dates back to the work of (LeCun et al., 1990) and <ref type="bibr">(Hassibi &amp; Stork, 1993)</ref>, network pruning has recently gained more attention. This is due to the fact that most neural networks over-parameterize commonly used datasets. In network pruning, the task is to find a smaller subset of the network parameters, such that the resulting smaller network has similar decision boundaries (and thus supposedly similar accuracy) to the original over-parameterized network. In this section, we show a new Pruning the 4 th node, or equivalently removing the two yellow vertices of zonotope ZG 2 does not affect the decision boundaries polytope, which will lead to no change in accuracy.</p><p>geometric approach towards network pruning. In particular, as indicated by Theorem 2, preserving the polytope δ(R(x)) preserves a superset to the decision boundaries T (R(x)), and thus supposedly the decision boundaries themselves.</p><p>Motivational Insight. For a single hidden layer neural network, the dual subdivision to the decision boundaries is the polytope that is the convex hull of two zonotopes, where each is formed by taking the Minkowski sum of line segments (Theorem 2). <ref type="figure" target="#fig_4">Figure 4</ref> shows an example, where pruning a neuron in the neural network has no effect on the dual subdivision polytope and equivalently no effect on the accuracy. This is since the orientation of the decision boundaries polytope did not change, thus, preserving the tropical hypersurface T (R(x)) and keeping the decision boundaries of both networks the same.</p><p>Problem Formulation. In light of the motivational insight, a natural question arises: Given an over-parameterized binary output neural network f (x) = B max (Ax, 0), can one construct a new neural network, parameterized by some sparser weight matricesÃ andB, such that this smaller network has a dual subdivision δ(R(x)) that preserves the decision boundaries of the original network?</p><p>To address this question, we propose the following general optimization problem to computeÃ andB:</p><formula xml:id="formula_15">miñ A,B d δ(R(x)), δ(R(x)) = miñ A,B d ConvHull ZG 1 , ZG 2 , ConvHull (Z G1 , Z G2 ) .<label>(1)</label></formula><p>The function d(.) defines a distance between two geometric objects. Since the generatorsG 1 andG 2 are functions of A andB (as per Theorem 2), this optimization problem can be challenging to solve. However, for pruning purposes, one can observe from Theorem 2 that if the generatorsG 1 andG 2 had fewer number of line segments (rows), this corresponds to a fewer number of rows in the weight matrix A (sparser weights). So, we observe that ifG 1 ≈ G 1 andG 2 ≈ G 2 , thenδ(R(x)) ≈ δ(R(x)), and thus the decision boundaries tend to be preserved as a consequence. Therefore, we propose the following optimization problem as a surrogate to Problem <ref type="formula" target="#formula_15">(1)</ref>:</p><formula xml:id="formula_16">miñ A,B 1 2 G 1 − G 1 2 F + G 2 − G 2 2 F + λ 1 G 1 2,1 + λ 2 G 2 2,1 .<label>(2)</label></formula><p>The matrix mixed norm for C ∈ R n×k is defined as C 2,1 = n i=1 C(i, :) 2 , which encourages the matrix C to be row sparse, i.e. complete rows of C are zero. Note thatG 1 = Diag[ReLU(B(1, :))+ReLU(−B(2, :))]Ã andG 2 = Diag[ReLU(B(2, :)) + ReLU(−B(1, :))]Ã. We solve Problem (2) through alternating optimization over the variablesÃ andB, where each sub-problem can be solved in closed form. Details of the optimization and the extension to the multi-class case are left for the appendix.</p><p>Extension to Deeper Networks. For deeper networks, one can still apply the aforementioned optimization for consecutive blocks. In particular, we prune each consecutive block of the form (Affine,ReLU,Affine) starting from the input and ending at the output of the network.</p><p>Experiments on Tropical Pruning. Here, we evaluate the performance of the proposed pruning approach as compared to several classical approaches on several architectures and datasets. In particular, we compare our tropical pruning approach against Class Blind (CB), Class Uniform (CU) and Class Distribution (CD) <ref type="bibr">(Han et al., 2015;</ref><ref type="bibr">See et al., 2016)</ref>. In Class Blind, all the parameters across all nodes of a layer are sorted by magnitude where x% with smallest magnitude are pruned. In contrast, Class Uniform prunes the parameters with smallest x% magnitudes per node in a layer. Lastly, Class Distribution performs pruning of all parameters for each node in the layer, just as in Class Uniform, but the parameters are pruned based on the standard deviation σ c of the magnitude of the parameters per node. Since fully connected layers in deep neural networks tend to have much higher memory complexity than convolutional layers, we restrict our focus to pruning fully connected layers. We train AlexNet and VGG16 on SVHN, CIFAR10, and CIFAR100 datasets. We observe that we can prune more than 90% of the classifier parameters for both networks without affecting the accuracy. Moreover, we demonstrate experimentally that our approach can outperform all other methods even when all parameters or when only the biases are fine tuned after pruning (these experiments in addition to many others are left for the appendix).</p><p>Setup. We adapt the architectures of AlexNet and VGG16, since they were originally trained on ImageNet <ref type="bibr">(Deng et al., 2009)</ref>, to account for the discrepancy in the input resolution. The fully connected layers of AlexNet and VGG16 have sizes of (256,512,10) and (512,512,10), respectively on SVHN and CIFAR100 with the last layer replaced to 100 for CIFAR100. All networks were trained to baseline test accuracy of (92%,74%,43%) for AlexNet on SVHN, CI-FAR10 and CIFAR100, respectively and (92%,92%,70%) for VGG16. To evaluate the performance of pruning and following previous work <ref type="bibr">(Han et al., 2015)</ref>, we report the area under the curve (AUC) of the pruning-accuracy plot. The higher the AUC is, the better the trade-off is between pruning rate and accuracy. For efficiency purposes, we run the optimization in Problem (2) for a single alternating iteration to identify the rows inÃ and elements ofB that will be pruned, since an exact pruning solution might not be necessary. The algorithm and the parameter setup to solving Problem (2) is left for the appendix.</p><p>Results. <ref type="figure" target="#fig_4">Figure 4</ref> shows the comparison between our tropical approach and the three popular pruning schemes on both AlexNet and VGG16 over the different datasets. Our proposed approach can indeed prune out as much as 90% of the parameters of the classifier without sacrificing much of the accuracy. For AlexNet, we achieve much better performance in pruning as compared to other methods. In particular, we are better in AUC by 3%, 3%, and 2% over other pruning methods on SVHN, CIFAR10 and CIFAR100, respectively. This indicates that the decision boundaries can indeed be preserved by preserving the dual subdivi-sion polytope. For VGG16, we perform similarly well on both SVHN and CIFAR10 and slightly worse on CIFAR100. While the performance achieved here is comparable to the other pruning schemes, if not better, we emphasize that our contribution does not lie in outperforming state-of-the-art pruning methods, but in giving a new geometry-based perspective to network pruning. We conduct more experiments where only the biases of the network or only the classifier are fine tuned after pruning. Retraining biases can be sufficient as they do not contribute to the orientation of the decision boundaries polytope (and effectively the decision boundaries) but only a translation. Discussion on biases and more results are left for appendix.</p></div>
<div xmlns="http://www.tei-c.org/ns/1.0"><head n="6.">Tropical Adversarial Attacks</head><p>DNNs are notorious for being susceptible to adversarial attacks. In fact, adding small imperceptible noise, referred to as adversarial attacks, to the input of these networks can hinder their performance. Several works investigated the decision boundaries of neural networks in the presence of adversarial attacks. For instance, <ref type="bibr">(Khoury &amp; Hadfield-Menell, 2018)</ref> analyzed the high dimensional geometry of adversarial examples by means of manifold reconstruction. Also, (He et al., 2018b) crafted adversarial attacks by estimating the distance to the decision boundaries using random search directions. In this work, we provide a tropical geometric view to this task, where we show how Theorem 2 can be leveraged to construct a tropical geometry-based targeted adversarial attack.</p></div>
<div xmlns="http://www.tei-c.org/ns/1.0"><head>Dual View to Adversarial Attacks.</head><p>For a classifier f : R n → R k and input x 0 classified as c, a standard formulation for targeted adversarial attacks flips the prediction to a particular class t and is usually defined as</p><formula xml:id="formula_17">min η D(η) s.t. arg max i f i (x 0 + η) = t = c (3)</formula><p>This objective aims to compute the lowest energy input noise η (measured by D) such that the the new sample (x 0 + η) crosses the decision boundaries of f to a new classification region. Here, we present a dual view to adversarial attacks. Instead of designing a sample noise η such that (x 0 + η) belongs to a new decision region, one can instead fix x 0 and perturb the network parameters to move the decision boundaries in a way that x 0 appears in a new classification region. In particular, let A 1 be the first linear layer of f , such that f (x 0 ) = g(A 1 x 0 ). One can now perturb A 1 to alter the decision boundaries and relate this parameter perturbation to the input perturbation as follows:</p><formula xml:id="formula_18">g((A 1 + ξ A1 )x 0 ) = g (A 1 x 0 + ξ A1 x 0 ) = g(A 1 x 0 + A 1 η) = f (x 0 + η).<label>(4)</label></formula><p>From this dual view, we observe that traditional adversarial attacks are intimately related to perturbing the parameters of the first linear layer through the linear system:</p><formula xml:id="formula_19">A 1 η = ξ A1 x 0 .</formula><p>The two views and formulations are identical under such condition. With this analysis, Theorem 2 provides explicit means to geometrically construct adversarial attacks by perturbing the decision boundaries. In particular, since the normals to the dual subdivision polytope δ(R(x)) of a given neural network represent the tropical hypersurface T (R(x)), which is a superset to the decision boundaries set B, ξ A1 can be designed to result in a minimal perturbation to the dual subdivision that is sufficient to change the network prediction of x 0 to the targeted class t. Based on this observation, we formulate the problem as follows:</p><formula xml:id="formula_20">min η,ξ A 1 D 1 (η) + D 2 (ξ A1 ) s.t. − loss(g(A 1 (x 0 + η)), t) ≤ −1; − loss(g(A 1 + ξ A1 )x 0 , t) ≤ −1; (x 0 + η) ∈ [0, 1] n , η ∞ ≤ 1 ; ξ A1 ∞,∞ ≤ 2 , A 1 η = ξ A1 x 0 .<label>(5)</label></formula><p>The loss is the standard cross-entropy loss. The first row of constraints ensures that the network prediction is the desired target class t when the input x 0 is perturbed by η, and equivalently by perturbing the first linear layer A 1 by ξ A1 . This is identical to f 1 as proposed by <ref type="bibr">(Carlini &amp; Wagner, 2016)</ref>. Moreover, the third and fourth constraints guarantee that the perturbed input is feasible and that the perturbation is bounded, respectively. The fifth constraint is to limit the maximum perturbation on the first linear layer, while the last constraint enforces the dual equivalence between input perturbation and parameter perturbation. The function D 2 captures the perturbation of the dual subdivision polytope upon perturbing the first linear layer by ξ A1 . For a single hidden layer neural network parameterized as (A 1 + ξ A1 ) ∈ R p×n and B ∈ R 2×p for the first and second layers respectively, D 2 can capture the perturbations in each of the two zonotopes discussed in Theorem 2 and we define it as:</p><formula xml:id="formula_21">D 2 (ξ A1 ) = 1 2 2 j=1 Diag B + (j, :) ξ A1 2 F + Diag B − (j, :) ξ A1 2 F .<label>(6)</label></formula><p>The derivation, discussion, and extension of (6) to multiclass neural networks is left for the appendix. We solve Problem <ref type="formula" target="#formula_20">(5)</ref>  Motivational Insight to the Dual View. Here, we train a single hidden layer neural network, where the size of the input is 2 with 50 hidden nodes and 2 outputs on a simple dataset as shown in <ref type="figure" target="#fig_6">Figure 6</ref>. We then solve Problem 5 for a given x 0 shown in black. We show the decision boundaries for the network with and without the perturbation at the first linear layer ξ A1 . <ref type="figure" target="#fig_6">Figure 6</ref> shows that perturbing an edge of the dual subdivision polytope, by perturbing the first linear layer, indeed corresponds to perturbing the decision boundaries and results in the misclassification of x 0 . Interestingly and as expected, perturbing different decision boundaries corresponds to perturbing different edges of the dual subdivision. Furthermore, we conduct extensive experiments on MNIST images, which show that successful adversarial attacks η can be designed by solving Problem (5). Due to space constraints, we leave these results for the appendix.</p></div>
<div xmlns="http://www.tei-c.org/ns/1.0"><head n="7.">Conclusion</head><p>We leverage tropical geometry to characterize the decision boundaries of neural networks in the form (Affine, ReLU, Affine) and relate it to geometric objects such as zonotopes. We then provide a tropical perspective to support the lottery ticket hypothesis, prune networks, and design adversarial attacks. A natural extension is a compact derivation for the characterization of the decision boundaries of convolutional neural networks and graphical convolutional networks. </p></div>
<div xmlns="http://www.tei-c.org/ns/1.0"><head>References</head></div>
<div xmlns="http://www.tei-c.org/ns/1.0"><head>A. Preliminaries and Definitions.</head><p>Fact 1. P+Q = {p + q, ∀p ∈ P and q ∈ Q} is the Minkowski sum between two sets P and Q.</p><p>Fact 2. Let f be a tropical polynomial and let a ∈ N. Then P(f a ) = aP(f ).</p><p>Let both f and g be tropical polynomials, Then</p><p>Fact 3. P(f g) = P(f )+P(g).</p><p>Fact 4. P(f ⊕ g) = ConvexHull V (P(g)) ∪ V (P(g)) .</p><p>Note that V(P(f )) is the set of vertices of the polytope P(f ).</p></div>
<div xmlns="http://www.tei-c.org/ns/1.0"><head>B. Proof Of Theorem 2</head><p>Theorem 2. For a bias-free neural network in the form of f (x) : R n → R 2 where A ∈ Z p×n and B ∈ Z 2×p , let R(x) = H 1 (x) Q 2 (x) ⊕ H 2 (x) Q 1 (x) be a tropical polynomial. Then: Proof. For the first part, recall from Theorem1 that both f 1 and f 2 are tropical rationals and hence,</p><formula xml:id="formula_24">• Let B = {x ∈ R n : f 1 (x) = f 2 (x)} define the decision boundaries of f , then B ⊆ T (R(x)). • δ (R(x)) = ConvHull (Z G1 , Z G2 ). Z G1 is a zonotope in R n with line segments {(B + (1, j) + B − (2, j))[A + (j,</formula><formula xml:id="formula_25">f 1 (x) = H 1 (x) − Q 1 (x) f 2 (x) = H 2 (x) − Q 2 (x) Thus B = {x ∈ R n : f 1 (x) = f 2 (x)} = {x ∈ R n : H 1 (x) − Q 1 (x) = H 2 (x) − Q 2 (x)} = {x ∈ R n : H 1 (x) + Q 2 (x) = H 2 (x) + Q 1 (x)} = {x ∈ R n : H 1 (x) Q 2 (x) = H 2 (x) Q 1 (x)}</formula><p>Recall that the tropical hypersurface is defined as the set of x where the maximum is attained by two or more monomials. Therefore, the tropical hypersurface of R(x) is the set of x where the maximum is attained by two or more monomials in (H 1 (x) Q 2 (x)), or attained by two or more monomials in (H 2 (x) Q 1 (x)), or attained by monomials in both of them in the same time, which is the decision boundaries. Hence, we can rewrite that as</p><formula xml:id="formula_26">T (R(x)) = T (H 1 (x) Q 2 (x)) ∪ T (H 2 (x) Q 1 (x)) ∪ B.</formula><p>Therefore B ⊆ T (R(x)). For the second part of the Theorem, we first use the decomposition proposed by <ref type="bibr">(Zhang et al., 2018;</ref><ref type="bibr">Berrada et al., 2016)</ref> to show that for a network f (x) = B max (Ax, 0), it can be decomposed as tropical rational as follows</p><formula xml:id="formula_27">f (x) = B + − B − max(A + x, A − x) − A − x = B + max(A + x, A − x) + B − A − x − B − max(A + x, A − x) + B + A − x .</formula><p>Therefore, we have that Therefore, note that: <ref type="bibr">j, :)</ref>x tropically is given as follows</p><formula xml:id="formula_28">δ(R(x)) = δ H 1 (x) Q 2 (x) ⊕ H 2 (x) Q 1 (x) (8) = ConvexHull δ H 1 (x) Q 2 (x) , δ H 2 (x) Q 1 (x) (7) = ConvexHull δ H 1 (x) + δ Q 2 (x) , δ H 2 (x) + δ Q 1 (x) . Now observe that H 1 (x) = p j=1 B + (1, j) + B − (2, j) max A + (j, :), A − (</formula><formula xml:id="formula_29">H 1 (x) = p j=1 x A + (j,:) ⊕ x A − (j,:) B + (1,j) B − (2,j)</formula><p>, thus we have that :</p><formula xml:id="formula_30">δ(H 1 (x)) = B + (1, 1) + B − (2, 1) δ x A + (1,:) ⊕ x A − (1,:) + . . . + B + (1, p) + B − (2, p) δ(x A + (p,:) ⊕ x A − (p,:) ) = B + (1, 1) + B − (2, 1) ConvexHull A + (1, :), A − (1, :) + . . . + B + (1, p) + B − (2, p) ConvexHull A + (p, :), A − (p, :) .</formula><p>The operator+ indicates a Minkowski sum between sets. Note that ConvexHull A + (i, :), A − (i, :) is the convexhull between two points which is a line segment in Z n with end points that are {A + (i, :), A + (i, :)} scaled with B + (1, i) + B − (2, i). Observe that δ(F 1 (x)) is a Minkowski sum of line segments which is is a zonotope. Moreover, note that Q 2 (x) = (B − (1, :)+B + (2, :))A − x tropically is given as follows Q 2 (x) = p j=1 x A − (j,:) (B + (1,j) B − (2,j)) . One can see that δ(Q 2 (x)) is the Minkowski sum of the points {(B − (1, j)−B + (2, j))A − (j, :)}∀j in R n (which is a standard sum) resulting in a point. Lastly, δ(H 1 (x))+δ(Q 2 (x)) is a Minkowski sum between a zonotope and a single point which corresponds to a shifted zonotope. A similar symmetric argument can be applied for the second part δ(H 2 (x))+δ(Q 1 (x)).</p><p>It is also worthy to mention that the extension to network with multi class output is trivial. In that case all of the analysis can be exactly applied studying the decision boundary between any two classes (i, j) where B = {x ∈ R n : f i (x) = f j (x)} and the rest of the proof will be exactly the same.</p></div>
<div xmlns="http://www.tei-c.org/ns/1.0"><head>C. Handling Biases</head><p>In this section, we show that the results of Theorem 2 are the unaltered in the presence of biases (c 1 and c 2 ). To do so, we will derive the dual subdivision of the output of the first Affine layer, the ReLU and the last Affine layer consecutively.</p><p>As for the output of the first affine layer, note that for an input x the output of the first affine layer z 1 = Ax + c 1 can be presented tropically per coordinate as:</p><formula xml:id="formula_31">z 1i = A + (i, :)x + c 1 (i) − A − (i, :)x = (c 1 (i) x A + (i,:) ) x A − (i,:) = H 1i Q 1i .<label>(9)</label></formula><p>To construct the dual subdivision for each tropical polynomial H 1i and Q 1i , one needs first to construct the tropical newton polytope in R n+1 as defined in Definition 5. Since both of H 1i and Q 1i are tropical polynomials with a single monomials thus ∆(H 1i ) and ∆(Q 1i ) are the points (A + (i, :), c 1i ) and (A − (i, :), 0) in R n+1 , respectively. To construct the dual subdivision of each tropical polynomial, one needs to project the newton polytope to R n through the operator π which will again result in an identical dual subdivision if biases were not introduced.</p><p>As for the output of the ReLU layer, note that for an input x, it can be presented tropically per coordinate as follows</p><formula xml:id="formula_32">z 2i = max(z 1 , 0) = max(A + (i, :)x + c 1 (i), A − (i, :)x) − A − (i, :)x = (H 1i ⊕ Q 1i ) − Q 1i = H 2i Q 2i .</formula><p>Following Fact 4, the newton polytope of H 2i is a line segment, i.e. ∆(H 2i ), with end points [(A + (i, :), c 1 (i)) , (A − (i, : ), 0)]. Constructing the dual subdivision by projecting both ∆(H 2i ) and ∆(Q 1i ) to R n recovers an identical dual subdivision for a bias free-network. Similarly for ∆(Q 2i ) which is a point in R n+1 with coordinate [A − (i, :), 0]. Applying the projection π recovers to construct the dual subdivision recovers the point [A − (i, :)] in R n .</p><p>Lastly, the output of the second affine layer per coordinate can be expressed as:</p><formula xml:id="formula_33">z 3i = B(i, :)z 2 + c 2 (i) = (B + (i, :) − B − (i, :))(H 2i − Q 2i ) + c 2 (i) = (B + (i, :)H 2i + B − (i, :)Q 2i + c 2 (i)) − (B − (i, :)H 2i + B + (i, :)Q 2i ) = (B + (i, :)H 2i + B − (i, :)Q 2i + c 2 (i)) − (B − (i, :)H 2i + B + (i, :)Q 2i ) = H 3i Q 3i .</formula><p>Following Facts 2 and 3, we have that</p><formula xml:id="formula_34">∆(H 3i ) =+ j B(i, j)∆ H 2j + ∆ j B − (i, j)∆(Q 2j ) R n , c 2 (i) where ∆(Q 2j )</formula><p>R n is the newton polytope of Q 2j just as before but in R n . Note that the first term, i.e.+ j B(i, j)∆ H 2j is a Minkowski sum of scaled line segments ∆(H 2j ) that are in R n+1 resulting in a zonotope in R n+1 . The second term is the polytope that results from the Minkowski sum, as per Fact 2, of the scaled polytopes ∆(Q 2j ) R n where each polytope is a point in R n with the last coordinate be c 2 (i). Therefore, the polytope ∆(H 3i ) is a Minkowski sum between a zonotope and a point resulting in a shifted zonotope in R n+1 . Constructing the dual subdivision δ(H 3i ) results in the same polytope projected in R n . This is an identical dual subdivision to a bias free network. Therefore, the shape of the geometric representation of the decision boundaries with non-zero biases will not be altered the projection π, and hence the presence of the biases will not alter the results of Theorem 2.</p></div>
<div xmlns="http://www.tei-c.org/ns/1.0"><head>D. Proof of Proposition 1</head><p>Proposition 1. The zonotope formed by p line segments in R n with two arbitrary end points as follows</p><formula xml:id="formula_35">{[u i 1 , u i 2 ]} p i=1 is equivalent to the zonotope formed by the line segments {[u i 1 − u i 2 , 0]} p i=1 with a shift of p i=1 u i 2 .</formula><p>Proof. Let U j be a matrix with U j (:, i) = u i j , i = 1, . . . , p, w be a column-vector with w(i) = w i , i = 1, . . . , p and 1 p is a column-vector of ones of length p. Then, the zonotope Z formed by the Minkowski sum of line segments with arbitrary end points can be defined as:</p><formula xml:id="formula_36">Z = p i=1 w i u i 1 + (1 − w i )u i 2 ; w i ∈ [0, 1], ∀ i = U 1 w − U 2 w + U 2 1 p , w ∈ [0, 1] p = (U 1 − U 2 ) w + U 2 1 p , w ∈ [0, 1] p = (U 1 − U 2 ) w, w ∈ [0, 1] p + U 2 1 p .</formula><p>Since the Minkowski sum of between a polytope and a point is a translation; thereafter, the proposition follows directly from Definition 6.</p></div>
<div xmlns="http://www.tei-c.org/ns/1.0"><head>D.1. Optimization of Objective (2) of the Binary Classifier</head><formula xml:id="formula_37">miñ A,B 1 2 G 1 − G 1 2 F + 1 2G 2 − G 2 2 F + λ 1 G 1 2,1 + λ 2 G 2 2,1 .<label>(10)</label></formula><p>Note thatG 1 = Diag ReLU(B(1, :)) + ReLU(−B(2, :)) Ã ,G 2 = Diag ReLU(B(2, :)) + ReLU(−B(1, :)) Ã . Note that G 1 = Diag ReLU(B(1, :)) + ReLU(−B(2, :)) A and G 2 = Diag ReLU(B(2, :)) + ReLU <ref type="figure" target="#fig_2">(−B(1, :)</ref>) A. For ease of notation, we refer to ReLU(B(i, :)) and ReLU(−B(i, :)) asB + (i, :) andB − (i, :), respectively. We solve the problem with co-ordinate descent an alternate over variables.</p></div>
<div xmlns="http://www.tei-c.org/ns/1.0"><head>UpdateÃ.</head><p>A ← arg miñ</p><formula xml:id="formula_38">A 1 2 Diag (c 1 )Ã − G 1 2 F + 1 2 Diag(c 2 )Ã − G 2 2 F + λ 1 Diag(c 1 )Ã 2,1 + λ 2 Diag(c 2 )Ã 2,1 ,</formula><p>where c 1 = ReLU(B(1, :)) + ReLU(−B(2, :)) and c 2 = ReLU(B(2, :)) + ReLU(−B <ref type="figure" target="#fig_2">(1, :)</ref>). Note that the problem is separable per-row ofÃ. Therefore, the problem reduces to updating rows ofÃ independently and the problem exhibits a closed form solution.</p><p>A(i, :) = arg miñ</p><formula xml:id="formula_39">A(i,:) 1 2 c i 1Ã (i, :) − G 1 (i, :) 2 2 + 1 2 c i 2Ã (i, :) − G 2 (i, :) 2 2 + (λ 1 c i 1 + λ 2 c i 2 ) Ã (i, :) 2 = arg miñ A(i,:) 1 2 Ã (i, :) − c i 1 G 1 (i, :) + c i 2 G 2 (i, :) 1 2 (c i 1 + c i 2 ) 2 2 + 1 2 λ 1 c i 1 + λ 2 c i 2 1 2 (c i 1 + c i 2 ) Ã (i, :) 2 =   1 − 1 2 λ 1 c i 1 + λ 2 c i 2 1 2 (c i 1 + c i 2 ) 1 c i 1 G1(i,:)+c i 2 G2(i,:) 1 2 (c i 1 +c i 2 ) 2   c i 1 G 1 (i, :) + c i 2 G 2 (i, :) 1 2 (c i 1 + c i 2 )</formula><p>.</p><p>UpdateB + (1, :). Note that C 1 = G 1 − Diag B − (2, :) Ã and where Diag B − (2, :) Ã . Note the problem is separable in the coordinates ofB + (1, :) and a projected gradient descent can be used to solve the problem in such a way as:</p><formula xml:id="formula_40">B + (1, j) = arg miñ B + (1,j) 1 2 B + (1, j)Ã(j, :) − C 1 (j, :) 2 2 + λ 1 B + (1, j)Ã(j, :) + C 2 (j, :) 2 , s.t.B + (1, j) ≥ 0.</formula><p>A similar symmetric argument can be used to update the variablesB + (2, :),B + (1, :) andB − (2, :).</p></div>
<div xmlns="http://www.tei-c.org/ns/1.0"><head>D.2. Adapting Optimization (2) for Multi-Class Classifier</head><p>Note that Theorem 2 describes a superset to the decision boundaries of a binary classifier through the dual subdivision R(x), i.e. δ(R(x)). For a neural network f with k classes, a natural extension for it is to analyze the pair-wise decision boundaries of of all k-classes. Thus, let T (R ij (x)) be the superset to the decision boundaries separating classes i and j. Therefore, a natural extension to the geometric loss in Equation <ref type="formula" target="#formula_15">(1)</ref> is to preserve the polytopes among all pairwise follows:</p><formula xml:id="formula_41">miñ A,B ∀[i,j]∈S d ConvexHull ZG (i + ,j − ) , ZG (j + ,i − ) , ConvexHull Z G (i + ,j − ) , Z G (j + ,i − ) .<label>(11)</label></formula><p>The set S is all possible pairwise combinations of the k classes such that S = {[i, j], ∀i = j, i = 1, . . . , k, j = 1, . . . , k}.</p><p>The generator Z(G <ref type="bibr">(i,j)</ref> ) is the zonotope with the generator matrixG (i + ,j − ) = Diag ReLU(B(i, :)) + ReLU(−B(j, :)) Ã . However, such an approach is generally computationally expensive, particularly, when k is very large. To this end, we make the following observation thatG ( i + , j − ) can be equivalently written as a Minkowski sum between two sets zonotopes with the generators G (i + ) = Diag ReLU(B(i, :) Ã and G j − = Diag ReLU(B j − ) Ã . That is to say,</p><formula xml:id="formula_42">ZG (i + ,j − ) = ZG i++ ZG j− .</formula><p>This follows from the associative property of Minkowski sums given as follows:</p><formula xml:id="formula_43">Fact 5. Let {S i } n i=1</formula><p>be the set of n line segments. Then we have that</p><formula xml:id="formula_44">S = S 1+ . . .+S n = P+V</formula><p>where the sets P =+ j∈C1 S j and V =+ j∈C2 S j where C 1 and C 2 are any complementary partitions of the set</p><formula xml:id="formula_45">{S i } n i=1 .</formula><p>Hence,G (i + ,j − ) can be seen a concatenation betweenG ( i + ) andG ( j − ). Thus, the objective in 11 can be expanded as follows:</p><formula xml:id="formula_46">miñ A,B ∀[i,j]∈S d ConvexHull ZG (i + ,j − ) , ZG (j + ,i − ) , ConvexHull Z G (i + ,j − ) , Z G (j + ,i − ) = miñ A,B ∀[i,j]∈S d ConvexHull ZG i ++ ZG j− , ZG+ j+ ZG i − , ConvexHull Z G i ++ Z Gj− , Z G + j+ Z G i − ≈ miñ A,B ∀[i,j]∈S G i + G j − − G i + G j − 2 F + G i − G j + − G i − G j + 2 F = miñ A,B ∀[i,j]∈S 1 2 G i + − G i + 2 F + 1 2 G i − − G i − 2 F + 1 2 G j + − G j + 2 F + 1 2 G j − − G j − 2 F = miñ A,B k i=1 1 2 (k − 1) G i + − G i + 2 F + G i − − G i − 2 F + G j + − G j + 2 F + G j − − G j − 2 F .</formula><p>The approximation follows in a similar argument to the binary classifier case where approximating the generators. The last equality follows from a counting argument. We solve the objective for all multi-class networks in the experiments with alternating optimization in a similar fashion to the binary classifier case. Similarly to the binary classification approach, we introduce the . 2,1 to enforce sparsity constraints for pruning purposes. Therefore the overall objective has the form:</p><formula xml:id="formula_47">miñ A,B k i=1 1 2 G i + − G i + 2 F + G i − − G i − 2 F + G j + − G j + 2 F + G j − − G j − 2 F + λ G i + 2,1 + G i − 2,1 + G j + 2,1 + G j − 2,1 .</formula><p>For completion, we derive the updates forÃ andB.</p><p>On the Decision Boundaries of Deep Neural Networks: A Tropical Geometry Perspective UpdateÃ.</p><formula xml:id="formula_48">A = arg miñ A k i=1 1 2 Diag B + (i, :) Ã − G i + 2 F + Diag B − (i, :) Ã − G i − 2 F + Diag B + (j, :) Ã − G j + 2 F + Diag B − (j, :) Ã − G j − 2 F + λ Diag B + (i, :) Ã 2,1 + Diag B − (i, :) Ã 2,1 + Diag B + (j, :) Ã 2,1 + Diag B − (j, :) Ã 2,1 .</formula><p>Similar to the binary classification, the problem is seprable in the rows ofÃ. and a closed form solution in terms of the proximal operator of 2 norm follows naturally for eachÃ(i, :).</p><p>UpdateB + (i, :).</p><formula xml:id="formula_49">B + (i, :) = arg miñ B + (i,:) 1 2 Diag B + (i, :) Ã −G i + 2 F + λ Diag B + (i, :) Ã 2,1 , s.t.B + (i, :) ≥ 0.</formula><p>Note that the problem is separable per coordinates of B + (i, :) and each subproblem is updated as:</p><formula xml:id="formula_50">B + (i, j) = arg miñ B + (i,j) 1 2 B + (i, j)Ã(j, :) −G i + (j, :) 2 2 + λ B + (i, j)Ã(j, :) 2 , s.t.B + (i, j) ≥ 0 = arg miñ B + (i,j) 1 2 B + (i, j)Ã(j, :) −G i + (j, :) 2 2 + λ B (i, j) Ã (j, :) 2 , s.t.B + (i, j) ≥ 0 = max 0,Ã (j, :) G i + (j, :) − λ Ã (j, :) 2 Ã (j, :) 2 2 .</formula><p>A similar argument can be used to updateB − (i, :) ∀i. Finally, the parameters of the pruned network will be constructed A ←Ã and B ←B + −B − .</p></div>
<div xmlns="http://www.tei-c.org/ns/1.0"><head>Algorithm 1 Solving Problem (5)</head><p>Input: A 1 ∈ R p×n , B ∈ R k×p , x 0 ∈ R n , t, λ &gt; 0, γ &gt; 1, K &gt; 0, ξ A1 = 0 p×n , η 1 = z 1 = w 1 = z 1 = u 1 = w 1 = 0 n . Output: η, ξ A1 Initialize: ρ = ρ 0 while not converged do for k ≤ K do η update:</p><formula xml:id="formula_51">η k+1 = (2λA 1 A 1 + (2 + ρ)I) −1 (2λA 1 ξ k A1 x 0 + ρz k − u k ) w update: w k+1 =      min(1 − x 0 , 1 ) : z k − 1 /ρv k &gt; min(1 − x 0 , 1 ) max(−x 0 , − 1 ) : z k − 1 /ρv k &lt; max(−x 0 , − 1 ) z k − 1 /ρv k : otherwise z update: z k+1 = 1 η k+1 +2ρ (η k+1 z k + ρ(η k+1 + 1 /ρu k + w k + 1 /ρv k ) − ∇L(z k + x 0 )) ξ A1 update: ξ k+1 A1 = arg min ξ A ξ A1 2 F + λ ξ A1 x 0 − A 1 η k+1 2 2 +L(A 1 ) s.t. ξ A1 ∞,∞ ≤ 2 u update: u k+1 = u k + ρ(η k+1 − z k+1 ) v update: v k+1 = v k + ρ(w k+1 − z k+1 )) ρ ← γρ end λ ← γλ ρ ← ρ 0 end E. Algorithm for Solving 5.</formula><p>In this section, we are going to derive an algorithm for solving the following problem:</p><formula xml:id="formula_52">min η,ξ A 1 D 1 (η) + D 2 (ξ A1 ) s.t.</formula><p>− loss(g(A 1 (x 0 + η)), t) ≤ −1, −loss(g(A 1 + ξ A1 )x 0 , t) ≤ −1,</p><formula xml:id="formula_53">(x 0 + η) ∈ [0, 1] n , η ∞ ≤ 1 , ξ A1 ∞,∞ ≤ 2 , A 1 η − ξ A1 x 0 = 0.<label>(12)</label></formula><p>The function D 2 (ξ A ) captures the perturbdation in the dual subdivision polytope such that the dual subdivion of the network with the first linear layer A 1 is similar to the dual subdivion of the network with the first linear layer A 1 + ξ A1 . This can be generally formulated as an approximation to the following distance function d ConvHull ZG 1 , ZG 2 , ConvHull (Z G1 , Z G2 ) , whereG 1 = Diag ReLU(B(1, :)) + ReLU(−B(2, :)) Ã + ξ A1 , G 2 = Diag ReLU(B(2, :)) + ReLU(−B(1, :)) Ã + ξ A1 , G 1 = Diag ReLU(B(1, :)) + ReLU(−B(2, :)) Ã and G 2 = Diag ReLU(B(2, :)) + ReLU(−B(1, :)) Ã . In particular, to approximate the function d, one can use a similar argument as in used in network pruning 5 such that D 2 approximates the generators of the zonotopes directly as follows:</p><formula xml:id="formula_54">D 2 (ξ A1 ) = 1 2 G 1 − G 1 2 F + 1 2 G 2 − G 2 2 F = 1 2 Diag B + (1, :) ξ A1 2 F + 1 2 Diag B − (1, :) ξ A1 2 F + 1 2 Diag B + (2, :) ξ A1 2 F + 1 2 Diag B − (2, :) ξ A1 2 F .</formula><p>This can thereafter be extended to multi-class network with k classes as follows D 2 (ξ A1 ) = . Therefore, we can write 12 as follows:</p><formula xml:id="formula_55">min η,ξ A D 1 (η) + k j=1 Diag B + (j, :) ξ A 2 F + Diag B − (j, :) ξ A 2 F . s.t.</formula><p>− loss(g(A 1 (x 0 + η)), t) ≤ −1, −loss(g((A 1 + ξ A1 )x 0 ), t) ≤ −1,</p><formula xml:id="formula_56">(x 0 + η) ∈ [0, 1] n , η ∞ ≤ 1 , ξ A1 ∞,∞ ≤ 2 , A 1 η − ξ A1 x 0 = 0.</formula><p>To enforce the linear equality constraints A 1 η − ξ A1 x 0 = 0, we use a penalty method, where each iteration of the penalty method we solve the sub-problem with ADMM updates. That is, we solve the following optimization problem with ADMM with increasing λ such that λ → ∞. For ease of notation, lets denote L(x 0 + η) = −loss(g(A 1 (x 0 + η)), t), and</p><formula xml:id="formula_57">L(A 1 ) = −loss(g((A 1 + ξ A1 )x 0 ), t). min η,z,w,ξ A 1 η 2 2 + k j=1 Diag ReLU(B(j, :) ξ A1 2 F + Diag ReLU(−B(j, :)) ξ A1 2 F + L(x 0 + z) + h 1 (w) + h 2 (ξ A1 ) + λ A 1 η − ξ A1 x 0 2 2 +L(A 1 ). s.t. η = z z = w. where h 1 (η) = 0, if (x 0 + η) ∈ [0, 1] n , η ∞ ≤ 1 ∞, else h 2 (ξ A1 ) = 0, if ξ A1 ∞,∞ ≤ 2 ∞, else .</formula><p>The augmented Lagrangian is given as follows:</p><formula xml:id="formula_58">L(η, w, z, ξ A1 , u, v) := η 2 2 + L(x 0 + z) + h 1 (w) + k j=1 Diag(B + (j, :))ξ A1 2 F + Diag(B − (j, :))ξ A1 2 F +L(A 1 ) + h 2 (ξ A1 ) + λ A 1 η − ξ A1 x 0 2 2 + u (η − z) + v (w − z) + ρ 2 ( η − z 2 2 + w − z 2 2 ).</formula><p>Thereafter, ADMM updates are given as follows:</p><formula xml:id="formula_59">{η k+1 , w k+1 } = arg min η,w L(η, w, z k , ξ k A1 , u k , v k ), z k+1 = arg min z L(η k+1 , w k+1 , z, ξ k A1 , u k , v k ), ξ k+1 A1 = arg min ξ A 1 L(η k+1 , w k+1 , z k+1 , ξ A1 , u k , v k ). u k+1 = u k + ρ(η k+1 − z k+1 ), v k+1 = v k + ρ(w k+1 − z k+1 ).</formula><p>Updating η:</p><formula xml:id="formula_60">η k+1 = arg min η η 2 2 + λ A 1 η − ξ A1 x 0 2 2 + u η + ρ 2 η − z 2 2 = 2λA 1 A 1 + (2 + ρ)I −1 2λA 1 ξ k A1 x 0 + ρz k − u k .</formula></div>
<div xmlns="http://www.tei-c.org/ns/1.0"><head>F. Experimental Details and Supplemental Results</head><p>In this section, we describe the settings and the values of the hyper parameters used in the experiments. Moreover, we will show some further supplemental results to the results in the main manuscript paper.</p></div>
<div xmlns="http://www.tei-c.org/ns/1.0"><head>F.1. Tropical View to the Lottery Ticket Hypothesis.</head><p>We first conduct some further supplemental experiments to those conducted in Section 4. In particular, we conduct further experiments re-affirming the lottery ticket hypothesis on three more synthetic datasets in a similar experimental setup to the one shown in <ref type="figure" target="#fig_3">Figure 3</ref>. The new supplemental experiments are shown in <ref type="figure" target="#fig_13">Figure 7</ref>. A similar conclusion is present where the lottery ticket initialization consistently better preserves the decision boundaries polytope compare to other initialization schemes over different percentages of pruning. A natural question is whether it is necessary to visualize the dual subdivision polytope of the decision boundaries, i.e. δ(R(x)), where R(x) = H 1 (x) Q 2 (x) ⊕ H 2 (x) Q 1 (x) as opposed to visualizing the tropical polynomials δ(H {1,2} (x)) and δ(Q {1,2} (x)) directly for the tropical re-affirmation of the lottery ticket hypothesis. That is similar to asking whether it is necessary to visualize and study the decision boundaries polytope δ(R(x)) as compared to the the dual subdivision polytope of the functional form of the network since for the 2-output neural network described in Theorem 2 we have that f 1 (x) = H 1 (x) Q 1 (x) and f 2 (x) = H 2 (x) Q 2 (x). We demonstrate this with an experiment that demonstrates the differences between these two views. For this purpose, we train a single hidden layer neural network on the same dataset shown in <ref type="figure" target="#fig_3">Figure 3</ref>. We perform several iterations of pruning in a similar fashion to Section 5 and visualise at each iteration both the decision boundaries polytope and all the dual subdivisions of the aforementioned tropical polynomials representing the functional form of the network, i.e. δ(H {1,2} (x)) and δ(Q {1,2} (x)). It is to be observed from <ref type="figure">Figure 8</ref> that despite that the decision boundaries were barely affected with the lottery ticket pruning, the zonotopes representing the functional form of the network endure large variations. That is to say, investigating the dual subdivisions describing the functional form of the networks through the four zonotopes δ(H {1,2} (x)) and δ(Q {1,2} (x)) is not indicative enough to the behaviour of the decision boundaries. <ref type="figure">Figure 8</ref>. Comparison between the decision boundaries polytope and the polytopes representing the functional representation of the network. First column: decision boundaries polytope δ(R(x)) while the remainder of the columns are the zonotopes δ(H1(x)), δ(Q1(x)), δ(H2(x)) and δ(Q2(x)) respectively. Under varying pruning rate across the rows, it is to be observed that the changes that affected the dual subdivisions of the functional representations are far smaller compared to the decision boundaries polytope.</p><p>On the Decision Boundaries of Deep Neural Networks: A Tropical Geometry Perspective</p></div>
<div xmlns="http://www.tei-c.org/ns/1.0"><head>F.2. Tropical Pruning</head><p>Experimental Setup. In all experiments of the tropical pruning section, all algorithms are run for only a single iteration where λ increases linearly from 0.02 with a factor of 0.01. Increasing λ corresponds to increasing weight sparsity and we keep doing until sparsification is 100%.</p><p>Supplemental Experiments. We conduct more experimental results on AlexNet and VGG16 on SVHN, CIFAR10 and CIFAR100 datasets. We examine the performance for when the networks have only the biases of the classifier fine tuned after tuning as shown in <ref type="figure" target="#fig_14">Figure 9</ref>. Moreover, a similar experiments is reported for the same networks but for when the biases for the complete networks are fine tuned as in <ref type="figure" target="#fig_2">Figure 10</ref>.   For all of the experiments, we set the values of 2 , λ, η and ρ to 1, 10 −3 , 2.5 and 1, respectively. As for 1 it is set to 0.1 upon attacking MNIST images of digit 4 set to 0.2 for all other MNIST images.</p><p>Supplemental Synthetic Experiments. We show extra results of attacking the decision boundaries of synthetic data in R 2 in a similar setting as reported in Section 6. <ref type="figure" target="#fig_2">Figure 11</ref> shows another example where the sampled to be attacked is closer to a different decision boundary. Observe how the edge corresponding to that decision boundary of the decision boundary polytope has respectively been altered. MNIST Experiments. Here, we design perturbations to misclassify MNIST images. <ref type="figure" target="#fig_1">Figure 12</ref> shows several adversarial examples that change the network prediction for digits 8 and 9 to digits 7, 5, and 4, respectively. In some cases, the perturbation η is as small as = 0.1, where x 0 ∈ [0, 1] n . Several other adversarial results are reported in <ref type="figure" target="#fig_2">Figure 13</ref>. We again emphasize that our approach is not meant to be compared with (or beat) state of the art adversarial attacks but rather to provide a novel geometrically inspired perspective that can shed new light in this field.  <ref type="formula" target="#formula_20">(5)</ref>, on two digits (8,9) from MNIST. From left to right, images are classified as <ref type="bibr">[8,7,5,4] and [9,7,5,4]</ref> respectively. <ref type="figure" target="#fig_2">Figure 13</ref>. Effect of Tropical Adversarial Attacks on MNIST Images. First row from the left: Clean image, perturbed images classified as [7,3,2,1,0] respectively. Second row from left: Clean image, perturbed images classified as <ref type="bibr">[9,</ref><ref type="bibr">8,</ref><ref type="bibr">7,</ref><ref type="bibr">3,</ref><ref type="bibr">2]</ref> respectively. Third row from left: Clean image, perturbed images classified as <ref type="bibr">[9,</ref><ref type="bibr">8,</ref><ref type="bibr">7,</ref><ref type="bibr">5,</ref><ref type="bibr">3]</ref> respectively. Fourth row from left: Clean image, perturbed images classified as [9,4,3,2,1] respectively. Fifth row from left: Clean image, perturbed images classified as [8,4,3,2,1] respectively.</p></div><figure xmlns="http://www.tei-c.org/ns/1.0" xml:id="fig_0"><head></head><label></label><figDesc>:), A − (j, :)]} p j=1 and shift (B − (1, :) + B + (2, :))A − . Z G2 is a zonotope in R n with line segments {(B − (1, j) + B + (2, j))[A + (j, :), A − (j, :)]} p j=1 and shift (B + (1, :) + B − (2, :))A − .</figDesc></figure>
<figure xmlns="http://www.tei-c.org/ns/1.0" xml:id="fig_1"><head>Figure 2 .</head><label>2</label><figDesc>Decision Boundaries as Geometric Structures.</figDesc></figure>
<figure xmlns="http://www.tei-c.org/ns/1.0" xml:id="fig_2"><head>G 1 =</head><label>1</label><figDesc>Diag[(B + (1, :)) + (B − (2, :))]A and G 2 = Diag[(B + (2, :)) + (B − (1, :))]A, both with shift (B − (1, :) + B + (2, :) + B + (1, :) + B − (2, :)) A − , where Diag(v) rearranges the elements of v in a diagonal matrix.</figDesc></figure>
<figure xmlns="http://www.tei-c.org/ns/1.0" xml:id="fig_3"><head>Figure 3 .</head><label>3</label><figDesc>Effect of Different Initializations on the Decision Boundaries Polytope.</figDesc></figure>
<figure xmlns="http://www.tei-c.org/ns/1.0" xml:id="fig_4"><head>Figure 4 .</head><label>4</label><figDesc>Tropical Pruning Pipeline.</figDesc></figure>
<figure xmlns="http://www.tei-c.org/ns/1.0" xml:id="fig_5"><head>Figure 5 .</head><label>5</label><figDesc>Results of Tropical Pruning. Pruning-accuracy plots for AlexNet (top) and VGG16 (bottom) trained on SVHN, CIFAR10, and CIFAR100, pruned with our tropical method and three other pruning methods.</figDesc></figure>
<figure xmlns="http://www.tei-c.org/ns/1.0" xml:id="fig_6"><head>Figure 6 .</head><label>6</label><figDesc>Dual View of Tropical Adversarial Attacks. We show the effects of tropical adversarial attacks on a synthetic binary dataset at two different input points (in black). From left to right: the decision regions of the original and perturbed models, and decision boundaries polytopes (green for original and blue for perturbed).</figDesc></figure>
<figure xmlns="http://www.tei-c.org/ns/1.0" xml:id="fig_7"><head></head><label></label><figDesc>with a penalty method on the linear equality constraints, where each penalty step is solved with ADMM (Boyd et al., 2011) in a similar fashion to the work of (Xu et al., 2018). The details of the algorithm are left for the appendix.</figDesc></figure>
<figure xmlns="http://www.tei-c.org/ns/1.0" xml:id="fig_8"><head></head><label></label><figDesc>Akian, M., Gaubert, S., and Guterman, A. Tropical polyhedra are equivalent to mean payoff games. International Journal of Algebra and Computation, 2009. Allamigeon, X., Benchimol, P., Gaubert, S., and Joswig, M. Tropicalizing the simplex algorithm. SIAM J. Discrete Math. 29:2, 2015.Ardila, D., P. Kiraly, A., Bharadwaj, S., Choi, B., J. Reicher, J., Peng, L., Tse, D., Etemadi, M., Ye, W., Corrado, G., P. Naidich, D., and Shetty, S. End-to-end lung cancer screening with three-dimensional deep learning on low-dose chest computed tomography. Nature Medicine, 2019.Arora, R., Basu, A., Mianjy, P., and Mukherjee, A. Understanding deep neural networks with rectified linear units. In International Conference on Learning Representations, 2018. Bahdanau, D., Cho, K., and Bengio, Y. Neural machine translation by jointly learning to align and translate. In International Conference on Learning Representations, 2015. Beise, H.-P., Da Cruz, S. D., and Schröder, U. On decision regions of narrow deep neural networks. arXiv preprint arXiv:1807.01194, 2018. Berrada, L., Zisserman, A., and Kumar, M. P. Trusting svm for piecewise linear cnns. arXiv preprint arXiv:1611.02185, 2016. Boyd, S., Parikh, N., Chu, E., Peleato, B., Eckstein, J., et al. Distributed optimization and statistical learning via the alternating direction method of multipliers. Foundations and Trends R in Machine learning, 2011. Brugallé, E. and Shaw, K. A bit of tropical geometry. The American Mathematical Monthly, 2014. Carlini, N. and Wagner, D. A. Towards evaluating the robustness of neural networks. CoRR, 2016. Deng, J., Dong, W., Socher, R., Li, L.-J., Li, K., and Fei-Fei, L. Imagenet: A large-scale hierarchical image database. In Computer Vision and Patter Recognition Conference (CVPR), 2009. Devlin, J., Chang, M.-W., Lee, K., and Toutanova, K. Bert: Pre-training of deep bidirectional transformers for language understanding. arXiv preprint arXiv:1810.04805, 2018. Frankle, J. and Carbin, M. The lottery ticket hypothesis: Finding sparse, trainable neural networks. In ICLR. Open-Review.net, 2019. Glorot, X. and Bengio, Y. Understanding the difficulty of training deep feedforward neural networks. In Proceedings of 13th International Conference on Artificial Intelligence and Statistics, 2010. Gritzmann, P. and Sturmfels, B. Minkowski addition of polytopes: computational complexity and applications to gröbner bases. SIAM Journal on Discrete Mathematics, 1993. Han, S., Pool, J., Tran, J., and Dally, W. J. Learning both weights and connections for efficient neural networks. CoRR, 2015. Hassibi, B. and Stork, D. G. Second order derivatives for network pruning: Optimal brain surgeon. In Advances in neural information processing systems, 1993. He, W., Li, B., and Song, D. Decision boundary analysis of adversarial examples. In International Conference on Learning Representations (ICLR), 2018a. He, W., Li, B., and Song, D. Decision boundary analysis of adversarial examples. In International Conference on Learning Representations, 2018b. Hinton, G., Deng, L., Yu, D., Dahl, G. E., Mohamed, A., Jaitly, N., Senior, A., Vanhoucke, V., Nguyen, P., Sainath, T. N., and Kingsbury, B. Deep neural networks for acoustic modeling in speech recognition: The shared views of four research groups. IEEE Signal Processing Magazine, 2012. Itenberg, I., Mikhalkin, G., and Shustin, E. I. Tropical algebraic geometry. Springer Science &amp; Business Media, 2009. Joswig, M. and Loho, G. Monomial tropical cones for multicriteria optimization. AIP Conference Proceedings, 2019. Joswig, M. and Schröter, B. The tropical geometry of shortest paths. arXiv preprint arXiv:1904.01082, 2019. Khoury, M. and Hadfield-Menell, D. On the geometry of adversarial examples. arXiv preprint arXiv:1811.00525, 2018. Krizhevsky, A. and Hinton, G. Learning multiple layers of features from tiny images. Technical report, Citeseer, 2009. Krizhevsky, A., Sutskever, I., and Hinton, G. E. ImageNet classification with deep convolutional neural networks. In Advances in Neural Information Processing Systems (NeurIPS), 2012.LeCun, Y., Denker, J. S., and Solla, S. A. Optimal brain damage. In Advances in neural information processing systems, 1990.LeCun, Y., Bengio, Y., and Hinton, G. Deep learning. Nature, 2015.Li, Y., Richtarik, P., Ding, L., and Gao, X. On the decision boundary of deep neural networks. arXiv preprint arXiv:1808.05385, 2018.Liu, Q., Shen, X., and Gu, Y. Linearized admm for nonconvex nonsmooth optimization with convergence analysis.IEEE Access, 2019. Maclagan, D. and Sturmfels, B. Introduction to Tropical Geometry. Graduate Studies in Mathematics. American Mathematical Society, 2015. Mai Tran, N. and Yu, J. Product-mix auctions and tropical geometry. Mathematics of Operations Research, 2015. Melzer, D. On the expressibility of piecewise-linear continuous functions as the difference of two piecewise-linear convex functions. In Quasidifferential Calculus. Springer, 1986. Mikhalkin, G. Enumerative tropical algebraic geometry in r2. Journal of the American Mathematical Society, 2004. Montufar, G., Pascanu, R., Cho, K., and Bengio, Y. On the number of linear regions of deep neural networks. Advances in Neural Information Processing Systems (NeurIPS), 2014. Netzer, Y., Wang, T., Coates, A., Bissacco, A., Wu, B., and Ng, A. Y. Reading digits in natural images with unsupervised feature learning. Advances in Neural Information Processing Systems (NeurIPS), 2011. Schütt, K., Arbabzadah, F., Chmiela, S., Müller, K.-R., and Tkatchenko, A. Quantum-chemical insights from deep tensor neural networks. Nature Communications, 2017. See, A., Luong, M., and Manning, C. D. Compression of neural machine translation models via pruning. CoRR, 2016. Seyed-Mohsen Moosavi-Dezfooli, Alhussein Fawzi, J. U. P. F. Robustness via curvature regularization, and vice versa. CVPR, 2019.Shalev-Shwartz, S. and Ben-David, S. Understanding machine learning: From theory to algorithms. Cambridge university press, 2014.Simonyan, K. and Zisserman, A. Very deep convolutional networks for large-scale image recognition. arXiv preprint arXiv:1409.1556, 2014.Stinson, K., Gleich, D. F., and Constantine, P. G. A randomized algorithm for enumerating zonotope vertices. arXiv preprint arXiv:1602.06620, 2016.Xu, K., Liu, S., Zhao, P., Chen, P., Zhang, H., Erdogmus, D., Wang, Y., and Lin, X. Structured adversarial attack: Towards general implementation and better interpretability. arXiv preprint arXiv:1808.01664, 2018.Zhang, L., Naitzat, G., and Lim, L.-H. Tropical geometry of deep neural networks. In International Conference on Machine Learning, ICML 2018, 2018.Zhou, J., Y. Park, C., L. Theesfeld, C., Wong, A., Yuan, Y., Scheckel, C., Fak, J., Funk, J., Yao, K., Tajima, Y., Packer, A., Darnell, R., and G. Troyanskaya, O. Wholegenome deep-learning analysis identifies contribution of noncoding mutations to autism risk. Nature Genetics, 2019.</figDesc></figure>
<figure xmlns="http://www.tei-c.org/ns/1.0" xml:id="fig_9"><head></head><label></label><figDesc>:), A − (j, :)]} p j=1 and shift (B − (1, :) + B + (2, :))A − . Z G2 is a zonotope in R n with line segments {(B − (1, j) + B + (2, j))[A + (j, :), A − (j, :)]} p j=1 and shift (B + (1, :) + B − (2, :))A − . Note that A + = max(A, 0) and A − = max(−A, 0). The line segment (B + (1, j) + B − (2, j))[A + (j, :), A − (j, :)] has end points A + (j, :) and A − (j, :) in R n and scaled by (B + (1, j) + B − (2, j)). Note that A + = max(A, 0) and A − = max(−A, 0) where the max(.) is element-wise. The line segment (B(1, j) + + B(2, j) − )[A(j, :) + , A(j, :) − ] is one that has the end points A(j, :) + and A(j, :) − in R n and scaled by the constant B(1, j) + + B(2, j) − .</figDesc></figure>
<figure xmlns="http://www.tei-c.org/ns/1.0" xml:id="fig_10"><head>H 1</head><label>1</label><figDesc>(x) + Q 2 (x) = B + (1, :) + B − (2, :) max(A + x, A − x) + B − (1, :) + B + (2, :) A − x H 2 (x) + Q 1 (x) = B − (1, :) + B + (2, :) max(A + x, A − x) + B + (1, :) + B − (2, :) A − x.</figDesc></figure>
<figure xmlns="http://www.tei-c.org/ns/1.0" xml:id="fig_11"><head>,</head><label></label><figDesc>s.t.B + (1, :) ≥ 0.</figDesc></figure>
<figure xmlns="http://www.tei-c.org/ns/1.0" xml:id="fig_12"><head>j=1 2 F+</head><label>2</label><figDesc>Diag B + (j, :) ξ A1 Diag B − (j, :) ξ A1 2 F . Following (Xu et al., 2018), we take D 1 (η)</figDesc></figure>
<figure xmlns="http://www.tei-c.org/ns/1.0" xml:id="fig_13"><head>Figure 7 .</head><label>7</label><figDesc>Effect of Different Initializations on the Decision Boundaries Polytope. From left to right: training dataset, decision boundaries polytope of original network followed by the decision boundaries polytope during several iterations of pruning with different initializations.</figDesc></figure>
<figure xmlns="http://www.tei-c.org/ns/1.0" xml:id="fig_14"><head>Figure 9 .</head><label>9</label><figDesc>Results of Tropical Pruning with Fine Tuning the Biases of the Classifier. Tropical pruning applied on AlexNet and VGG16 trained on SVHN, CIFAR10, CIFAR100 against different pruning methods with fine tuning the biases of the classifier only.</figDesc></figure>
<figure xmlns="http://www.tei-c.org/ns/1.0" xml:id="fig_15"><head>Figure 10 .</head><label>10</label><figDesc>Results of Tropical Pruning with Fine Tuning the Biases of the Network. Tropical pruning applied on AlexNet and VGG16 trained on SVHN, CIFAR10, CIFAR100 against different pruning methods with fine tuning the biases of the network.</figDesc></figure>
<figure xmlns="http://www.tei-c.org/ns/1.0" xml:id="fig_16"><head></head><label></label><figDesc>For the tropical adversarial attacks experiments, there are five different hyper parameters which are 1 : The upper bound for the infinite norm of δ. 2 : The upper bound for the . ∞,∞ of the perturbation on the first linear layer. λ : Regularizer to enforce the equality between input perturbation and first layer perturbation η : Bergman divergence constant. ρ : ADMM constant.</figDesc></figure>
<figure xmlns="http://www.tei-c.org/ns/1.0" xml:id="fig_17"><head>Figure 11 .</head><label>11</label><figDesc>Dual View of Tropical Adversarial Attacks. Effect of tropical adversarial attack on a synthetic dataset with two classes in two different scenarios for the black input point. From left to right: decision boundaries of Original model, perturbed model and decision boundaries polytopes(green for original model and blue for perturbed model).</figDesc></figure>
<figure xmlns="http://www.tei-c.org/ns/1.0" xml:id="fig_18"><head>Figure 12 .</head><label>12</label><figDesc>Effect of Tropical Adversarial Attacks on MNIST Dataset. We show qualitative examples of adversarial attacks, produced by solving Problem</figDesc></figure>
<figure xmlns="http://www.tei-c.org/ns/1.0" type="table" xml:id="tab_0" validated="false"><head></head><label></label><figDesc>{a i x} − max j∈[n] {b j x}, where [m] = {1, . . . , m} and [n] = {1, . . . , n}. Thus, it is clear that each of the two maxima above is a tropical polynomial, recovering Theorem 1.</figDesc><table></table></figure>
			<note xmlns="http://www.tei-c.org/ns/1.0" place="foot" n="1">A semiring is a ring that lacks an additive inverse.</note>
			<note xmlns="http://www.tei-c.org/ns/1.0" place="foot" n="2">Without loss of generality, as one can very well approximate real weights as fractions by multiplying by least common multiple of the denominators as discussed in(Zhang et al., 2018).</note>
		</body>
		<back>

			<div type="acknowledgement">
<div xmlns="http://www.tei-c.org/ns/1.0"><p>Acknowledgments. This work was supported by the King Abdullah University of Science and Technology (KAUST) Office of Sponsored Research.</p></div>
			</div>

			<div type="annex">
<div xmlns="http://www.tei-c.org/ns/1.0"><p>The update w is separable in coordinates as follows:</p><p>Updating z:</p><p>(Liu et al., 2019) showed that the linearized ADMM converges for some non-convex problems. Therefore, by linearizing L and adding Bergman divergence term η k /2 z − z k 2 2 , we can then update z as follows:</p><p>It is worthy to mention that the analysis until this step is inspired by <ref type="bibr">(Xu et al., 2018)</ref> with modifications to adapt our new formulation.</p><p>Updating ξ A :</p><p>The previous problem can be solved with proximal gradient methods.</p></div>			</div>
			<div type="references">

				<listBibl/>
			</div>
		</back>
	</text>
</TEI>
