<?xml version="1.0" encoding="UTF-8"?>
<TEI xml:space="preserve" xmlns="http://www.tei-c.org/ns/1.0" 
xmlns:xsi="http://www.w3.org/2001/XMLSchema-instance" 
xsi:schemaLocation="http://www.tei-c.org/ns/1.0 /home/varun/Desktop/NLP/Projects/grobid-0.5.6/grobid-home/schemas/xsd/Grobid.xsd"
 xmlns:xlink="http://www.w3.org/1999/xlink">
	<teiHeader xml:lang="en">
		<fileDesc>
			<titleStmt>
				<title level="a" type="main">Unified Pragmatic Models for Generating and Following Instructions</title>
			</titleStmt>
			<publicationStmt>
				<publisher>Association for Computational Linguistics</publisher>
				<availability status="unknown"><p>Copyright Association for Computational Linguistics</p>
				</availability>
				<date>June 1 -6. 2018. 2018</date>
			</publicationStmt>
			<sourceDesc>
				<biblStruct>
					<analytic>
						<author>
							<persName xmlns="http://www.tei-c.org/ns/1.0"><forename type="first">Daniel</forename><surname>Fried</surname></persName>
							<email>dfried@cs.berkeley.edu</email>
							<affiliation key="aff0">
								<orgName type="department">Computer Science Division</orgName>
								<orgName type="institution">University of California</orgName>
								<address>
									<settlement>Berkeley</settlement>
								</address>
							</affiliation>
						</author>
						<author>
							<persName xmlns="http://www.tei-c.org/ns/1.0"><forename type="first">Jacob</forename><surname>Andreas</surname></persName>
							<affiliation key="aff0">
								<orgName type="department">Computer Science Division</orgName>
								<orgName type="institution">University of California</orgName>
								<address>
									<settlement>Berkeley</settlement>
								</address>
							</affiliation>
						</author>
						<author>
							<persName xmlns="http://www.tei-c.org/ns/1.0"><forename type="first">Dan</forename><surname>Klein</surname></persName>
							<email>klein@cs.berkeley.edu</email>
							<affiliation key="aff0">
								<orgName type="department">Computer Science Division</orgName>
								<orgName type="institution">University of California</orgName>
								<address>
									<settlement>Berkeley</settlement>
								</address>
							</affiliation>
						</author>
						<title level="a" type="main">Unified Pragmatic Models for Generating and Following Instructions</title>
					</analytic>
					<monogr>
						<title level="m">Proceedings of NAACL-HLT 2018</title>
						<meeting>NAACL-HLT 2018 <address><addrLine>New Orleans, Louisiana</addrLine></address>
						</meeting>
						<imprint>
							<publisher>Association for Computational Linguistics</publisher>
							<biblScope unit="page" from="1951" to="1963"/>
							<date type="published">June 1 -6. 2018. 2018</date>
						</imprint>
					</monogr>
				</biblStruct>
			</sourceDesc>
		</fileDesc>

		<encodingDesc>
			<appInfo>
				<application version="0.5.6" ident="GROBID" when="2020-04-20T14:51+0000">
					<ref target="https://github.com/kermitt2/grobid">GROBID - A machine learning software for extracting information from scholarly documents</ref>
				</application>
			</appInfo>
		</encodingDesc>		<profileDesc>
			<abstract>
<div xmlns="http://www.tei-c.org/ns/1.0"><p>We show that explicit pragmatic inference aids in correctly generating and following natural language instructions for complex, sequential tasks. Our pragmatics-enabled models reason about why speakers produce certain instructions, and about how listeners will react upon hearing them. Like previous pragmatic models, we use learned base listener and speaker models to build a pragmatic speaker that uses the base listener to simulate the interpretation of candidate descriptions, and a pragmatic listener that reasons counterfactually about alternative descriptions. We extend these models to tasks with sequential structure. Evaluation of language generation and interpretation shows that pragmatic inference improves state-of-the-art listener models (at correctly interpreting human instructions) and speaker models (at producing instructions correctly interpreted by humans) in diverse settings.</p></div>
			</abstract>
		</profileDesc>
	</teiHeader>
	<text xml:lang="en">
		<body>
<div xmlns="http://www.tei-c.org/ns/1.0"><head n="1">Introduction</head><p>How should speakers and listeners reason about each other when they communicate? A core insight of computational pragmatics is that speaker and listener agents operate within a cooperative game-theoretic context, and that each agent benefits from reasoning about others' intents and actions within that context. Pragmatic inference has been studied by a long line of work in linguistics, natural language processing, and cognitive science. In this paper, we present a technique for layering explicit pragmatic inference on top of models for complex, sequential instruction-following and instruction-generation tasks. We investigate a range of current data sets for both tasks, showing that pragmatic behavior arises naturally from this inference procedure, and gives rise to state-of-theart results in a variety of domains.</p><p>Consider the example shown in <ref type="figure">Figure 1a</ref>, in which a speaker agent must describe a route to  <ref type="figure">Figure 1</ref>: Real samples for the SAIL navigation environments, comparing base models, without explicit pragmatic inference, to the rational pragmatic inference procedure. (a) The rational speaker, which reasons about listener behavior, generates instructions which in this case are more robust to uncertainty about the listener's initial orientation. (b) The base listener moves to an unintended position (even though it correctly passes two objects). The rational listener, which reasons about the speaker, infers that a route ending at the sofa would have been described differently, and stops earlier.</p><p>a target position in a hallway. A conventional learned instruction-generating model produces a truthful description of the route (walk forward four times). But the pragmatic speaker in this paper, which is capable of reasoning about the listener, chooses to also include additional information (the intersection with the bare concrete hall), to reduce potential ambiguity and increase the odds that the listener reaches the correct destination.</p><p>This same reasoning procedure also allows a listener agent to overcome ambiguity in instructions by reasoning counterfactually about the speaker <ref type="figure">(Figure 1b)</ref>. Given the command walk along the blue carpet and you pass two objects, a conven-tional learned instruction-following model is willing to consider all paths that pass two objects, and ultimately arrives at an unintended final position. But a pragmatic listener that reasons about the speaker can infer that the long path would have been more easily described as go to the sofa, and thus that the shorter path is probably intended. In these two examples, which are produced by the system we describe in this paper, a unified reasoning process (choose the output sequence which is most preferred by an embedded model of the other agent) produces pragmatic behavior for both speakers and listeners.</p><p>The application of models with explicit pragmatic reasoning abilities has so far been largely restricted to simple reference games, in which the listener's only task is to select the right item from among a small set of candidate referents given a single short utterance from the speaker. But as the example shows, there are real-world instruction following and generation tasks with rich action spaces that might also benefit from pragmatic modeling. Moreover, approaches that learn to map directly between human-annotated instructions and action sequences are ultimately limited by the effectiveness of the humans themselves. The promise of pragmatic modeling is that we can use these same annotations to build a model with a different (and perhaps even better) mechanism for interpreting and generating instructions.</p><p>The primary contribution of this work is to show how existing models of pragmatic reasoning can be extended to support instruction following and generation for challenging, multi-step, interactive tasks. Our experimental evaluation focuses on four instruction-following domains which have been studied using both semantic parsers and attentional neural models. We investigate the interrelated tasks of instruction following and instruction generation, and show that incorporating an explicit model of pragmatics helps in both cases. Reasoning about the human listener allows a speaker model to produce instructions that are easier for humans to interpret correctly in all domains (with absolute gains in accuracy ranging from 12% to 46%). Similarly, reasoning about the human speaker improves the accuracy of the listener models in interpreting instructions in most domains (with gains in accuracy of up to 10%). In all cases, the resulting systems are competitive with, and in many cases exceed, results from past state-of-the-art systems for these tasks. 1</p></div>
<div xmlns="http://www.tei-c.org/ns/1.0"><head n="2">Problem Formulation</head><p>Consider the instruction following and instruction generation tasks shown in <ref type="figure">Figure 1</ref>, where an agent must produce or interpret instructions about a structured world context (e.g. walk along the blue carpet and you pass two objects).</p><p>In the instruction following task, a listener agent begins in a world state (in <ref type="figure">Figure 1</ref> an initial map location and orientation). The agent is then tasked with following a sequence of direction sentences d 1 . . . d K produced by humans. At each time t the agent receives a percept y t , which is a feature-based representation of the current world state, and chooses an action a t (e.g. move forward, or turn). The agent succeeds if it is able to reach the correct final state described by the directions.</p><p>In the instruction generation task, the agent receives a sequence of actions a 1 , · · · a T along with the world state y 1 , · · · y T at each action, and must generate a sequence of direction sentences d 1 , . . . d K describing the actions. The agent succeeds if a human listener is able to correctly follow those directions to the intended final state.</p><p>We evaluate models for both tasks in four domains. The first domain is the SAIL corpus of virtual environments and navigational directions <ref type="bibr" target="#b32">(MacMahon et al., 2006;</ref><ref type="bibr" target="#b10">Chen and Mooney, 2011)</ref>, where an agent navigates through a twodimensional grid of hallways with patterned walls and floors and a discrete set of objects ( <ref type="figure">Figure 1</ref> shows a portion of one of these hallways).</p><p>In the three SCONE domains <ref type="bibr" target="#b29">(Long et al., 2016)</ref>, the world contains a number of objects with various properties, such as colored beakers which an agent can combine, drain, and mix. Instructions describe how these objects should be manipulated. These domains were designed to elicit instructions with a variety of context-dependent language phenomena, including ellipsis and coreference <ref type="bibr" target="#b29">(Long et al., 2016)</ref> which we might expect a model of pragmatics to help resolve <ref type="bibr" target="#b38">(Potts, 2011)</ref>.</p></div>
<div xmlns="http://www.tei-c.org/ns/1.0"><head n="3">Related Work</head><p>The approach in this paper builds upon long lines of work in pragmatic modeling, instruction following, and instruction generation.</p><p>Pragmatics Our approach to pragmatics <ref type="bibr" target="#b20">(Grice, 1975)</ref> belongs to a general category of rational speech acts models <ref type="bibr" target="#b13">(Frank and Goodman, 2012)</ref>, in which the interaction between speakers and listeners is modeled as a probabilistic process with Bayesian actors <ref type="bibr" target="#b18">(Goodman and Stuhlmüller, 2013)</ref>. Alternative formulations (e.g. with bestresponse rather than probabilistic dynamics) are also possible <ref type="bibr" target="#b17">(Golland et al., 2010)</ref>. Inference in these models is challenging even when the space of listener actions is extremely simple <ref type="bibr" target="#b39">(Smith et al., 2013)</ref>, and one of our goals in the present work is to show how this inference problem can be solved even in much richer action spaces than previously considered in computational pragmatics. This family of pragmatic models captures a number of important linguistic phenomena, especially those involving conversational implicature (Monroe and <ref type="bibr" target="#b36">Potts, 2015)</ref>; we note that many other topics studied under the broad heading of "pragmatics," including presupposition and indexicality, require different machinery. <ref type="bibr" target="#b45">Williams et al. (2015)</ref> use pragmatic reasoning with weighted inference rules to resolve ambiguity and generate clarification requests in a humanrobot dialog task. Other recent work on pragmatic models focuses on the referring expression generation or "contrastive captioning" task introduced by <ref type="bibr" target="#b23">Kazemzadeh et al. (2014)</ref>. In this family are approaches that model the listener at training time <ref type="bibr" target="#b33">(Mao et al., 2016)</ref>, at evaluation time <ref type="bibr" target="#b2">(Andreas and Klein, 2016;</ref><ref type="bibr" target="#b35">Monroe et al., 2017;</ref><ref type="bibr" target="#b43">Vedantam et al., 2017;</ref><ref type="bibr" target="#b41">Su et al., 2017)</ref> or both <ref type="bibr" target="#b47">(Yu et al., 2017b;</ref><ref type="bibr" target="#b31">Luo and Shakhnarovich, 2017)</ref>.</p><p>Other conditional sequence rescoring models that are structurally similar but motivated by concerns other than pragmatics include <ref type="bibr" target="#b28">Li et al. (2016)</ref> and <ref type="bibr" target="#b46">Yu et al. (2017a)</ref>. <ref type="bibr" target="#b27">Lewis et al. (2017)</ref> perform a similar inference procedure for a competitive negotiation task. The language learning model of <ref type="bibr" target="#b44">Wang et al. (2016)</ref> also features a structured output space and uses pragmatics to improve online predictions for a semantic parsing model. Our approach in this paper performs both generation and interpretation, and investigates both structured and unstructured output representations.</p><p>Instruction following Work on instruction following tasks includes models that parse commands into structured representations processed by a rich execution model <ref type="bibr" target="#b42">(Tellex et al., 2011;</ref><ref type="bibr" target="#b9">Chen, 2012;</ref><ref type="bibr" target="#b4">Artzi and Zettlemoyer, 2013;</ref><ref type="bibr" target="#b21">Guu et al., 2017)</ref>, and models that map directly from instructions to a policy over primitive actions <ref type="bibr" target="#b7">(Branavan et al., 2009)</ref>, possibly mediated by an intermediate alignment or attention variable <ref type="bibr" target="#b1">(Andreas and Klein, 2015;</ref><ref type="bibr" target="#b34">Mei et al., 2016)</ref>. We use a model similar to <ref type="bibr" target="#b34">Mei et al. (2016)</ref> as our base listener in this paper, evaluating on the SAIL navigation task <ref type="bibr" target="#b32">(MacMahon et al., 2006)</ref> as they did, as well as the SCONE context-dependent execution domains <ref type="bibr" target="#b29">(Long et al., 2016)</ref>.</p><p>Instruction generation Previous work has also investigated the instruction generation task, in particular for navigational directions. The GIVE shared tasks <ref type="bibr" target="#b8">(Byron et al., 2009;</ref><ref type="bibr" target="#b25">Koller et al., 2010;</ref><ref type="bibr" target="#b40">Striegnitz et al., 2011)</ref> have produced a large number of interactive direction-giving systems, both rule-based and learned. The work most immediately related to the generation task in this paper is that of <ref type="bibr" target="#b12">Daniele et al. (2017)</ref>, which also focuses on the SAIL dataset but requires substantial additional structured annotation for training, while both our base and pragmatic speaker models learn directly from strings and action sequences.</p><p>Older work has studied the properties of effective human strategies for generating navigational directions <ref type="bibr" target="#b0">(Anderson et al., 1991)</ref>. Instructions of this kind can be used to extract templates for generation <ref type="bibr" target="#b30">(Look, 2008;</ref><ref type="bibr" target="#b11">Dale et al., 2005)</ref>, while here we focus on the more challenging problem of learning to generate new instructions from scratch. Like our pragmatic speaker model, <ref type="bibr" target="#b16">Goeddel and Olson (2012)</ref> also reason about listener behavior when generating navigational instructions, but rely on rule-based models for interpretation.</p></div>
<div xmlns="http://www.tei-c.org/ns/1.0"><head n="4">Pragmatic inference procedure</head><p>As a foundation for pragmatic inference, we assume that we have base listener and speaker models to map directions to actions and vice-versa. (Our notation for referring to models is adapted from <ref type="bibr" target="#b6">Bergen et al. (2016)</ref>.) The base listener, L 0 , produces a probability distribution over sequences of actions, conditioned on a representation of the directions and environment as seen before each action: P L 0 (a 1:T |d 1:K , y 1:T ). Similarly, the base speaker, S 0 , defines a distribution over possible descriptions conditioned on a representation of the actions and environment: P S 0 (d 1:K |a 1:T , y 1:T ).</p><p>Our pragmatic inference procedure requires these base models to produce candidate outputs from a given input (actions from descriptions, for  <ref type="figure">Figure 2</ref>: (a) Rational pragmatic models embed base listeners and speakers. Potential candidate sequences are drawn from one base model, and then the other scores each candidate to simulate whether it produces the desired pragmatic behavior. (b) The base listener and speaker are neural sequence-to-sequence models which are largely symmetric to each other. Each produces a representation of its input sequence (a description, for the listener; actions with associated environmental percepts, for the listener) using an LSTM encoder. The output sequence is generated by an LSTM decoder attending to the input. the listener; descriptions from actions, for the speaker), and calculate the probability of a fixed output given an input, but is otherwise agnostic to the form of the models. We use standard sequence-to-sequence models with attention for both the base listener and speaker (described in Section 5). Our models use segmented action sequences, with one segment (sub-sequence of actions) aligned with each description sentence d j , for all j ∈ {1 . . . K}. This segmentation is either given as part of the training and testing data (in the instruction following task for the SAIL domain, and in both tasks for the SCONE domain, where each sentence corresponds to a single action), or is predicted by a separate segmentation model (in the generation task for the SAIL domain), see Section 5.</p></div>
<div xmlns="http://www.tei-c.org/ns/1.0"><head n="4.1">Models</head><p>Using these base models as self-contained modules, we derive a rational speaker and rational listener that perform inference using embedded instances of these base models <ref type="figure">(Figure 2a)</ref>. When describing an action sequence, a rational speaker S 1 chooses a description that has a high chance of causing the listener modeled by L 0 to follow the given actions:</p><p>S 1 (a 1:T ) = argmax d 1:K P L 0 (a 1:T |d 1:K , y 1:T ) (1) (noting that, in all settings we explore here, the percepts y 1:T are completely determined by the actions a 1:T ). Conversely, a rational listener L 1 follows a description by choosing an action sequence which has high probability of having caused the speaker, modeled by S 0 , to produce the description:</p><formula xml:id="formula_0">L 1 (d 1:K ) = argmax a 1:T P S 0 (d 1:K |a 1:T , y 1:T )<label>(2)</label></formula><p>These optimization problems are intractable to solve for general base listener and speaker agents, including the sequence-to-sequence models we use, as they involve choosing an input (from a combinatorially large space of possible sequences) to maximize the probability of a fixed output sequence. We instead follow a simple approximate inference procedure, detailed in Section 4.2.</p><p>We consider also incorporating the scores of the base model used to produce the candidates. For the case of the speaker, we define a combined rational speaker, denoted S 0 · S 1 , that selects the candidate that maximizes a weighted product of probabilities under both the base listener and the base speaker:</p><formula xml:id="formula_1">argmax d 1:K P L 0 (a 1:T |d 1:K , y 1:T ) λ × P S 0 (d 1:K |a 1:T , y 1:T ) 1−λ (3) for a fixed interpolation hyperparameter λ ∈ [0, 1].</formula><p>There are several motivations for this combination with the base speaker score. First, as argued by <ref type="bibr" target="#b35">Monroe et al. (2017)</ref>, we would expect varying degrees of base and reasoned interpretation in human speech acts. Second, we want the descriptions produced by the model to be fluent descriptions of the actions. Since the base models are trained discriminatively, maximizing the probability of an output sequence for a fixed input sequence, their scoring behaviors for fixed outputs paired with inputs dissimilar to those seen in the training set may be poorly calibrated (for example when conditioning on ungrammatical descriptions). Incorporating the scores of the base model used to produce the candidates aims to prevent this behavior.</p><p>To define rational listeners, we use the symmetric formulation: first, draw candidate action sequences from L 0 . For L 1 , choose the actions that achieve the highest probability under S 0 ; and for the combination model L 0 · L 1 choose the actions with the highest weighted combination of S 0 and L 0 (paralleling equation 3).</p></div>
<div xmlns="http://www.tei-c.org/ns/1.0"><head n="4.2">Inference</head><p>As in past work <ref type="bibr" target="#b39">(Smith et al., 2013;</ref><ref type="bibr" target="#b2">Andreas and Klein, 2016;</ref><ref type="bibr" target="#b35">Monroe et al., 2017)</ref>, we approximate the optimization problems in equations 1, 2, and 3: use the base models to generate candidates, and rescore them to find ones that are likely to produce the desired behavior.</p><p>In the case of the rational speaker S 1 , we use the base speaker S 0 to produce a set of n candidate descriptions w (1) 1:K 1 . . . w (n) 1:Kn for the sequences a 1:T , y 1:T , using beam search. We then find the score of each description under P L 0 (using it as the input sequence for the observed output actions we want the rational speaker to describe), or a weighted combination of P L 0 and the original candidate score P S 0 , and choose the description w (j) 1:K j with the largest score, approximately solving the maximizations in equations 1 or 3, respectively. We perform a symmetric procedure for the rational listener: produce action sequence candidates from the base listener, and rescore them using the base speaker. <ref type="bibr">2</ref> As the rational speaker must produce long output sequences (with multiple sentences), we interleave the speaker and listener in inference, determining each output sentence sequentially. From a list of candidate direction sentences from the base speaker for the current subsequence of actions, we choose the top-scoring direction under the listener model (which may also condition on the directions which have been output previously), and then 2 We use ensembles of models for the base listener and speaker (subsection 5.3), and to obtain candidates that are high-scoring under the combination of models in the ensemble, we perform standard beam search using all models in lock-step. At every timestep of the beam search, each possible extension of an output sequence is scored using the product of the extension's conditional probabilities across all models in the ensemble. move on to the next subsequence of actions. 3</p></div>
<div xmlns="http://www.tei-c.org/ns/1.0"><head n="5">Base model details</head><p>Given this framework, all that remains is to describe the base models L 0 and S 0 . We implement these as sequence-to-sequence models that map directions to actions (for the listener) or actions to directions (for the speaker), additionally conditioning on the world state at each timestep.</p></div>
<div xmlns="http://www.tei-c.org/ns/1.0"><head n="5.1">Base listener</head><p>Our base listener model, L 0 , predicts action sequences conditioned on an encoded representation of the directions and the current world state. In the SAIL domain, this is the model of <ref type="bibr" target="#b34">Mei et al. (2016)</ref> (illustrated in green in <ref type="figure">Figure 2b</ref> for a single sentence and its associated actions), see "domain specifics" below.</p><p>Encoder Each direction sentence is encoded separately with a bidirectional LSTM (Hochreiter and Schmidhuber, 1997); the LSTM's hidden states are reset for each sentence. We obtain a representation h e k for the kth word in the current sentence by concatenating an embedding for the word with its forward and backward LSTM outputs.</p><p>Decoder We generate actions incrementally using an LSTM decoder with monotonic alignment between the direction sentences and subsequences of actions; at each timestep the decoder predicts the next action for the current sentence w 1:M (including choosing to shift to the next sentence). The decoder takes as input at timestep t the current world state, y t and a representation z t of the current sentence, updates the decoder state h d , and outputs a distribution over possible actions:</p><formula xml:id="formula_2">h d t = LSTM d (h d t−1 , [W y y t , z t ]) q t = W o (W y y t + W h h d t + W z z t ) p(a t | a 1:t−1 , y 1:t , w 1:M ) ∝ exp(q t )</formula><p>where all weight matrices W are learned parameters. The sentence representation z t is produced using an attention mechanism <ref type="bibr" target="#b5">(Bahdanau et al., 2015)</ref> over the representation vectors h e 1 . . . h e M for words in the current sentence:</p><formula xml:id="formula_3">α t,k ∝ exp(v · tanh(W d h d t−1 + W e h e k )) z t = M k=1 α t,k h e k</formula><p>where the attention weights α t,k are normalized to sum to one across positions k in the input, and weight matrices W and vector v are learned.</p><p>Domain specifics For SAIL, we use the alignments between sentences and route segments annotated by Chen and Mooney <ref type="formula" target="#formula_0">(2011)</ref>, which were also used in previous work <ref type="bibr" target="#b4">(Artzi and Zettlemoyer, 2013;</ref><ref type="bibr" target="#b3">Artzi et al., 2014;</ref><ref type="bibr" target="#b34">Mei et al., 2016)</ref>. Following <ref type="bibr" target="#b34">Mei et al. (2016)</ref>, we reset the decoder's hidden state for each sentence.</p><p>In the SCONE domains, which have a larger space of possible outputs than SAIL, we extend the decoder by: (i) decomposing each action into an action type and arguments for it, (ii) using separate attention mechanisms for types and arguments and (iii) using state-dependent action embeddings. See Appendix A in the supplemental material for details. The SCONE domains are constructed so that each sentence corresponds to a single (nondecomposed) action; this provides our segmentation of the action sequence.</p></div>
<div xmlns="http://www.tei-c.org/ns/1.0"><head n="5.2">Base speaker</head><p>While previous work <ref type="bibr" target="#b12">(Daniele et al., 2017)</ref> has relied on more structured approaches, we construct our base speaker model S 0 using largely the same sequence-to-sequence machinery as above. S 0 (illustrated in orange in <ref type="figure">Figure 2b</ref>) encodes a sequence of actions and world states, and then uses a decoder to output a description.</p><p>Encoder We encode the sequence of vector embeddings for the actions a t and world states y t using a bidirectional LSTM. Similar to the base listener's encoder, we then obtain a representation h e t for timestep t by concatenating a t and y t with the LSTM outputs at that position.</p><p>Decoder As in the listener, we use an LSTM decoder with monotonic alignment between direction sentences and subsequences of actions, and attention over the subsequences of actions. The decoder takes as input at position k an embedding for the previously generated word w k−1 and a representation z k of the current subsequence of actions and world states, and produces a distribution over words (including ending the description for the current subsequence and advancing to the next). The decoder's output distribution is produced by:</p><formula xml:id="formula_4">h d k = LSTM d (h d k−1 , [w k−1 , z k ]) q k = W h h d k + W z z k p(w k | w 1:k−1 , a 1:T , y 1:T ) ∝ exp(q k )</formula><p>where all weight matrices W are learned parameters. 4 As in the base listener, the input representation z k is produced by attending to the vectors h e 1 . . . h e T encoding the input sequence (here, encoding the subsequence of actions and world states to be described):</p><formula xml:id="formula_5">α k,t ∝ exp(v · tanh(W d h d k−1 + W e h e t )) z k = T t=1 α k,t h e t</formula><p>The decoder's LSTM state is reset at the beginning of each sentence.</p><p>Domain specifics In SAIL, for comparison to the generation system of <ref type="bibr" target="#b12">Daniele et al. (2017)</ref> which did not use segmented routes, we train a route segmenter for use at test time. We also represent routes using a collapsed representation of action sequences. In the SCONE domains, we (i) use the same context-dependent action embeddings used in the listener, and (ii) don't require an attention mechanism, since only a single action is used to produce a given sentence within the sequence of direction sentences. See Appendix A for more details.</p></div>
<div xmlns="http://www.tei-c.org/ns/1.0"><head n="5.3">Training</head><p>The base listener and speaker models are trained independently to maximize the conditional likelihoods of the actions-directions pairs in the training sets. See Appendix A for details on the optimization, LSTM variant, and hyperparameters. We use ensembles for the base listener L 0 and base speaker S 0 , where each ensemble consists of 10 models trained from separate random parameter initializations. This follows the experimental setup of <ref type="bibr" target="#b34">Mei et al. (2016)</ref> for the SAIL base listener.  <ref type="table">Table 1</ref>: Instruction-following results on the SAIL dataset. The table shows cross-validation test accuracy for the base listener (L 0 ) and pragmatic listeners (L 0 · L 1 ), along with the gain given by pragmatics. We report results for the single-and multisentence conditions, under the relative and absolute starting conditions 5 , comparing to the best-performing prior work by <ref type="bibr" target="#b4">Artzi and Zettlemoyer (2013)</ref>  </p></div>
<div xmlns="http://www.tei-c.org/ns/1.0"><head n="6">Experiments</head><p>We evaluate speaker and listener agents on both the instruction following and instruction generation tasks in the SAIL domain and three SCONE domains (Section 2). For all domains, we compare the rational listener and speaker against the base listener and speaker, as well as against past state-of-the-art results for each task and domain. Finally, we examine pragmatic inference from a model combination perspective, comparing the pragmatic reranking procedure to ensembles of a larger number of base speakers or listeners.</p><p>For all experiments, we use beam search both to generate candidate lists for the rational systems (section 4.2) and to generate the base model's output. We fix the beam size n to be the same in both the base and rational systems, using n = 20 for the speakers and n = 40 for the listeners. We tune the weight λ in the combined rational agents (L 0 · L 1 or S 0 · S 1 ) to maximize accuracy (for listener models) or BLEU (for speaker models) on each domain's development data.</p></div>
<div xmlns="http://www.tei-c.org/ns/1.0"><head n="6.1">Instruction following</head><p>We evaluate our listener models by their accuracy in carrying out human instructions: whether the systems were able to reach the final world state which the human was tasked with guiding them to.</p><p>SAIL We follow standard cross-validation evaluation for the instruction following task on the SAIL dataset <ref type="bibr" target="#b4">(Artzi and Zettlemoyer, 2013;</ref><ref type="bibr">Artzi listener</ref>     <ref type="table">Table 1</ref> shows improvements over the base listener L 0 when using the rational listener L 0 · L 1 in the single-and multi-sentence settings. We also report the best accuracies from past work. We see that the largest relative gains come in the multi-sentence setting, where handling ambiguity is potentially more important to avoid compounding errors. The rational model improves on the published results of <ref type="bibr" target="#b34">Mei et al. (2016)</ref>, and while it is still below the systems of <ref type="bibr" target="#b4">Artzi and Zettlemoyer (2013)</ref> and <ref type="bibr" target="#b3">Artzi et al. (2014)</ref>, which use additional supervision in the form of hand-annotated seed lexicons and logical domain representations, it approaches their results in the single-sentence setting.  (with no intermediate actions between start and end world states) on a subset of the full SCONE training data. We use the full training set, and to use a model and training procedure consistent with the SAIL setting, train listener and speaker models using the intermediate actions as supervision as well. <ref type="bibr">6</ref> The evaluation method and test data are the same as in past work on SCONE: models are provided with an initial world state and a sequence of 5 instructions to carry out, and are evaluated on their accuracy in reaching the intended final world state.</p></div>
<div xmlns="http://www.tei-c.org/ns/1.0"><head>SCONE</head><p>Results are reported in <ref type="table" target="#tab_2">Table 2</ref>. We see gains from the rational system L 0 · L 1 in both the Alchemy and Scene domains. The pragmatic inference procedure allows correcting errors or overly-literal interpretations from the base listener. An example is shown in <ref type="figure" target="#fig_3">Figure 3</ref>. The base listener (left) interprets then to orange's other side incorrectly, while the rational listener discounts this interpretation (it could, for example, be better described by to the left of blue) and produces the action the descriptions were meant to describe (right). To the extent that human annotators already account for pragmatic effects when generating instructions, examples like these suggest that our model's explicit reasoning is able to capture interpretation behavior that the base sequence-tosequence listener model is unable to model.</p></div>
<div xmlns="http://www.tei-c.org/ns/1.0"><head n="6.2">Instruction generation</head><p>As our primary evaluation for the instruction generation task, we had Mechanical Turk workers carry out directions produced by the speaker mod-6 Since the pragmatic inference procedure we use is agnostic to the models' training method, it could also be applied to the models of <ref type="bibr" target="#b21">Guu et al. (2017)</ref>; however we find that pragmatic inference can improve even upon our stronger base listener models.  <ref type="table">Table 4</ref>: Gains in how easy the directions are to follow are not always associated with a gain in BLEU. This table shows corpus-level 4-gram BLEU comparing outputs of the speaker systems to human-produced directions on the SAIL dataset and SCONE domains, compared to gains in accuracy when asking humans to carry out a sample of the systems' directions (see <ref type="table" target="#tab_4">Table 3</ref>). els (and by other humans) in a simulated version of each domain. For SAIL, we use the simulator released by <ref type="bibr" target="#b12">Daniele et al. (2017)</ref> which was used in their human evaluation results, and we construct simulators for the three SCONE domains. In all settings, we take a sample of 50 action sequences from the domain's test set (using the same sample as <ref type="bibr" target="#b12">Daniele et al. (2017)</ref> for SAIL), and have three separate Turk workers attempt to follow the systems' directions for the action sequence. <ref type="table" target="#tab_4">Table 3</ref> gives the average accuracy of subjects in reaching the intended final world state across all sampled test instances, for each domain. The "human-generated" row reports subjects' accuracy at following the datasets' reference directions. The directions produced by the base speaker S 0 are often much harder to follow than those produced by humans (e.g. 29.3% of S 0 's directions are correctly interpretable for Alchemy, vs. 83.3% of human directions). However, we see substantial gains from the rational speaker S 0 · S 1 over S 0 in all cases (with absolute gains in accuracy ranging from 12.4% to 46.0%), and the average accuracy of humans at following the rational speaker's directions is substantially higher than for humanproduced directions in the Tangrams domain. In the SAIL evaluation, we also include the directions produced by the system of <ref type="bibr">Daniele et al. (2017) (DBW)</ref>, and find that the rational speaker's directions are followable to comparable accuracy.</p><p>We also compare the directions produced by the systems to the reference instructions given by humans in the dataset, using 4-gram BLEU 7 (Pap-human take away the last item undo the last step</p></div>
<div xmlns="http://www.tei-c.org/ns/1.0"><head>S0</head><p>remove the last figure add it back S0 · S1 remove the last figure add it back in the 3rd position <ref type="figure">Figure 4</ref>: Descriptions produced for a partial action sequence in the Tangrams domain. Neither the human nor base speaker S 0 correctly specifies where to add the shape in the second step, while the rational speaker S 0 · S 1 does. <ref type="bibr">ineni et al., 2002)</ref> in <ref type="table">Table 4</ref>. Consistent with past work (Krahmer and Theune, 2010), we find that BLEU score is a poor indicator of whether the directions can be correctly followed. Qualitatively, the rational inference procedure is most successful in fixing ambiguities in the base speaker model's descriptions. <ref type="figure">Figure 4</ref> gives a typical example of this for the last few timesteps from a Tangrams instance. The base speaker correctly describes that the shape should be added back, but does not specify where to add it, which could lead a listener to add it in the same position it was deleted. The human speaker also makes this mistake in their description. This speaks to the difficulty of describing complex actions pragmatically even for humans in the Tangrams domain. The ability of the pragmatic speaker to produce directions that are easier to follow than humans' in this domain <ref type="table" target="#tab_4">(Table 3)</ref> shows that the pragmatic model can generate something different (and in some cases better) than the training data.</p></div>
<div xmlns="http://www.tei-c.org/ns/1.0"><head n="6.3">Pragmatics as model combination</head><p>Finally, our rational models can be viewed as pragmatically-motivated model combinations, producing candidates using base listener or speaker models and reranking using a combination of scores from both. We want to verify that a rational listener using n ensembled base listeners and n base speakers outperforms a simple ensemble of 2n base listeners (and similarly for the rational speaker).</p><p>Fixing the total number of models to 20 in each listener experiment, we find that the rational listener (using an ensemble of 10 base listener models and 10 base speaker models) still substantially outperforms the ensembled base listener (using 20 base listener models): accuracy gains are 68.5 → 71.6%, 70.1 → 72.0%, 71.9 → 72.7%, and 69.1 → 69.6% for SAIL single-sentence Rel, Alchemy, Scene, and Tangrams, respectively. For the speaker experiments, fixing the total number of models to 10 (since inference in the speaker models is more expensive than in the follower models), we find similar gains as well: the rational speaker improves human accuracy at following the generated instructions from 61.9 → 73.4%, 30.7 → 74.7%, 32.0 → 66.0%, 58.7 → 92.7%, for SAIL, Alchemy, Scene, and Tangrams, respectively. 8</p></div>
<div xmlns="http://www.tei-c.org/ns/1.0"><head n="7">Conclusion</head><p>We have demonstrated that a simple procedure for pragmatic inference, with a unified treatment for speakers and listeners, obtains improvements for instruction following as well as instruction generation in multiple settings. The inference procedure is capable of reasoning about sequential, interdependent actions in non-trivial world contexts. We find that pragmatics improves upon the performance of the base models for both tasks, in most cases substantially. While this is perhaps unsurprising for the generation task, which has been discussed from a pragmatic perspective in a variety of recent work in NLP, it is encouraging that pragmatic reasoning can also improve performance for a grounded listening task with sequential, structured output spaces.   <ref type="table">Table 6</ref>: Hyperparameters for the base listener (L 0 ) and speaker (S 0 ) models. The SCONE speakers do not use an attention mechanism.</p><p>perform early stopping using the evaluation metric (accuracy for the listener and BLEU score for the speaker) on the development set.</p></div>
<div xmlns="http://www.tei-c.org/ns/1.0"><head>A.5 Computing BLEU for SAIL</head><p>To compute BLEU in the SAIL experiments, as the speaker models may choose produce a different number of sentences for each route than in the true description, we obtain a single sequence of words from a multi-sentence description produced for a route by concatenating the sentences, separated by end-of-sentence tokens. We then calculate corpus-level 4-gram BLEU between all these sequences in the test set and the true multisentence descriptions (concatenated in the same way).</p></div><figure xmlns="http://www.tei-c.org/ns/1.0" xml:id="fig_0"><head></head><label></label><figDesc>four segments to the intersection with the bare concrete hall (b) Instruction walk along the blue carpet and you pass two objects</figDesc></figure>
<figure xmlns="http://www.tei-c.org/ns/1.0" xml:id="fig_2"><head></head><label></label><figDesc>(AZ), Artzi et al. (2014) (ADP), and Mei et al. (2016) (MBW). Bold numbers show new state-of-the-art results.</figDesc></figure>
<figure xmlns="http://www.tei-c.org/ns/1.0" xml:id="fig_3"><head>Figure 3 :</head><label>3</label><figDesc>Action traces produced for a partial instruction sequence (two instructions out of five) in the Scene domain. The base listener moves the red figure to a position that is a marginal, but valid, interpretation of the directions. The rational listener correctly produces the action sequence the directions were intended todescribe.   et al., 2014;<ref type="bibr" target="#b34">Mei et al., 2016)</ref>. 5</figDesc></figure>
<figure xmlns="http://www.tei-c.org/ns/1.0" type="table" xml:id="tab_2" validated="false"><head>Table 2 :</head><label>2</label><figDesc></figDesc><table>Instruction-following results in the SCONE 
domains. The table shows accuracy on the test set. For 
reference, we also show prior results from Guu et al. 
(2017) (GPLL), although our models use more super-
vision at training time. 

a red guy appears on the far left 
then to orange's other side 

base listener, L0 
rational listener, L0 · L1 

</table></figure>
<figure xmlns="http://www.tei-c.org/ns/1.0" type="table" xml:id="tab_4" validated="false"><head>Table 3 :</head><label>3</label><figDesc></figDesc><table>Instruction generation results. We report the 
accuracies of human evaluators at following the outputs 
of the speaker systems (as well as other humans) on 50-
instance samples from the SAIL dataset and SCONE 
domains. DBW is the system of Daniele et al. (2017). 
Bold numbers are new state-of-the-art results. 

</table></figure>
<figure xmlns="http://www.tei-c.org/ns/1.0" type="table" xml:id="tab_6" validated="false"><head></head><label></label><figDesc>POUR source i, target j contents of i and j DRAIN amount a, source i a, contents of iScene ENTER color c, source i people at i − 1 and i + 1 EXIT source i people at i, i − 1, i + 1 MOVE source i, target j people at i, j − 1, j + 1 SWITCH source i, target jpeople at i and j TAKEHAT source i, target j people at i and j</figDesc><table>type 

arguments 
contextual embedding 

Alchemy 
MIX 
source i 
contents of i 
Tangrams 
REMOVE position i 
-
SWAP 
positions i and j 
-

INSERT 
position i, shape s 
index of step when s 
was removed 

</table></figure>
<figure xmlns="http://www.tei-c.org/ns/1.0" type="table" xml:id="tab_7" validated="false"><head>Table 5 :</head><label>5</label><figDesc>Action types, arguments, and elements of the world state or action history that are extracted to produce contextual action embeddings.</figDesc><table>dropout hidden attention 
model domain 
rate 
dim 
dim 

L0 
SAIL 
0.25 
100 
100 
L0 
Alchemy 
0.1 
50 
50 
L0 
Scene 
0.1 
100 
100 
L0 
Tangrams 
0.3 
50 
100 

S0 
SAIL 
0.25 
100 
100 
S0 
Alchemy 
0.3 
100 
-
S0 
Scene 
0.3 
100 
-
S0 
Tangrams 
0.3 
50 
-

</table></figure>
			<note xmlns="http://www.tei-c.org/ns/1.0" place="foot" n="1">Source code is available at http://github.com/ dpfried/pragmatic-instructions</note>
			<note xmlns="http://www.tei-c.org/ns/1.0" place="foot" n="3">We also experimented with sampling from the base models to produce these candidate lists, as was done in previous work<ref type="bibr" target="#b2">(Andreas and Klein, 2016;</ref><ref type="bibr" target="#b35">Monroe et al., 2017)</ref>. In early experiments, however, we found better performance with beam search in the rational models for all tasks.</note>
			<note xmlns="http://www.tei-c.org/ns/1.0" place="foot" n="4">All parameters are distinct from those used in the base listener; the listener and speaker are trained separately.</note>
			<note xmlns="http://www.tei-c.org/ns/1.0" place="foot" n="5">Past work has differed in the handling of undetermined orientations in the routes, which occur in the first state for multi-sentence routes and the first segment of their corresponding single-sentence routes. For comparison to both types of past work, we train and evaluate listeners in two settings: Abs, which sets these undetermined starting orientations to be a fixed absolute orientation, and Rel, where an undetermined starting orientation is set to be a 90 degree rotation from the next state in the true route.</note>
			<note xmlns="http://www.tei-c.org/ns/1.0" place="foot" n="7">See Appendix A for details on evaluating BLEU in the SAIL setting, where there may be a different number of reference and predicted sentences for a given example.</note>
			<note xmlns="http://www.tei-c.org/ns/1.0" place="foot" n="8">The accuracies for the base speakers are slightly different than inTable 3, despite being produced by the same systems, since we reran experiments to control as much as possible for time variation in the pool of Mechanical Turk workers.</note>
		</body>
		<back>

			<div type="acknowledgement">
<div xmlns="http://www.tei-c.org/ns/1.0"><head>Acknowledgments</head><p>We are grateful to Andrea Daniele for sharing the SAIL simulator and their system's outputs, to Hongyuan Mei for help with the dataset, and to Tom Griffiths and Chris Potts for helpful comments and discussion. This work was supported by DARPA through the Explainable Artificial Intelligence (XAI) program. DF is supported by a Huawei / Berkeley AI fellowship. JA is supported by a Facebook graduate fellowship.</p></div>
			</div>

			<div type="annex">
<div xmlns="http://www.tei-c.org/ns/1.0"><head>A Supplemental Material</head></div>
<div xmlns="http://www.tei-c.org/ns/1.0"><head>A.1 SCONE listener details</head><p>We factor action production in each of the three SCONE domains, separately predicting the action type and the arguments specific to that action type. Action types and arguments are listed in the first two columns of <ref type="table">Table 5</ref>. For example, Alchemy's actions involve predicting the action type, a potential source beaker index i and target beaker index j, and potential amount to drain a. All factors of the action (the type and options for each argument) are predicted using separate attention mechanisms, which produce a vector q f giving unnormalized scores for factor f (e.g. scoring each possible type, or each possible choice for the argument).</p><p>We also obtain state-specific embeddings of actions, to make it easier for the model to learn relevant features from the state embeddings (e.g. rather than needing to learn to select the region of the state vector corresponding to the 5th beaker in the action MIX(5) in Alchemy, this action's contextual embedding encodes the current content of the 5th beaker). We incorporate these statespecific embeddings into computation of the action probabilities using a bilinear bonus score:</p><p>where q is the concatenation of all q f factor scoring vectors, and W qa and w a are a learned parameter matrix and vector, respectively. This bonus score b(a) for each action is added to the un-normalized score for the corresponding action a (computed by summing the entries of the q f vectors which correspond to the factored action components), and the normalized output distribution is then produced using a softmax over all valid actions.</p></div>
<div xmlns="http://www.tei-c.org/ns/1.0"><head>A.2 SAIL speaker details</head><p>Since our speaker model operates on segmented action sequences, we train a route segmenter on the training data and then predict segmentations for the test data. This provides a closer comparison to the generation system of <ref type="bibr" target="#b12">Daniele et al. (2017)</ref> which did not use segmented routes. The route segmenter runs a bidirectional LSTM over the concatenated state and action embeddings (as in the speaker encoder), then uses a logistic output layer to classify whether the route should be split at each possible timestep. We also collapse consecutive sequences of forward movement actions into single actions (e.g. MOVE4 representing four consecutive forward movements), which we found helped prevent counting errors (such as outputting move forward three when the correct route moved forward four steps).</p></div>
<div xmlns="http://www.tei-c.org/ns/1.0"><head>A.3 SCONE speaker details</head><p>We use a one-hot representation of the arguments (see <ref type="table">Table 5</ref>) and contextual embedding (as described in A.1) for each action a t as input to the SCONE speaker encoder at time t (along with the representation e t of the world state, as in SAIL). Since SCONE uses a monotonic, one-toone alignment between actions and direction sentences, the decoder does not use a learned attention mechanism but fixes the contextual representation z k to be the encoded vector at the action corresponding to the sentence currently being generated.</p></div>
<div xmlns="http://www.tei-c.org/ns/1.0"><head>A.4 Training details</head><p>We optimize model parameters using ADAM <ref type="bibr" target="#b24">(Kingma and Ba, 2015)</ref> with default hyperparameters and the initialization scheme of <ref type="bibr" target="#b15">Glorot and Bengio (2010)</ref>. All LSTMs have one layer. The LSTM cell in both the listener and the follower use coupled input and forget gates, and peephole connections to the cell state <ref type="bibr" target="#b19">(Greff et al., 2016)</ref>. We also apply the LSTM variational dropout scheme of <ref type="bibr" target="#b14">Gal and Ghahramani (2016)</ref>, using the same dropout rate for inputs, outputs, and recurrent connections. See <ref type="table">Table 6</ref> for hyperparameters. We</p></div>			</div>
			<div type="references">

				<listBibl>

<biblStruct xml:id="b0">
	<analytic>
		<title level="a" type="main">The HCRC map task corpus</title>
		<author>
			<persName xmlns="http://www.tei-c.org/ns/1.0"><forename type="first">Anne</forename><forename type="middle">H</forename><surname>Anderson</surname></persName>
		</author>
		<author>
			<persName xmlns="http://www.tei-c.org/ns/1.0"><forename type="first">Miles</forename><surname>Bader</surname></persName>
		</author>
		<author>
			<persName xmlns="http://www.tei-c.org/ns/1.0"><forename type="first">Ellen</forename><forename type="middle">Gurman</forename><surname>Bard</surname></persName>
		</author>
		<author>
			<persName xmlns="http://www.tei-c.org/ns/1.0"><forename type="first">Elizabeth</forename><surname>Boyle</surname></persName>
		</author>
		<author>
			<persName xmlns="http://www.tei-c.org/ns/1.0"><forename type="first">Gwyneth</forename><surname>Doherty</surname></persName>
		</author>
		<author>
			<persName xmlns="http://www.tei-c.org/ns/1.0"><forename type="first">Simon</forename><surname>Garrod</surname></persName>
		</author>
		<author>
			<persName xmlns="http://www.tei-c.org/ns/1.0"><forename type="first">Stephen</forename><surname>Isard</surname></persName>
		</author>
		<author>
			<persName xmlns="http://www.tei-c.org/ns/1.0"><forename type="first">Jacqueline</forename><surname>Kowtko</surname></persName>
		</author>
		<author>
			<persName xmlns="http://www.tei-c.org/ns/1.0"><forename type="first">Jan</forename><surname>Mcallister</surname></persName>
		</author>
		<author>
			<persName xmlns="http://www.tei-c.org/ns/1.0"><forename type="first">Jim</forename><surname>Miller</surname></persName>
		</author>
	</analytic>
	<monogr>
		<title level="j">Language and speech</title>
		<imprint>
			<biblScope unit="volume">34</biblScope>
			<biblScope unit="issue">4</biblScope>
			<biblScope unit="page" from="351" to="366" />
			<date type="published" when="1991" />
		</imprint>
	</monogr>
</biblStruct>

<biblStruct xml:id="b1">
	<analytic>
		<title level="a" type="main">Alignmentbased compositional semantics for instruction following</title>
		<author>
			<persName xmlns="http://www.tei-c.org/ns/1.0"><forename type="first">Jacob</forename><surname>Andreas</surname></persName>
		</author>
		<author>
			<persName xmlns="http://www.tei-c.org/ns/1.0"><forename type="first">Dan</forename><surname>Klein</surname></persName>
		</author>
	</analytic>
	<monogr>
		<title level="m">Proceedings of the Conference on Empirical Methods in Natural Language Processing</title>
		<meeting>the Conference on Empirical Methods in Natural Language Processing</meeting>
		<imprint>
			<date type="published" when="2015" />
		</imprint>
	</monogr>
</biblStruct>

<biblStruct xml:id="b2">
	<analytic>
		<title level="a" type="main">Reasoning about pragmatics with neural listeners and speakers</title>
		<author>
			<persName xmlns="http://www.tei-c.org/ns/1.0"><forename type="first">Jacob</forename><surname>Andreas</surname></persName>
		</author>
		<author>
			<persName xmlns="http://www.tei-c.org/ns/1.0"><forename type="first">Dan</forename><surname>Klein</surname></persName>
		</author>
	</analytic>
	<monogr>
		<title level="m">Proceedings of the Conference on Empirical Methods in Natural Language Processing</title>
		<meeting>the Conference on Empirical Methods in Natural Language Processing</meeting>
		<imprint>
			<date type="published" when="2016" />
		</imprint>
	</monogr>
</biblStruct>

<biblStruct xml:id="b3">
	<analytic>
		<title level="a" type="main">Learning compact lexicons for CCG semantic parsing</title>
		<author>
			<persName xmlns="http://www.tei-c.org/ns/1.0"><forename type="first">Yoav</forename><surname>Artzi</surname></persName>
		</author>
		<author>
			<persName xmlns="http://www.tei-c.org/ns/1.0"><forename type="first">Dipanjan</forename><surname>Das</surname></persName>
		</author>
		<author>
			<persName xmlns="http://www.tei-c.org/ns/1.0"><forename type="first">Slav</forename><surname>Petrov</surname></persName>
		</author>
	</analytic>
	<monogr>
		<title level="m">Proceedings of the Conference on Empirical Methods in Natural Language Processing. Association for Computational Linguistics</title>
		<meeting>the Conference on Empirical Methods in Natural Language Processing. Association for Computational Linguistics</meeting>
		<imprint>
			<date type="published" when="2014" />
		</imprint>
	</monogr>
</biblStruct>

<biblStruct xml:id="b4">
	<analytic>
		<title level="a" type="main">Weakly supervised learning of semantic parsers for mapping instructions to actions</title>
		<author>
			<persName xmlns="http://www.tei-c.org/ns/1.0"><forename type="first">Yoav</forename><surname>Artzi</surname></persName>
		</author>
		<author>
			<persName xmlns="http://www.tei-c.org/ns/1.0"><forename type="first">Luke</forename><surname>Zettlemoyer</surname></persName>
		</author>
	</analytic>
	<monogr>
		<title level="j">Transactions of the Association for Computational Linguistics</title>
		<imprint>
			<biblScope unit="volume">1</biblScope>
			<biblScope unit="issue">1</biblScope>
			<biblScope unit="page" from="49" to="62" />
			<date type="published" when="2013" />
		</imprint>
	</monogr>
</biblStruct>

<biblStruct xml:id="b5">
	<monogr>
		<title level="m" type="main">Neural machine translation by jointly learning to align and translate. International Conference on Learning Representations</title>
		<author>
			<persName xmlns="http://www.tei-c.org/ns/1.0"><forename type="first">Dzmitry</forename><surname>Bahdanau</surname></persName>
		</author>
		<author>
			<persName xmlns="http://www.tei-c.org/ns/1.0"><forename type="first">Kyunghyun</forename><surname>Cho</surname></persName>
		</author>
		<author>
			<persName xmlns="http://www.tei-c.org/ns/1.0"><forename type="first">Yoshua</forename><surname>Bengio</surname></persName>
		</author>
		<imprint>
			<date type="published" when="2015" />
		</imprint>
	</monogr>
</biblStruct>

<biblStruct xml:id="b6">
	<analytic>
		<title level="a" type="main">Pragmatic reasoning through semantic inference</title>
		<author>
			<persName xmlns="http://www.tei-c.org/ns/1.0"><forename type="first">Leon</forename><surname>Bergen</surname></persName>
		</author>
		<author>
			<persName xmlns="http://www.tei-c.org/ns/1.0"><forename type="first">Roger</forename><surname>Levy</surname></persName>
		</author>
		<author>
			<persName xmlns="http://www.tei-c.org/ns/1.0"><forename type="first">Noah</forename><surname>Goodman</surname></persName>
		</author>
	</analytic>
	<monogr>
		<title level="m">Semantics and Pragmatics 9</title>
		<imprint>
			<date type="published" when="2016" />
		</imprint>
	</monogr>
</biblStruct>

<biblStruct xml:id="b7">
	<analytic>
		<title level="a" type="main">Reinforcement learning for mapping instructions to actions</title>
		<author>
			<persName xmlns="http://www.tei-c.org/ns/1.0"><forename type="first">S</forename><forename type="middle">R K</forename><surname>Branavan</surname></persName>
		</author>
		<author>
			<persName xmlns="http://www.tei-c.org/ns/1.0"><forename type="first">Harr</forename><surname>Chen</surname></persName>
		</author>
		<author>
			<persName xmlns="http://www.tei-c.org/ns/1.0"><forename type="first">Luke</forename><forename type="middle">S</forename><surname>Zettlemoyer</surname></persName>
		</author>
		<author>
			<persName xmlns="http://www.tei-c.org/ns/1.0"><forename type="first">Regina</forename><surname>Barzilay</surname></persName>
		</author>
	</analytic>
	<monogr>
		<title level="m">Proceedings of the Annual Meeting of the Association for Computational Linguistics</title>
		<meeting>the Annual Meeting of the Association for Computational Linguistics</meeting>
		<imprint>
			<publisher>Association for Computational Linguistics</publisher>
			<date type="published" when="2009" />
			<biblScope unit="page" from="82" to="90" />
		</imprint>
	</monogr>
</biblStruct>

<biblStruct xml:id="b8">
	<analytic>
		<title level="a" type="main">Report on the first NLG challenge on generating instructions in virtual environments (GIVE)</title>
		<author>
			<persName xmlns="http://www.tei-c.org/ns/1.0"><forename type="first">Donna</forename><surname>Byron</surname></persName>
		</author>
		<author>
			<persName xmlns="http://www.tei-c.org/ns/1.0"><forename type="first">Alexander</forename><surname>Koller</surname></persName>
		</author>
		<author>
			<persName xmlns="http://www.tei-c.org/ns/1.0"><forename type="first">Kristina</forename><surname>Striegnitz</surname></persName>
		</author>
		<author>
			<persName xmlns="http://www.tei-c.org/ns/1.0"><forename type="first">Justine</forename><surname>Cassell</surname></persName>
		</author>
		<author>
			<persName xmlns="http://www.tei-c.org/ns/1.0"><forename type="first">Robert</forename><surname>Dale</surname></persName>
		</author>
		<author>
			<persName xmlns="http://www.tei-c.org/ns/1.0"><forename type="first">Johanna</forename><surname>Moore</surname></persName>
		</author>
		<author>
			<persName xmlns="http://www.tei-c.org/ns/1.0"><forename type="first">Jon</forename><surname>Oberlander</surname></persName>
		</author>
	</analytic>
	<monogr>
		<title level="m">Proceedings of the 12th european workshop on natural language generation. Association for Computational Linguistics</title>
		<meeting>the 12th european workshop on natural language generation. Association for Computational Linguistics</meeting>
		<imprint>
			<date type="published" when="2009" />
			<biblScope unit="page" from="165" to="173" />
		</imprint>
	</monogr>
</biblStruct>

<biblStruct xml:id="b9">
	<analytic>
		<title level="a" type="main">Fast online lexicon learning for grounded language acquisition</title>
		<author>
			<persName xmlns="http://www.tei-c.org/ns/1.0"><forename type="first">L</forename><surname>David</surname></persName>
		</author>
		<author>
			<persName xmlns="http://www.tei-c.org/ns/1.0"><surname>Chen</surname></persName>
		</author>
	</analytic>
	<monogr>
		<title level="m">Proceedings of the Annual Meeting of the Association for Computational Linguistics</title>
		<meeting>the Annual Meeting of the Association for Computational Linguistics</meeting>
		<imprint>
			<date type="published" when="2012" />
			<biblScope unit="page" from="430" to="439" />
		</imprint>
	</monogr>
</biblStruct>

<biblStruct xml:id="b10">
	<analytic>
		<title level="a" type="main">Learning to interpret natural language navigation instructions from observations</title>
		<author>
			<persName xmlns="http://www.tei-c.org/ns/1.0"><forename type="first">L</forename><surname>David</surname></persName>
		</author>
		<author>
			<persName xmlns="http://www.tei-c.org/ns/1.0"><forename type="first">Raymond</forename><forename type="middle">J</forename><surname>Chen</surname></persName>
		</author>
		<author>
			<persName xmlns="http://www.tei-c.org/ns/1.0"><surname>Mooney</surname></persName>
		</author>
	</analytic>
	<monogr>
		<title level="m">Proceedings of the Meeting of the Association for the Advancement of Artificial Intelligence</title>
		<meeting>the Meeting of the Association for the Advancement of Artificial Intelligence</meeting>
		<imprint>
			<date type="published" when="2011" />
			<biblScope unit="volume">2</biblScope>
			<biblScope unit="page" from="1" to="2" />
		</imprint>
	</monogr>
</biblStruct>

<biblStruct xml:id="b11">
	<analytic>
		<title level="a" type="main">Using natural language generation in automatic route</title>
		<author>
			<persName xmlns="http://www.tei-c.org/ns/1.0"><forename type="first">Robert</forename><surname>Dale</surname></persName>
		</author>
		<author>
			<persName xmlns="http://www.tei-c.org/ns/1.0"><forename type="first">Sabine</forename><surname>Geldof</surname></persName>
		</author>
		<author>
			<persName xmlns="http://www.tei-c.org/ns/1.0"><forename type="first">Jean-Philippe</forename><surname>Prost</surname></persName>
		</author>
	</analytic>
	<monogr>
		<title level="j">Journal of Research and practice in Information Technology</title>
		<imprint>
			<biblScope unit="volume">37</biblScope>
			<biblScope unit="issue">1</biblScope>
			<biblScope unit="page">89</biblScope>
			<date type="published" when="2005" />
		</imprint>
	</monogr>
</biblStruct>

<biblStruct xml:id="b12">
	<analytic>
		<title level="a" type="main">Navigational instruction generation as inverse reinforcement learning with neural machine translation</title>
		<author>
			<persName xmlns="http://www.tei-c.org/ns/1.0"><forename type="first">Andrea</forename><forename type="middle">F</forename><surname>Daniele</surname></persName>
		</author>
		<author>
			<persName xmlns="http://www.tei-c.org/ns/1.0"><forename type="first">Mohit</forename><surname>Bansal</surname></persName>
		</author>
		<author>
			<persName xmlns="http://www.tei-c.org/ns/1.0"><forename type="first">Matthew</forename><forename type="middle">R</forename><surname>Walter</surname></persName>
		</author>
	</analytic>
	<monogr>
		<title level="m">Proceedings of Human-Robot Interaction</title>
		<meeting>Human-Robot Interaction</meeting>
		<imprint>
			<date type="published" when="2017" />
		</imprint>
	</monogr>
</biblStruct>

<biblStruct xml:id="b13">
	<analytic>
		<title level="a" type="main">Predicting pragmatic reasoning in language games</title>
		<author>
			<persName xmlns="http://www.tei-c.org/ns/1.0"><forename type="first">C</forename><surname>Michael</surname></persName>
		</author>
		<author>
			<persName xmlns="http://www.tei-c.org/ns/1.0"><surname>Frank</surname></persName>
		</author>
		<author>
			<persName xmlns="http://www.tei-c.org/ns/1.0"><surname>Noah D Goodman</surname></persName>
		</author>
	</analytic>
	<monogr>
		<title level="j">Science</title>
		<imprint>
			<biblScope unit="volume">336</biblScope>
			<biblScope unit="issue">6084</biblScope>
			<biblScope unit="page" from="998" to="998" />
			<date type="published" when="2012" />
		</imprint>
	</monogr>
</biblStruct>

<biblStruct xml:id="b14">
	<analytic>
		<title level="a" type="main">A theoretically grounded application of dropout in recurrent neural networks</title>
		<author>
			<persName xmlns="http://www.tei-c.org/ns/1.0"><forename type="first">Yarin</forename><surname>Gal</surname></persName>
		</author>
		<author>
			<persName xmlns="http://www.tei-c.org/ns/1.0"><forename type="first">Zoubin</forename><surname>Ghahramani</surname></persName>
		</author>
	</analytic>
	<monogr>
		<title level="m">Advances in Neural Information Processing Systems 29 (NIPS)</title>
		<imprint>
			<date type="published" when="2016" />
		</imprint>
	</monogr>
</biblStruct>

<biblStruct xml:id="b15">
	<analytic>
		<title level="a" type="main">Understanding the difficulty of training deep feedforward neural networks</title>
		<author>
			<persName xmlns="http://www.tei-c.org/ns/1.0"><forename type="first">Xavier</forename><surname>Glorot</surname></persName>
		</author>
		<author>
			<persName xmlns="http://www.tei-c.org/ns/1.0"><forename type="first">Yoshua</forename><surname>Bengio</surname></persName>
		</author>
	</analytic>
	<monogr>
		<title level="m">AISTATS</title>
		<imprint>
			<date type="published" when="2010" />
			<biblScope unit="volume">9</biblScope>
			<biblScope unit="page" from="249" to="256" />
		</imprint>
	</monogr>
</biblStruct>

<biblStruct xml:id="b16">
	<analytic>
		<title level="a" type="main">Dart: A particle-based method for generating easy-to-follow directions</title>
		<author>
			<persName xmlns="http://www.tei-c.org/ns/1.0"><forename type="first">Robert</forename><surname>Goeddel</surname></persName>
		</author>
		<author>
			<persName xmlns="http://www.tei-c.org/ns/1.0"><forename type="first">Edwin</forename><surname>Olson</surname></persName>
		</author>
	</analytic>
	<monogr>
		<title level="m">Intelligent Robots and Systems (IROS), 2012 IEEE/RSJ International Conference on. IEEE</title>
		<imprint>
			<date type="published" when="2012" />
			<biblScope unit="page" from="1213" to="1219" />
		</imprint>
	</monogr>
</biblStruct>

<biblStruct xml:id="b17">
	<analytic>
		<title level="a" type="main">A game-theoretic approach to generating spatial descriptions</title>
		<author>
			<persName xmlns="http://www.tei-c.org/ns/1.0"><forename type="first">Dave</forename><surname>Golland</surname></persName>
		</author>
		<author>
			<persName xmlns="http://www.tei-c.org/ns/1.0"><forename type="first">Percy</forename><surname>Liang</surname></persName>
		</author>
		<author>
			<persName xmlns="http://www.tei-c.org/ns/1.0"><forename type="first">Dan</forename><surname>Klein</surname></persName>
		</author>
	</analytic>
	<monogr>
		<title level="m">Proceedings of the 2010 conference on Empirical Methods in Natural Language Processing</title>
		<meeting>the 2010 conference on Empirical Methods in Natural Language Processing</meeting>
		<imprint>
			<publisher>Association for Computational Linguistics</publisher>
			<date type="published" when="2010" />
			<biblScope unit="page" from="410" to="419" />
		</imprint>
	</monogr>
</biblStruct>

<biblStruct xml:id="b18">
	<analytic>
		<title level="a" type="main">Knowledge and implicature: Modeling language understanding as social cognition</title>
		<author>
			<persName xmlns="http://www.tei-c.org/ns/1.0"><forename type="first">D</forename><surname>Noah</surname></persName>
		</author>
		<author>
			<persName xmlns="http://www.tei-c.org/ns/1.0"><forename type="first">Andreas</forename><surname>Goodman</surname></persName>
		</author>
		<author>
			<persName xmlns="http://www.tei-c.org/ns/1.0"><surname>Stuhlmüller</surname></persName>
		</author>
	</analytic>
	<monogr>
		<title level="j">Topics in cognitive science</title>
		<imprint>
			<biblScope unit="volume">5</biblScope>
			<biblScope unit="issue">1</biblScope>
			<biblScope unit="page" from="173" to="184" />
			<date type="published" when="2013" />
		</imprint>
	</monogr>
</biblStruct>

<biblStruct xml:id="b19">
	<analytic>
		<title level="a" type="main">Lstm: A search space odyssey</title>
		<author>
			<persName xmlns="http://www.tei-c.org/ns/1.0"><forename type="first">Klaus</forename><surname>Greff</surname></persName>
		</author>
		<author>
			<persName xmlns="http://www.tei-c.org/ns/1.0"><forename type="first">K</forename><surname>Rupesh</surname></persName>
		</author>
		<author>
			<persName xmlns="http://www.tei-c.org/ns/1.0"><forename type="first">Jan</forename><surname>Srivastava</surname></persName>
		</author>
		<author>
			<persName xmlns="http://www.tei-c.org/ns/1.0"><surname>Koutník</surname></persName>
		</author>
		<author>
			<persName xmlns="http://www.tei-c.org/ns/1.0"><forename type="first">R</forename><surname>Bas</surname></persName>
		</author>
		<author>
			<persName xmlns="http://www.tei-c.org/ns/1.0"><forename type="first">Jürgen</forename><surname>Steunebrink</surname></persName>
		</author>
		<author>
			<persName xmlns="http://www.tei-c.org/ns/1.0"><surname>Schmidhuber</surname></persName>
		</author>
	</analytic>
	<monogr>
		<title level="m">IEEE transactions on neural networks and learning systems</title>
		<imprint>
			<date type="published" when="2016" />
		</imprint>
	</monogr>
</biblStruct>

<biblStruct xml:id="b20">
	<analytic>
		<title level="a" type="main">Logic and conversation</title>
		<author>
			<persName xmlns="http://www.tei-c.org/ns/1.0"><forename type="first">H</forename><forename type="middle">P</forename><surname>Grice</surname></persName>
		</author>
	</analytic>
	<monogr>
		<title level="m">Syntax and Semantics</title>
		<editor>P. Cole and J. L. Morgan</editor>
		<meeting><address><addrLine>San Diego, CA</addrLine></address></meeting>
		<imprint>
			<publisher>Academic Press</publisher>
			<date type="published" when="1975" />
			<biblScope unit="volume">3</biblScope>
			<biblScope unit="page" from="41" to="58" />
		</imprint>
	</monogr>
	<note>Speech Acts</note>
</biblStruct>

<biblStruct xml:id="b21">
	<analytic>
		<title level="a" type="main">From language to programs: Bridging reinforcement learning and maximum marginal likelihood</title>
		<author>
			<persName xmlns="http://www.tei-c.org/ns/1.0"><forename type="first">Kelvin</forename><surname>Guu</surname></persName>
		</author>
		<author>
			<persName xmlns="http://www.tei-c.org/ns/1.0"><forename type="first">Panupong</forename><surname>Pasupat</surname></persName>
		</author>
		<author>
			<persName xmlns="http://www.tei-c.org/ns/1.0"><forename type="first">Evan</forename><forename type="middle">Zheran</forename><surname>Liu</surname></persName>
		</author>
		<author>
			<persName xmlns="http://www.tei-c.org/ns/1.0"><forename type="first">Percy</forename><surname>Liang</surname></persName>
		</author>
	</analytic>
	<monogr>
		<title level="m">Association for Computational Linguistics (ACL)</title>
		<imprint>
			<date type="published" when="2017" />
		</imprint>
	</monogr>
</biblStruct>

<biblStruct xml:id="b22">
	<analytic>
		<title level="a" type="main">Long short-term memory</title>
		<author>
			<persName xmlns="http://www.tei-c.org/ns/1.0"><forename type="first">Sepp</forename><surname>Hochreiter</surname></persName>
		</author>
		<author>
			<persName xmlns="http://www.tei-c.org/ns/1.0"><forename type="first">Jürgen</forename><surname>Schmidhuber</surname></persName>
		</author>
	</analytic>
	<monogr>
		<title level="j">Neural computation</title>
		<imprint>
			<biblScope unit="volume">9</biblScope>
			<biblScope unit="issue">8</biblScope>
			<biblScope unit="page" from="1735" to="1780" />
			<date type="published" when="1997" />
		</imprint>
	</monogr>
</biblStruct>

<biblStruct xml:id="b23">
	<analytic>
		<title level="a" type="main">ReferItGame: Referring to objects in photographs of natural scenes</title>
		<author>
			<persName xmlns="http://www.tei-c.org/ns/1.0"><forename type="first">Sahar</forename><surname>Kazemzadeh</surname></persName>
		</author>
		<author>
			<persName xmlns="http://www.tei-c.org/ns/1.0"><forename type="first">Vicente</forename><surname>Ordonez</surname></persName>
		</author>
		<author>
			<persName xmlns="http://www.tei-c.org/ns/1.0"><forename type="first">Mark</forename><surname>Matten</surname></persName>
		</author>
		<author>
			<persName xmlns="http://www.tei-c.org/ns/1.0"><forename type="first">Tamara</forename><forename type="middle">L</forename><surname>Berg</surname></persName>
		</author>
	</analytic>
	<monogr>
		<title level="m">Proceedings of the Conference on Empirical Methods in Natural Language Processing</title>
		<meeting>the Conference on Empirical Methods in Natural Language Processing</meeting>
		<imprint>
			<date type="published" when="2014" />
			<biblScope unit="page" from="787" to="798" />
		</imprint>
	</monogr>
</biblStruct>

<biblStruct xml:id="b24">
	<analytic>
		<title level="a" type="main">Adam: A method for stochastic optimization</title>
		<author>
			<persName xmlns="http://www.tei-c.org/ns/1.0"><forename type="first">Diederik</forename><surname>Kingma</surname></persName>
		</author>
		<author>
			<persName xmlns="http://www.tei-c.org/ns/1.0"><forename type="first">Jimmy</forename><surname>Ba</surname></persName>
		</author>
	</analytic>
	<monogr>
		<title level="m">International Conference on Learning Representations</title>
		<imprint>
			<date type="published" when="2015" />
		</imprint>
	</monogr>
</biblStruct>

<biblStruct xml:id="b25">
	<analytic>
		<title level="a" type="main">Report on the second NLG challenge on generating instructions in virtual environments (GIVE-2)</title>
		<author>
			<persName xmlns="http://www.tei-c.org/ns/1.0"><forename type="first">Alexander</forename><surname>Koller</surname></persName>
		</author>
		<author>
			<persName xmlns="http://www.tei-c.org/ns/1.0"><forename type="first">Kristina</forename><surname>Striegnitz</surname></persName>
		</author>
		<author>
			<persName xmlns="http://www.tei-c.org/ns/1.0"><forename type="first">Andrew</forename><surname>Gargett</surname></persName>
		</author>
		<author>
			<persName xmlns="http://www.tei-c.org/ns/1.0"><forename type="first">Donna</forename><surname>Byron</surname></persName>
		</author>
		<author>
			<persName xmlns="http://www.tei-c.org/ns/1.0"><forename type="first">Justine</forename><surname>Cassell</surname></persName>
		</author>
		<author>
			<persName xmlns="http://www.tei-c.org/ns/1.0"><forename type="first">Robert</forename><surname>Dale</surname></persName>
		</author>
		<author>
			<persName xmlns="http://www.tei-c.org/ns/1.0"><forename type="first">Johanna</forename><surname>Moore</surname></persName>
		</author>
		<author>
			<persName xmlns="http://www.tei-c.org/ns/1.0"><forename type="first">Jon</forename><surname>Oberlander</surname></persName>
		</author>
	</analytic>
	<monogr>
		<title level="m">Proceedings of the 6th international natural language generation conference. Association for Computational Linguistics</title>
		<meeting>the 6th international natural language generation conference. Association for Computational Linguistics</meeting>
		<imprint>
			<date type="published" when="2010" />
			<biblScope unit="page" from="243" to="250" />
		</imprint>
	</monogr>
</biblStruct>

<biblStruct xml:id="b26">
	<monogr>
		<title level="m" type="main">Empirical Methods in Natural Language Generation: Data-oriented Methods and Empirical Evaluation</title>
		<editor>Emiel Krahmer and Mariët Theune</editor>
		<imprint>
			<date type="published" when="2010" />
			<publisher>Springer-Verlag</publisher>
			<pubPlace>Berlin, Heidelberg</pubPlace>
		</imprint>
	</monogr>
</biblStruct>

<biblStruct xml:id="b27">
	<analytic>
		<title level="a" type="main">Deal or no deal? end-to-end learning for negotiation dialogues</title>
		<author>
			<persName xmlns="http://www.tei-c.org/ns/1.0"><forename type="first">Mike</forename><surname>Lewis</surname></persName>
		</author>
		<author>
			<persName xmlns="http://www.tei-c.org/ns/1.0"><forename type="first">Denis</forename><surname>Yarats</surname></persName>
		</author>
		<author>
			<persName xmlns="http://www.tei-c.org/ns/1.0"><forename type="first">Devi</forename><surname>Yann N Dauphin</surname></persName>
		</author>
		<author>
			<persName xmlns="http://www.tei-c.org/ns/1.0"><forename type="first">Dhruv</forename><surname>Parikh</surname></persName>
		</author>
		<author>
			<persName xmlns="http://www.tei-c.org/ns/1.0"><surname>Batra</surname></persName>
		</author>
	</analytic>
	<monogr>
		<title level="m">Empirical Methods in Natural Language Processing (EMNLP)</title>
		<imprint>
			<date type="published" when="2017" />
		</imprint>
	</monogr>
</biblStruct>

<biblStruct xml:id="b28">
	<analytic>
		<title level="a" type="main">A diversity-promoting objective function for neural conversation models</title>
		<author>
			<persName xmlns="http://www.tei-c.org/ns/1.0"><forename type="first">Jiwei</forename><surname>Li</surname></persName>
		</author>
		<author>
			<persName xmlns="http://www.tei-c.org/ns/1.0"><forename type="first">Michel</forename><surname>Galley</surname></persName>
		</author>
		<author>
			<persName xmlns="http://www.tei-c.org/ns/1.0"><forename type="first">Chris</forename><surname>Brockett</surname></persName>
		</author>
		<author>
			<persName xmlns="http://www.tei-c.org/ns/1.0"><forename type="first">Jianfeng</forename><surname>Gao</surname></persName>
		</author>
		<author>
			<persName xmlns="http://www.tei-c.org/ns/1.0"><forename type="first">Bill</forename><surname>Dolan</surname></persName>
		</author>
	</analytic>
	<monogr>
		<title level="m">Proceedings of the Annual Meeting of the North American Chapter</title>
		<meeting>the Annual Meeting of the North American Chapter</meeting>
		<imprint>
			<publisher>Association for Computational Linguistics</publisher>
			<date type="published" when="2016" />
		</imprint>
	</monogr>
</biblStruct>

<biblStruct xml:id="b29">
	<analytic>
		<title level="a" type="main">Simpler context-dependent logical forms via model projections</title>
		<author>
			<persName xmlns="http://www.tei-c.org/ns/1.0"><forename type="first">Reginald</forename><surname>Long</surname></persName>
		</author>
		<author>
			<persName xmlns="http://www.tei-c.org/ns/1.0"><forename type="first">Panupong</forename><surname>Pasupat</surname></persName>
		</author>
		<author>
			<persName xmlns="http://www.tei-c.org/ns/1.0"><forename type="first">Percy</forename><surname>Liang</surname></persName>
		</author>
	</analytic>
	<monogr>
		<title level="m">Association for Computational Linguistics (ACL)</title>
		<imprint>
			<date type="published" when="2016" />
		</imprint>
	</monogr>
</biblStruct>

<biblStruct xml:id="b30">
	<monogr>
		<title level="m" type="main">Cognitively-inspired direction giving</title>
		<author>
			<persName xmlns="http://www.tei-c.org/ns/1.0"><forename type="first">Gary Wai Keung</forename><surname>Look</surname></persName>
		</author>
		<imprint>
			<date type="published" when="2008" />
		</imprint>
		<respStmt>
			<orgName>Massachusetts Institute of Technology</orgName>
		</respStmt>
	</monogr>
	<note type="report_type">Ph.D. thesis</note>
</biblStruct>

<biblStruct xml:id="b31">
	<analytic>
		<title level="a" type="main">Comprehension-guided referring expressions</title>
		<author>
			<persName xmlns="http://www.tei-c.org/ns/1.0"><forename type="first">Ruotian</forename><surname>Luo</surname></persName>
		</author>
		<author>
			<persName xmlns="http://www.tei-c.org/ns/1.0"><forename type="first">Gregory</forename><surname>Shakhnarovich</surname></persName>
		</author>
	</analytic>
	<monogr>
		<title level="m">Computer Vision and Pattern Recognition</title>
		<imprint>
			<date type="published" when="2017" />
		</imprint>
	</monogr>
</biblStruct>

<biblStruct xml:id="b32">
	<analytic>
		<title level="a" type="main">Walk the talk: Connecting language, knowledge, and action in route instructions. Proceedings of the Meeting of the Association for the Advancement of</title>
		<author>
			<persName xmlns="http://www.tei-c.org/ns/1.0"><forename type="first">Matt</forename><surname>Macmahon</surname></persName>
		</author>
		<author>
			<persName xmlns="http://www.tei-c.org/ns/1.0"><forename type="first">Brian</forename><surname>Stankiewicz</surname></persName>
		</author>
		<author>
			<persName xmlns="http://www.tei-c.org/ns/1.0"><forename type="first">Benjamin</forename><surname>Kuipers</surname></persName>
		</author>
	</analytic>
	<monogr>
		<title level="j">Artificial Intelligence</title>
		<imprint>
			<biblScope unit="volume">2</biblScope>
			<biblScope unit="issue">6</biblScope>
			<biblScope unit="page">4</biblScope>
			<date type="published" when="2006" />
		</imprint>
	</monogr>
</biblStruct>

<biblStruct xml:id="b33">
	<analytic>
		<title level="a" type="main">Generation and comprehension of unambiguous object descriptions</title>
		<author>
			<persName xmlns="http://www.tei-c.org/ns/1.0"><forename type="first">Junhua</forename><surname>Mao</surname></persName>
		</author>
		<author>
			<persName xmlns="http://www.tei-c.org/ns/1.0"><forename type="first">Jonathan</forename><surname>Huang</surname></persName>
		</author>
		<author>
			<persName xmlns="http://www.tei-c.org/ns/1.0"><forename type="first">Alexander</forename><surname>Toshev</surname></persName>
		</author>
		<author>
			<persName xmlns="http://www.tei-c.org/ns/1.0"><forename type="first">Oana</forename><surname>Camburu</surname></persName>
		</author>
		<author>
			<persName xmlns="http://www.tei-c.org/ns/1.0"><forename type="first">Alan</forename><surname>Yuille</surname></persName>
		</author>
		<author>
			<persName xmlns="http://www.tei-c.org/ns/1.0"><forename type="first">Kevin</forename><surname>Murphy</surname></persName>
		</author>
	</analytic>
	<monogr>
		<title level="m">Computer Vision and Pattern Recognition</title>
		<imprint>
			<date type="published" when="2016" />
		</imprint>
	</monogr>
</biblStruct>

<biblStruct xml:id="b34">
	<analytic>
		<title level="a" type="main">Listen, attend, and walk: Neural mapping of navigational instructions to action sequences</title>
		<author>
			<persName xmlns="http://www.tei-c.org/ns/1.0"><forename type="first">Hongyuan</forename><surname>Mei</surname></persName>
		</author>
		<author>
			<persName xmlns="http://www.tei-c.org/ns/1.0"><forename type="first">Mohit</forename><surname>Bansal</surname></persName>
		</author>
		<author>
			<persName xmlns="http://www.tei-c.org/ns/1.0"><forename type="first">Matthew</forename><surname>Walter</surname></persName>
		</author>
	</analytic>
	<monogr>
		<title level="m">Proceedings of the Meeting of the Association for the Advancement of Artificial Intelligence</title>
		<meeting>the Meeting of the Association for the Advancement of Artificial Intelligence</meeting>
		<imprint>
			<date type="published" when="2016" />
		</imprint>
	</monogr>
</biblStruct>

<biblStruct xml:id="b35">
	<analytic>
		<title level="a" type="main">Colors in context: A pragmatic neural model for grounded language understanding</title>
		<author>
			<persName xmlns="http://www.tei-c.org/ns/1.0"><forename type="first">Will</forename><surname>Monroe</surname></persName>
		</author>
		<author>
			<persName xmlns="http://www.tei-c.org/ns/1.0"><forename type="first">X</forename><forename type="middle">D</forename><surname>Robert</surname></persName>
		</author>
		<author>
			<persName xmlns="http://www.tei-c.org/ns/1.0"><forename type="first">Noah</forename><forename type="middle">D</forename><surname>Hawkins</surname></persName>
		</author>
		<author>
			<persName xmlns="http://www.tei-c.org/ns/1.0"><forename type="first">Christopher</forename><surname>Goodman</surname></persName>
		</author>
		<author>
			<persName xmlns="http://www.tei-c.org/ns/1.0"><surname>Potts</surname></persName>
		</author>
	</analytic>
	<monogr>
		<title level="m">Transactions of the Association for Computational Linguistics</title>
		<imprint>
			<date type="published" when="2017" />
		</imprint>
	</monogr>
</biblStruct>

<biblStruct xml:id="b36">
	<analytic>
		<title level="a" type="main">Learning in the Rational Speech Acts model</title>
		<author>
			<persName xmlns="http://www.tei-c.org/ns/1.0"><forename type="first">Will</forename><surname>Monroe</surname></persName>
		</author>
		<author>
			<persName xmlns="http://www.tei-c.org/ns/1.0"><forename type="first">Christopher</forename><surname>Potts</surname></persName>
		</author>
	</analytic>
	<monogr>
		<title level="m">Proceedings of 20th Amsterdam Colloquium. ILLC</title>
		<meeting>20th Amsterdam Colloquium. ILLC<address><addrLine>Amsterdam</addrLine></address></meeting>
		<imprint>
			<date type="published" when="2015" />
		</imprint>
	</monogr>
</biblStruct>

<biblStruct xml:id="b37">
	<analytic>
		<title level="a" type="main">Bleu: a method for automatic evaluation of machine translation</title>
		<author>
			<persName xmlns="http://www.tei-c.org/ns/1.0"><forename type="first">Kishore</forename><surname>Papineni</surname></persName>
		</author>
		<author>
			<persName xmlns="http://www.tei-c.org/ns/1.0"><forename type="first">Salim</forename><surname>Roukos</surname></persName>
		</author>
		<author>
			<persName xmlns="http://www.tei-c.org/ns/1.0"><forename type="first">Todd</forename><surname>Ward</surname></persName>
		</author>
		<author>
			<persName xmlns="http://www.tei-c.org/ns/1.0"><forename type="first">Wei-Jing</forename><surname>Zhu</surname></persName>
		</author>
	</analytic>
	<monogr>
		<title level="m">Proceedings of the 40th annual meeting on association for computational linguistics</title>
		<meeting>the 40th annual meeting on association for computational linguistics</meeting>
		<imprint>
			<publisher>Association for Computational Linguistics</publisher>
			<date type="published" when="2002" />
			<biblScope unit="page" from="311" to="318" />
		</imprint>
	</monogr>
</biblStruct>

<biblStruct xml:id="b38">
	<monogr>
		<title/>
		<author>
			<persName xmlns="http://www.tei-c.org/ns/1.0"><forename type="first">Christopher</forename><surname>Potts</surname></persName>
		</author>
		<imprint>
			<date type="published" when="2011" />
			<publisher>Pragmatics, Oxford University Press</publisher>
		</imprint>
	</monogr>
</biblStruct>

<biblStruct xml:id="b39">
	<analytic>
		<title level="a" type="main">Learning and using language via recursive pragmatic reasoning about other agents</title>
		<author>
			<persName xmlns="http://www.tei-c.org/ns/1.0"><forename type="first">J</forename><surname>Nathaniel</surname></persName>
		</author>
		<author>
			<persName xmlns="http://www.tei-c.org/ns/1.0"><forename type="first">Noah</forename><surname>Smith</surname></persName>
		</author>
		<author>
			<persName xmlns="http://www.tei-c.org/ns/1.0"><forename type="first">Michael</forename><surname>Goodman</surname></persName>
		</author>
		<author>
			<persName xmlns="http://www.tei-c.org/ns/1.0"><surname>Frank</surname></persName>
		</author>
	</analytic>
	<monogr>
		<title level="m">Advances in Neural Information Processing Systems</title>
		<imprint>
			<date type="published" when="2013" />
			<biblScope unit="page" from="3039" to="3047" />
		</imprint>
	</monogr>
</biblStruct>

<biblStruct xml:id="b40">
	<analytic>
		<title level="a" type="main">Report on the second second challenge on generating instructions in virtual environments GIVE-2.5</title>
		<author>
			<persName xmlns="http://www.tei-c.org/ns/1.0"><forename type="first">Kristina</forename><surname>Striegnitz</surname></persName>
		</author>
		<author>
			<persName xmlns="http://www.tei-c.org/ns/1.0"><forename type="first">Alexandre</forename><surname>Denis</surname></persName>
		</author>
		<author>
			<persName xmlns="http://www.tei-c.org/ns/1.0"><forename type="first">Andrew</forename><surname>Gargett</surname></persName>
		</author>
		<author>
			<persName xmlns="http://www.tei-c.org/ns/1.0"><forename type="first">Konstantina</forename><surname>Garoufi</surname></persName>
		</author>
		<author>
			<persName xmlns="http://www.tei-c.org/ns/1.0"><forename type="first">Alexander</forename><surname>Koller</surname></persName>
		</author>
		<author>
			<persName xmlns="http://www.tei-c.org/ns/1.0"><forename type="first">Mariët</forename><surname>Theune</surname></persName>
		</author>
	</analytic>
	<monogr>
		<title level="m">Proceedings of the 13th European workshop on natural language generation. Association for Computational Linguistics</title>
		<meeting>the 13th European workshop on natural language generation. Association for Computational Linguistics</meeting>
		<imprint>
			<date type="published" when="2011" />
			<biblScope unit="page" from="270" to="279" />
		</imprint>
	</monogr>
</biblStruct>

<biblStruct xml:id="b41">
	<analytic>
		<title level="a" type="main">Reasoning about finegrained attribute phrases using reference games</title>
		<author>
			<persName xmlns="http://www.tei-c.org/ns/1.0"><forename type="first">Jong-Chyi</forename><surname>Su</surname></persName>
		</author>
		<author>
			<persName xmlns="http://www.tei-c.org/ns/1.0"><forename type="first">Chenyun</forename><surname>Wu</surname></persName>
		</author>
		<author>
			<persName xmlns="http://www.tei-c.org/ns/1.0"><forename type="first">Huaizu</forename><surname>Jiang</surname></persName>
		</author>
		<author>
			<persName xmlns="http://www.tei-c.org/ns/1.0"><forename type="first">Subhransu</forename><surname>Maji</surname></persName>
		</author>
	</analytic>
	<monogr>
		<title level="m">International Conference on Computer Vision</title>
		<imprint>
			<date type="published" when="2017" />
		</imprint>
	</monogr>
</biblStruct>

<biblStruct xml:id="b42">
	<analytic>
		<title level="a" type="main">Understanding natural language commands for robotic navigation and mobile manipulation</title>
		<author>
			<persName xmlns="http://www.tei-c.org/ns/1.0"><forename type="first">Stefanie</forename><surname>Tellex</surname></persName>
		</author>
		<author>
			<persName xmlns="http://www.tei-c.org/ns/1.0"><forename type="first">Thomas</forename><surname>Kollar</surname></persName>
		</author>
		<author>
			<persName xmlns="http://www.tei-c.org/ns/1.0"><forename type="first">Steven</forename><surname>Dickerson</surname></persName>
		</author>
		<author>
			<persName xmlns="http://www.tei-c.org/ns/1.0"><forename type="first">Matthew</forename><forename type="middle">R</forename><surname>Walter</surname></persName>
		</author>
		<author>
			<persName xmlns="http://www.tei-c.org/ns/1.0"><forename type="first">Seth</forename><surname>Banerjee</surname></persName>
		</author>
		<author>
			<persName xmlns="http://www.tei-c.org/ns/1.0"><forename type="first">Nicholas</forename><surname>Teller</surname></persName>
		</author>
		<author>
			<persName xmlns="http://www.tei-c.org/ns/1.0"><surname>Roy</surname></persName>
		</author>
	</analytic>
	<monogr>
		<title level="m">Proceedings of the National Conference on Artificial Intelligence</title>
		<meeting>the National Conference on Artificial Intelligence</meeting>
		<imprint>
			<date type="published" when="2011" />
		</imprint>
	</monogr>
</biblStruct>

<biblStruct xml:id="b43">
	<analytic>
		<title level="a" type="main">Context-aware captions from context-agnostic supervision</title>
		<author>
			<persName xmlns="http://www.tei-c.org/ns/1.0"><forename type="first">Ramakrishna</forename><surname>Vedantam</surname></persName>
		</author>
		<author>
			<persName xmlns="http://www.tei-c.org/ns/1.0"><forename type="first">Samy</forename><surname>Bengio</surname></persName>
		</author>
		<author>
			<persName xmlns="http://www.tei-c.org/ns/1.0"><forename type="first">Kevin</forename><surname>Murphy</surname></persName>
		</author>
		<author>
			<persName xmlns="http://www.tei-c.org/ns/1.0"><forename type="first">Devi</forename><surname>Parikh</surname></persName>
		</author>
		<author>
			<persName xmlns="http://www.tei-c.org/ns/1.0"><forename type="first">Gal</forename><surname>Chechik</surname></persName>
		</author>
	</analytic>
	<monogr>
		<title level="m">Computer Vision and Pattern Recognition (CVPR)</title>
		<imprint>
			<date type="published" when="2017" />
			<biblScope unit="volume">3</biblScope>
		</imprint>
	</monogr>
</biblStruct>

<biblStruct xml:id="b44">
	<analytic>
		<title level="a" type="main">Learning language games through interaction</title>
		<author>
			<persName xmlns="http://www.tei-c.org/ns/1.0"><forename type="first">I</forename><surname>Sida</surname></persName>
		</author>
		<author>
			<persName xmlns="http://www.tei-c.org/ns/1.0"><forename type="first">Percy</forename><surname>Wang</surname></persName>
		</author>
		<author>
			<persName xmlns="http://www.tei-c.org/ns/1.0"><forename type="first">Christopher</forename><forename type="middle">D</forename><surname>Liang</surname></persName>
		</author>
		<author>
			<persName xmlns="http://www.tei-c.org/ns/1.0"><surname>Manning</surname></persName>
		</author>
	</analytic>
	<monogr>
		<title level="m">Association for Computational Linguistics (ACL)</title>
		<imprint>
			<date type="published" when="2016" />
		</imprint>
	</monogr>
</biblStruct>

<biblStruct xml:id="b45">
	<analytic>
		<title level="a" type="main">Going beyond literal command-based instructions: Extending robotic natural language interaction capabilities</title>
		<author>
			<persName xmlns="http://www.tei-c.org/ns/1.0"><forename type="first">Tom</forename><surname>Williams</surname></persName>
		</author>
		<author>
			<persName xmlns="http://www.tei-c.org/ns/1.0"><forename type="first">Gordon</forename><surname>Briggs</surname></persName>
		</author>
		<author>
			<persName xmlns="http://www.tei-c.org/ns/1.0"><forename type="first">Bradley</forename><surname>Oosterveld</surname></persName>
		</author>
		<author>
			<persName xmlns="http://www.tei-c.org/ns/1.0"><forename type="first">Matthias</forename><surname>Scheutz</surname></persName>
		</author>
	</analytic>
	<monogr>
		<title level="m">AAAI</title>
		<imprint>
			<date type="published" when="2015" />
			<biblScope unit="page" from="1387" to="1393" />
		</imprint>
	</monogr>
</biblStruct>

<biblStruct xml:id="b46">
	<monogr>
				<author>
			<persName xmlns="http://www.tei-c.org/ns/1.0"><forename type="first">Lei</forename><surname>Yu</surname></persName>
		</author>
		<author>
			<persName xmlns="http://www.tei-c.org/ns/1.0"><forename type="first">Phil</forename><surname>Blunsom</surname></persName>
		</author>
		<author>
			<persName xmlns="http://www.tei-c.org/ns/1.0"><forename type="first">Chris</forename><surname>Dyer</surname></persName>
		</author>
		<author>
			<persName xmlns="http://www.tei-c.org/ns/1.0"><forename type="first">Edward</forename><surname>Grefenstette</surname></persName>
		</author>
		<author>
			<persName xmlns="http://www.tei-c.org/ns/1.0"><forename type="first">Tomas</forename><surname>Kocisky</surname></persName>
		</author>
		<title level="m">The neural noisy channel. International Conference on Learning Representations</title>
		<imprint>
			<date type="published" when="2017" />
		</imprint>
	</monogr>
</biblStruct>

<biblStruct xml:id="b47">
	<analytic>
		<title level="a" type="main">A joint speaker-listener-reinforcer model for referring expressions</title>
		<author>
			<persName xmlns="http://www.tei-c.org/ns/1.0"><forename type="first">Licheng</forename><surname>Yu</surname></persName>
		</author>
		<author>
			<persName xmlns="http://www.tei-c.org/ns/1.0"><forename type="first">Hao</forename><surname>Tan</surname></persName>
		</author>
		<author>
			<persName xmlns="http://www.tei-c.org/ns/1.0"><forename type="first">Mohit</forename><surname>Bansal</surname></persName>
		</author>
		<author>
			<persName xmlns="http://www.tei-c.org/ns/1.0"><forename type="first">Tamara</forename><forename type="middle">L</forename><surname>Berg</surname></persName>
		</author>
	</analytic>
	<monogr>
		<title level="m">Computer Vision and Pattern Recognition</title>
		<imprint>
			<date type="published" when="2017" />
		</imprint>
	</monogr>
</biblStruct>

				</listBibl>
			</div>
		</back>
	</text>
</TEI>
