<?xml version="1.0" encoding="UTF-8"?>
<TEI xml:space="preserve" xmlns="http://www.tei-c.org/ns/1.0" 
xmlns:xsi="http://www.w3.org/2001/XMLSchema-instance" 
xsi:schemaLocation="http://www.tei-c.org/ns/1.0 /home/varun/Desktop/NLP/Projects/grobid-0.5.6/grobid-home/schemas/xsd/Grobid.xsd"
 xmlns:xlink="http://www.w3.org/1999/xlink">
	<teiHeader xml:lang="en">
		<fileDesc>
			<titleStmt>
				<title level="a" type="main">Uniform Deviation Bounds for Unbounded Loss Functions like k-Means</title>
			</titleStmt>
			<publicationStmt>
				<publisher/>
				<availability status="unknown"><licence/></availability>
			</publicationStmt>
			<sourceDesc>
				<biblStruct>
					<analytic>
						<author role="corresp">
							<persName xmlns="http://www.tei-c.org/ns/1.0"><forename type="first">Olivier</forename><surname>Bachem</surname></persName>
							<email>olivier.bachem@inf.ethz.ch</email>
							<affiliation key="aff0">
								<orgName type="department">Department of Computer Science</orgName>
								<orgName type="laboratory">LUCIC@INF.ETHZ.CH</orgName>
								<orgName type="institution">ETH Zurich</orgName>
							</affiliation>
						</author>
						<author>
							<persName xmlns="http://www.tei-c.org/ns/1.0"><forename type="first">Mario</forename><surname>Lucic</surname></persName>
							<affiliation key="aff0">
								<orgName type="department">Department of Computer Science</orgName>
								<orgName type="laboratory">LUCIC@INF.ETHZ.CH</orgName>
								<orgName type="institution">ETH Zurich</orgName>
							</affiliation>
						</author>
						<author>
							<persName xmlns="http://www.tei-c.org/ns/1.0"><forename type="first">S</forename><forename type="middle">Hamed</forename><surname>Hassani</surname></persName>
							<affiliation key="aff0">
								<orgName type="department">Department of Computer Science</orgName>
								<orgName type="laboratory">LUCIC@INF.ETHZ.CH</orgName>
								<orgName type="institution">ETH Zurich</orgName>
							</affiliation>
						</author>
						<author>
							<persName xmlns="http://www.tei-c.org/ns/1.0"><forename type="first">Andreas</forename><surname>Krause</surname></persName>
							<affiliation key="aff0">
								<orgName type="department">Department of Computer Science</orgName>
								<orgName type="laboratory">LUCIC@INF.ETHZ.CH</orgName>
								<orgName type="institution">ETH Zurich</orgName>
							</affiliation>
						</author>
						<author>
							<persName xmlns="http://www.tei-c.org/ns/1.0"><forename type="first">Krausea@ethz</forename><surname>Ch</surname></persName>
							<affiliation key="aff0">
								<orgName type="department">Department of Computer Science</orgName>
								<orgName type="laboratory">LUCIC@INF.ETHZ.CH</orgName>
								<orgName type="institution">ETH Zurich</orgName>
							</affiliation>
						</author>
						<title level="a" type="main">Uniform Deviation Bounds for Unbounded Loss Functions like k-Means</title>
					</analytic>
					<monogr>
						<imprint>
							<date/>
						</imprint>
					</monogr>
				</biblStruct>
			</sourceDesc>
		</fileDesc>

		<encodingDesc>
			<appInfo>
				<application version="0.5.6" ident="GROBID" when="2020-04-20T13:48+0000">
					<ref target="https://github.com/kermitt2/grobid">GROBID - A machine learning software for extracting information from scholarly documents</ref>
				</application>
			</appInfo>
		</encodingDesc>		<profileDesc>
			<abstract>
<div xmlns="http://www.tei-c.org/ns/1.0"><p>Uniform deviation bounds limit the difference between a model's expected loss and its loss on an empirical sample uniformly for all models in a learning problem. As such, they are a critical component to empirical risk minimization. In this paper, we provide a novel framework to obtain uniform deviation bounds for loss functions which are unbounded. In our main application, this allows us to obtain bounds for k-Means clustering under weak assumptions on the underlying distribution. If the fourth moment is bounded, we prove a rate of O m − 1 2 compared to the previously known O m − 1 4 rate. Furthermore, we show that the rate also depends on the kurtosisthe normalized fourth moment which measures the "tailedness" of a distribution. We further provide improved rates under progressively stronger assumptions, namely, bounded higher moments, subgaussianity and bounded support.</p></div>
			</abstract>
		</profileDesc>
	</teiHeader>
	<text xml:lang="en">
		<body>
<div xmlns="http://www.tei-c.org/ns/1.0"><head n="1.">Introduction</head><p>Empirical risk minimization -i.e. the training of models on a finite sample drawn i.i.d from an underlying distribution -is a central paradigm in machine learning. The hope is that models trained on the finite sample perform provably well even on previously unseen samples from the underlying distribution. But how many samples m are required to guarantee a low approximation error ? Uniform deviation bounds provide the crucial answer. Informally, they are the worst-case difference across all possible models between the empirical loss of a model and its expected loss. As such, they determine how many samples are required to achieve a fixed error in terms of the loss function. In this paper, we consider the popular k-Means clustering problem and provide uniform deviation bounds based on weak assumptions on the underlying data generating distribution.</p><p>Related work. Traditional Vapnik-Chervonenkis theory provides tools to obtain uniform deviation bounds for binary concept classes such as classification using halfspaces <ref type="bibr">(Vapnik &amp; Chervonenkis, 1971)</ref>. While these results have been extended to provide uniform deviation bounds for sets of continuous functions bounded in [0, 1] <ref type="bibr">(Haussler, 1992;</ref><ref type="bibr">Li et al., 2001)</ref>, these results are not easily applied to k-Means clustering as the underlying loss function in k-Means clustering is continuous and unbounded.</p><p>In his seminal work, <ref type="bibr">Pollard et al. (1981)</ref> shows that k-Means clustering is strongly consistent, i.e., that the optimal cluster centers on the empirical sample converge almost surely to the optimal centers of the distribution under a weak assumption. This has sparked a long line of research on cluster stability <ref type="bibr">(Ben-David et al., 2006;</ref><ref type="bibr">Rakhlin &amp; Caponnetto, 2007;</ref><ref type="bibr">Shamir &amp; Tishby, 2007;</ref><ref type="bibr">2008)</ref> which investigates the convergence of optimal parameters both asymptotically and for finite samples.</p><p>The vector quantization literature offers insights into the convergence of empirically optimal quantizers in terms of the quantization error -the k-Means loss function. A minimax rate of O m − 1 2 is known if the underlying distribution has bounded support <ref type="bibr">(Linder et al., 1994;</ref><ref type="bibr">Bartlett et al., 1998)</ref>. A better rate of O m −1 may be achieved for finite support <ref type="bibr">(Antos et al., 2005)</ref> or under both bounded support and regularity assumptions <ref type="bibr">(Levrard et al., 2013)</ref>. <ref type="bibr">Ben-David (2007)</ref> provides a uniform convergence result for center based clustering under a bounded support assumption. Telgarsky &amp; Dasgupta (2013) prove uniform deviation bounds for k-Means clustering if the underlying distribution satisfies moment assumptions. In particular, in the case of a bounded fourth moment, they show a rate of O m − 1 4 . Our contributions. We provide a novel framework to obtain uniform deviation bounds for unbounded loss functions. It relies on the tail behavior of the underlying distribution and is based on a generalization of the Vapnik-Chervonenkis dimension. In our main application to k-Means, it provides arXiv:1702.08249v1 [stat.ML] 27 Feb 2017 Uniform Deviation Bounds for Unbounded Loss Functions like k-Means uniform deviation bounds with a rate of O m − 1 2 for finite samples under weak assumptions. In contrast to prior work, our bounds are all scale-invariant and hold for any set of k cluster centers (not only for a restricted solution set). We show that convergence depends on the kurtosis of the underlying distribution, which is the normalized fourth moment and measures the "tailedness" of a distribution. If bounded higher moments are available, we provide improved bounds that depend upon the normalized higher moments and we sharpen them even further under the stronger assumptions of subgaussianity and bounded support.</p></div>
<div xmlns="http://www.tei-c.org/ns/1.0"><head n="2.">Problem statement for k-Means</head><p>We first focus on our main application, uniform deviation bounds for k-Means clustering, and defer the (more technical) framework for unbounded loss functions to Section 5. We consider a d-dimensional Euclidean space. For any x ∈ R d and finite set Q ⊂ R d , we define</p><formula xml:id="formula_0">d(x, Q) 2 = min q∈Q x − q 2 2 .</formula><p>Furthermore, in a slight abuse of notation, for x, y ∈ R d , we set d(x, y) 2 = d(x, {y}) 2 = x − y 2 2 . Statistical k-Means. Let P be any distribution on R d with µ = E P [x] and σ 2 = E P d(x, µ) 2 ∈ (0, ∞). For any set Q ⊂ R d of k ∈ N cluster centers, the expected quantization error is given by</p><formula xml:id="formula_1">E P d(x, Q) 2 .</formula><p>The goal of the statistical k-Means problem is to find a set of k cluster centers such that the expected quantization error is minimized.</p><p>Empirical k-Means. Let X denote a finite set of points in R d . The goal of the empirical k-Means problem is to find a set Q of k cluster centers in R d such that the empirical quantization error φ X (Q) is minimized, where</p><formula xml:id="formula_2">φ X (Q) = 1 |X | x∈X d(x, Q) 2 .</formula><p>Empirical risk minimization. In practical machine learning, one often wishes to solve a statistical learning problem such as the variant of k-Means introduced above. Frequently, one assumes that there exists an unknown data distribution P and that one can only observe independent samples from this distribution. The empirical risk minimization approach aims to minimize the error on unseen samples from Pi.e., the expected error -by solving the learning problem on a finite sample. However, to do this, one needs to relate both the empirical learning problem and the statistical learning problem.</p><p>The goal of this paper is to derive bounds on the absolute difference between the expected quantization error based on P and the empirical quantization error based on m independent samples from P . More formally, we wish to bound the deviation</p><formula xml:id="formula_3">φ Xm (Q) − E P d(x, Q) 2 ,</formula><p>uniformly for all Q ∈ R d×k where X m is a set of m independent samples from P . If this difference is sufficiently small for a given m, one may solve the empirical k-Means problem and obtain provable guarantees on the expected quantization error. Ideally, such a bound decreases with m and approaches zero as m → ∞. In that case, it also provides minimal sample sizes to achieve any given approximation error.</p></div>
<div xmlns="http://www.tei-c.org/ns/1.0"><head n="3.">Uniform deviation bounds for k-Means</head><p>A simple approach to obtain uniform deviation bounds would be to try to bound the deviation by an absolute error , i.e., to require that</p><formula xml:id="formula_4">φ Xm (Q) − E P d(x, Q) 2 ≤<label>(1)</label></formula><p>uniformly for a set of possible solutions <ref type="bibr">(Telgarsky &amp; Dasgupta, 2013)</ref>. In this paper, we provide uniform deviation bounds of a more general form: For any distribution P and a sample of m = f ( , δ, k, d, P ) points, we require that with probability at least 1 − δ</p><formula xml:id="formula_5">φ Xm (Q) − E P d(x, Q) 2 ≤ 2 σ 2 + 2 E P d(x, Q) 2</formula><p>(2) uniformly for all Q ∈ R d×k . The terms on the right-hand side may be interpreted as follows: The first term based on the variance σ 2 corresponds to a scale-invariant, additive approximation error. The second term is a multiplicative approximation error that allows the guarantee to hold even for solutions Q with a large expected quantization error.</p><p>There are three key reasons why we choose (2) over (1): First, (1) is not scale-invariant and may thus not hold for classes of distributions that are equal up to scaling. Second, (1) may not hold for an unbounded solution space, e.g. R d×k . Third, we can always rescale P to unit variance and restrict ourselves to solutions Q with E P d(x, Q) 2 ≤ σ 2 . Then, (2) implies (1) for a suitable transformation of P .</p><p>Importance of scale-invariance. If we scale all the points in a data set X and all possible sets of solutions Q by some λ &gt; 0, then the empirical quantization error is scaled by λ 2 . Similarly, if we consider the random variable λx where x ∼ P , then the expected quantization error is scaled by λ 2 . At the same time, the k-Means problem remains the same: an optimal solution of the scaled problem is simply a scaled optimal solution of the original problem. Crucially, however, it is impossible to achieve the guarantee in (1) for distributions that are equal up to scaling: Suppose that (1) holds for some error tolerance , and sample size m with probability at least 1 − δ. Consider a distribution P and a solution Q ∈ R d×k such that with probability at least δ we have</p><formula xml:id="formula_6">a &lt; φ Xm (Q) − E P d(x, Q) 2 .</formula><p>for some a &gt; 0. 1 For λ &gt; 1 √ a , letP be the distribution of the random variable λx where x ∼ P and letX m consist of m samples fromP . DefiningQ = {λq | q ∈ Q}, we have with probability at least δ φX m Q − EP d x,Q 2 &gt; aλ 2 &gt; which contradicts (1) for the distributionP and the solu-tionQ. Hence, (1) cannot hold for both P and its scaled transformationP .</p><p>Unrestricted solution space One way to guarantee scaleinvariance would be require that</p><formula xml:id="formula_7">φ Xm (Q) − E P d(x, Q) 2 ≤ σ 2<label>(3)</label></formula><p>for all Q ∈ R d×k . However, while (3) is scale-invariant it is also impossible to achieve for all solutions Q as the following example shows. For simplicity, consider the 1-Means problem in 1 dimensional space and let P be a distribution with zero mean. Let X m denote m independent samples from P and denote byμ the mean of X m . For any finite m, suppose thatμ = 0 with high probability 2 and consider a solution Q consisting of a single point q ∈ R. We then have</p><formula xml:id="formula_8">(4) φ Xm ({q}) − E P d(x, {q}) 2 = φ Xm ({μ}) + d(μ, q) 2 − σ 2 − d(0, q) 2 = φ Xm ({μ}) − σ 2 + q 2 − 2qμ +μ 2 − q 2 = φ Xm ({μ}) − σ 2 +μ 2 − 2qμ</formula><p>Sinceμ = 0 with high probability, clearly this expression diverges as q → ∞ and thus (3) cannot hold for arbitrary solutions Q ∈ R d×k . Intuitively, the key issue is that both the empirical and the statistical error become unbounded as q → ∞. Previous approaches such as Telgarsky &amp; Dasgupta (2013) solve this issue by restricting the solution space from R d×k to solutions that are no worse than some threshold. In contrast, we allow the deviation between the empirical and the expected quantization error to scale with E P d(x, Q) 2 .</p><p>Arbitrary distributions. Finally, we show that we either need to impose assumptions on P or equivalently make the relationship between m, and δ in (2) depend on the underlying distribution P . Suppose that there exists a sample size m ∈ N, an error tolerance ∈ (0, 1) and a maximal failure probability δ ∈ (0, 1) such that (2) holds for any distribution P . Let P be the Bernoulli distribution on {0, 1} ⊂ R with P [x = 1] = p for p ∈ (δ 1 m , 1). By design, we have µ = p, σ 2 = p(1 − p) and E P d(x, 1) 2 = (1 − p). Furthermore, with probability at least δ, the set X m of m independent samples from P consists of m copies of a point at one. Hence, (2) implies that with probability at least 1 − δ</p><formula xml:id="formula_9">φ Xm (1) − E P d(x, 1) 2 ≤ E P d(x, 1) 2 since σ 2 ≤ E P d(x, 1) 2 .</formula><p>However, with probability at least δ, we have φ Xm (1) = 0 which would imply 1 ≤ and thus lead to a contradiction with ∈ (0, 1).</p></div>
<div xmlns="http://www.tei-c.org/ns/1.0"><head n="4.">Key results for k-Means</head><p>In this section, we present our main results for k-Means and defer the analysis and proofs to Sections 6.</p></div>
<div xmlns="http://www.tei-c.org/ns/1.0"><head n="4.1.">Kurtosis bound</head><p>Similar to Telgarsky &amp; Dasgupta (2013), the weakest assumption that we require is that the fourth moment of d(x, µ) for x ∈ P is bounded. 3 Our results are based on the kurtosis of P which we define aŝ</p><formula xml:id="formula_10">M 4 = E P d(x, µ) 4 σ 4 .</formula><p>The kurtosis is the normalized fourth moment and is a scaleinvariant measure of the "tailedness" of a distribution. For example, the normal distribution has a kurtosis of 2, while more heavy tailed distributions such as the t-Student distribution or the Pareto distribution have a potentially unbounded kurtosis. A natural interpretation of the kurtosis is provided by <ref type="bibr">Moors (1986)</ref>. For simplicity, consider a data set with unit variance. Then, the kurtosis may be restated as the shifted variance of d(x, µ) 2 , i.e.,</p><formula xml:id="formula_11">M 4 = Var d(x, µ) 2 + 1.</formula><p>This provides a valuable insight into why the kurtosis is relevant for our setting: For simplicity, suppose we would like to estimate the expected quantization error E P d(x, µ) 2 by the empirical quantization error φ Xm ({µ}) on a finite sample X m . 4 Then, the kurtosis measures the dispersion of d(x, µ) 2 around its mean E P d(x, µ) 2 and provides a bound on how many samples are required to achieve an error of . While this simple example provides the key insight for the trivial solution Q = {µ}, it requires a non-trivial effort to extend the guarantee in (2) to hold uniformly for all solutions Q ∈ R d×k .</p><p>With the use of a novel framework to learn unbounded loss functions (presented in Section 5), we are able to provide the following guarantee for k-Means.</p><p>Theorem 1 (Kurtosis). Let ∈ (0, 1), δ ∈ (0, 1) and k ∈ N.</p><p>Let P be any distribution on R d with KurtosisM 4 &lt; ∞. For m ≥ 12800 8 +M 4 2 δ 3 + 30k(d + 4) log 6k + log 1 δ let X = {x 1 , x 2 , . . . , x m } be m independent samples from P . Then, with probability at least</p><formula xml:id="formula_12">1 − δ, for all Q ∈ R d×k φ X (Q) − E P d(x, Q) 2 ≤ 2 σ 2 + 2 E P d(x, Q) 2 .</formula><p>The proof is provided in Section 6.1. The number of required samples m ∈ Ω M 4 2 δ dk log k + log 1 δ is linear in the kurtosisM 4 and the dimensionality d, nearlinear in the number of clusters k and 1 δ , and quadratic in 1 . Intuitively, the bound may be interpreted as follows: Ω M 4 2 δ samples are required such that the guarantee holds for a single solution Q ∈ R d×k . Informally, a generalization of the Vapnik Chervonenkis dimension for k-Means clustering may be bounded by O(dk log k) and measures the "complexity" of the learning problem. The multiplicative dk log k + log 1 δ term intuitively extends the guarantee uniformly to all possible Q ∈ R d×k . We refer to Section 6.1 for a formal derivation of the bound.</p><p>We compare our results to the one obtained in Telgarsky &amp; Dasgupta (2013) based on a fourth moment bound. While we require a bound on the normalized fourth moment, i.e. the kurtosis, Telgarsky &amp; Dasgupta (2013) consider the case where all unnormalized moments up to the fourth are uniformly bounded by some M , i.e.,</p><formula xml:id="formula_13">E P d(x, µ) l ≤ M, 1 ≤ l ≤ 4.</formula></div>
<div xmlns="http://www.tei-c.org/ns/1.0"><head>They provide uniform deviation bounds for all solutions</head><formula xml:id="formula_14">Q such that either φ X (Q) ≤ c or E P d(x, Q) 2 ≤ c for some c &gt; 0.</formula><p>To compare our bounds, we consider a data set with unit variance to compare the different bounds and restrict ourselves to solutions Q ∈ R d×k with an expected quantization error of at most the variance, i.e., E P d(x, Q) 2 ≤ σ 2 = 1. We consider bounds on the maximal deviation</p><formula xml:id="formula_15">∆ = sup Q∈R d×k :E P [d(x,Q) 2 ]≤1 φ X (Q) − E P d(x, Q) 2 .</formula></div>
<div xmlns="http://www.tei-c.org/ns/1.0"><head>Telgarsky &amp; Dasgupta (2013) bound this deviation by</head><formula xml:id="formula_16">∆ ∈ O M 2 √ m dk log(M dm) + log 1 δ + 1 mδ 2 .</formula><p>In contrast, our bound in Theorem 1 implies</p><formula xml:id="formula_17">∆ ∈ O   M 4 mδ dk log k + log 1 δ   .</formula><p>The key difference is in how ∆ scales with the sample size</p><formula xml:id="formula_18">m. While Telgarsky &amp; Dasgupta (2013) show a rate of ∆ ∈ O m − 1 4 , we improve it to ∆ ∈ O m − 1 2 .</formula></div>
<div xmlns="http://www.tei-c.org/ns/1.0"><head n="4.2.">Bounded higher moments</head><p>The tail behavior of d(x, µ) may be characterized by the moments of P . Hence, if the underlying distribution has higher moments that are bounded, we are able to sharpen our bound. For p ∈ N, we consider the standardized p-th moment of P , i.e.,M</p><formula xml:id="formula_19">p = E P [d(x, µ) p ] σ p .</formula><p>Theorem 2 (Moment bound). Let ∈ (0, 1), δ ∈ (0, 1) and k ∈ N. Let P be any distribution on R d with finite p-th order moment boundM p &lt; ∞ for p ∈ {4, 8, . . . , ∞}. For</p><formula xml:id="formula_20">m ≥ max 3200m1 2 , 8 δ 8 p with m 1 = p 4 +M p 4 p 3 + 30k(d + 4) log 6k + log 1 δ let X = {x 1 , x 2 , . . . , x m } be m independent samples from P . Then, with probability at least 1 − δ, for all Q ∈ R d×k φ X (Q) − E P d(x, Q) 2 ≤ 2 σ 2 + 2 E P d(x, Q) 2 .</formula><p>The proof is provided in Section 6.2. Compared to the previous bound based on the kurtosis, Theorem 2 requires</p><formula xml:id="formula_21">m ∈ Ω   pM p 4 p 2 dk log k + log 1 δ + 1 δ 8 p  </formula><p>samples. In particular, with higher order moment bounds, it is easier to achieve high probability results since the dependence on 1 δ is only of Ω 1 As in the previous subsection, we compare our results to Telgarsky &amp; Dasgupta (2013) for distributions P that have unit variance and we restrict ourselves to solutions Q ∈ R d×k with an expected quantization error of at most the variance, i.e.,</p><formula xml:id="formula_22">E P d(x, Q) 2 ≤ σ 2 = 1. Telgarsky &amp; Dasgupta (2013) require that there exists a bound M E P d(x, µ) l ≤ M, 1 ≤ l ≤ p.</formula><p>Then for m sufficiently large, the maximal deviation ∆ is of</p><formula xml:id="formula_23">O   M 8 p m 1− 4 p dk ln(M 4 p dm) + ln 1 δ + 2 p 4 m 3 4 − 2 p 1 δ 4 p   .</formula><p>In contrast, we obtain, for m sufficiently large,</p><formula xml:id="formula_24">∆ ∈ O    pM p 4 p m dk log k + log 1 δ   .</formula></div>
<div xmlns="http://www.tei-c.org/ns/1.0"><head>While Telgarsky &amp; Dasgupta (2013) only show a rate of</head><formula xml:id="formula_25">O m − 1 2 as p → ∞, we obtain a ∈ O m − 1 2</formula><p>rate for all higher moment bounds.</p></div>
<div xmlns="http://www.tei-c.org/ns/1.0"><head n="4.3.">Subgaussianity</head><p>If the distribution P is subgaussian, then all its momentŝ M p are bounded. By optimizing p in Theorem 2, we are able to show the following bound. Theorem 3 (Subgaussian bound). Let ∈ (0, 1), δ ∈ (0, 1) and k ∈ N. Let P be any distribution on</p><formula xml:id="formula_26">R d with µ = E P [x] and ∀t &gt; 0 : P [d(x, µ) &gt; tσ] ≤ a exp − t 2 √ b for some a &gt; 1, b &gt; 0. Let m ≥ 3200m1 2 with m 1 = p 4 + abp 2 4 3 + 30k(d + 4) log 6k + log 1 δ .</formula><p>and p ≤ 9 + 4 log 1 δ . Let X = {x 1 , x 2 , . . . , x m } be m independent samples from P . Then, with probability at least</p><formula xml:id="formula_27">1 − δ, for all Q ∈ R d×k φ X (Q) − E P d(x, Q) 2 ≤ 2 σ 2 + 2 E P d(x, Q) 2 .</formula><p>The proof is provided in Section 6.3. In Ω(·) notation, we hence require m ∈ Ω ab log 3 1 δ σ 2 dk log k + log 1 δ samples. This result features a polylogarithmic dependence on 1 δ compared to the polynomial dependence for the bounds based on bounded higher moments. The required sample size further scales linearly with the (scale-invariant) subgaussianity parameters a and b. For example, if P is a one-dimensional normal distribution of any scale, we would have a = 2 and b = 1.</p></div>
<div xmlns="http://www.tei-c.org/ns/1.0"><head n="4.4.">Bounded support</head><p>Finally, the strongest assumption that we consider is if the support of P is bounded by a hypersphere in R d with diameter R &gt; 0. This ensures that almost surely d(x, µ) ≤ R and henceM 4 ≤ R 4 σ 4 . This allows us to obtain the following result.</p><p>Theorem 4 (Bounded support). Let ∈ (0, 1), δ ∈ (0, 1) and k ∈ N. Let P be any distribution on</p><formula xml:id="formula_28">R d , with µ = E P [x] and σ 2 = E P d(x, µ) 2 ∈ (0, ∞), whose support is contained in a d-dimensional hypersphere of diameter R &gt; 0. For m ≥ 12800 8 + R 4 σ 4 2 3 + 30k(d + 4) log 6k + log 1 δ let X = {x 1 , x 2 , . . . , x m } be m independent samples from P . Then, with probability at least 1 − δ, for all Q ∈ R d×k φ X (Q) − E P d(x, Q) 2 ≤ 2 σ 2 + 2 E P d(x, Q) 2 .</formula><p>The proof is provided in Section 6.4. Again, the required sample size scales linearly with the kurtosis bound R 4 σ 4 . However, the bound is only logarithmic in 1 δ .</p></div>
<div xmlns="http://www.tei-c.org/ns/1.0"><head n="5.">Framework for unbounded loss functions</head><p>To obtain the results presented in Section 4, we propose a novel framework to uniformly approximate the expected values of a set of unbounded functions based on an empirical sample. We consider a function family F mapping from an arbitrary input space X to R ≥0 and a distribution P on X . We further require a generalization of the Vapnik-Chervonenkis dimension to continuous, unbounded functions 5 -the pseudo-dimension.</p><p>Definition 1 (Haussler (1992); Li et al. <ref type="formula" target="#formula_4">(2001)</ref>). The pseudodimension of a set F of functions from X to R ≥0 , denoted by Pdim(F), is the largest d such there is a sequence x 1 , . . . , x d of domain elements from X and a sequence r 1 , . . . , r d of reals such that for each b 1 , .</p><formula xml:id="formula_29">. . , b d ∈ {above, below}, there is an f ∈ F such that for all i = 1, . . . , d , we have f (x i ) ≥ r i ⇐⇒ b i = above.</formula><p>Similar to the VC dimension, the pseudo-dimension measures the cardinality of the largest subset of X that can be shattered by the function family F. Informally, the pseudodimension measures the richness of F and plays a critical role in providing a uniform approximation guarantee across all f ∈ F. With this notion, we are able to state the main result in our framework.</p><formula xml:id="formula_30">Theorem 5. Let ∈ (0, 1), δ ∈ (0, 1) and t &gt; 0. Let F be a family of functions from X to R ≥0 with Pdim(F ) = d &lt; ∞. Let s : X → R ≥0 be a function such that s(x) ≥ sup f ∈F f (x) for all x ∈ X . Let P be any distribution on X and for m ≥ 200t 2 3 + 5d + log 1 δ , let x 1 , x 2 , . . . , x 2m be 2m independent samples from P . Then, if E P s(x) 2 ≤ t and P 1 2m 2m i=1 s(x i ) 2 &gt; t ≤ δ 4 , (5) it holds with probability at least 1 − δ that 1 m m i=1 f (x i ) − E P [f (x)] ≤ , ∀f ∈ F.<label>(6)</label></formula><p>Applying Theorem 5 to a function family F requires three steps: First, one needs to bound the pseudo-dimension of F. Second, it is necessary to find a function s :</p><formula xml:id="formula_31">X → R ≥0 such that f (x) ≤ s(x), ∀x ∈ X and ∀f ∈ F.</formula><p>Ideally, such a bound should be as tight as possible. Third, one needs to find some t &gt; 0 and a sample size</p><formula xml:id="formula_32">m ≥ 200t 2 3 + 5d + log 1 δ such that E P s(x) 2 ≤ t and P 1 2m 2m i=1 s(x i ) 2 &gt; t ≤ δ 4 .</formula><p>Finding such a bound usually entails examining the tail behavior of s(x) 2 under P . Furthermore, it is evident that a bound t may only be found if E P s(x) 2 is bounded and that assumptions on the distribution P are required. In Section 6, we will see that for k-Means a function s(x)</p><p>with E P s(x) 2 &lt; ∞ may be found if the kurtosis of P is bounded.</p><p>We defer the proof of Theorem 5 to Section B of the Supplementary Materials and provide a short proof sketch that captures the main insight.</p><p>Proof sketch. Our proof is based on a double sampling approach. Let x m+1 , x m+2 , . . . , x 2m be an additional m independent samples from P and let σ 1 , σ 2 , . . . , σ m be independent random variables uniformly sampled from {−1, 1}.</p><p>Then, we show that, if E P s(x) 2 ≤ t, the probability of (6) not holding may be bounded by the probability that there exists a f ∈ F such that</p><formula xml:id="formula_33">1 m m i=1 σ i (f (x i ) − f (x i+m )) &gt; .<label>(7)</label></formula><p>We first provide the intuition for a single function f ∈ F and then show how we extend it to all f ∈ F. While the function f (x) is not bounded, for a given sample</p><formula xml:id="formula_34">x 1 , x 2 , . . . , x 2m , each f (x i ) is contained within [0, s(x i )]. Given the sample x 1 , x 2 , . . . , x 2m , the random variable σ i (f (x i ) − f (x i+m ) is bounded in 0 ± max (s(x i ), s(x i+m )</formula><p>) and has zero mean. Hence, given independent samples x 1 , x 2 , . . . , x 2m , the probability of (7) occurring for a single f ∈ F can be bounded using Hoeffding's inequality by</p><formula xml:id="formula_35">2 exp − 2m 2 1 m m i=1 max (s(x i ), s(x i+m )) 2 ≤ 4 exp − 2m 2 1 2m 2m i=1 s(x i ) 2 .</formula><p>By <ref type="formula">(5)</ref>, with probability at least 1 − δ 4 , we have</p><formula xml:id="formula_36">1 2m 2m i=1 s(x i ) 2 ≤ t and we hence require m ∈ Ω t log 1</formula><p>δ 2 samples to guarantee that <ref type="formula" target="#formula_33">(7)</ref> does not hold for a single f ∈ F with probability at least 1 − δ 4 . To bound the probability that there exists any f ∈ F such that (7) holds, we use the chaining technique <ref type="bibr">(Pollard, 2012;</ref><ref type="bibr">Li et al., 2001)</ref>. In Lemma 5 (see Section B of the Supplementary Materials), we show that, given independent samples x 1 , x 2 , . . . , x 2m ,</p><formula xml:id="formula_37">P ∃f ∈ F : 1 m m i=1 σi(f (xi) − f (xi+m)) &gt; ≤ 4 16e 2 Pdim(F ) e − 2 m 200 1 2m 2m i=1 s(x i ) 2 .</formula><p>The key difficulty in proving Lemma 5 is that the functions f ∈ F are not bounded uniformly in <ref type="bibr">[0,</ref><ref type="bibr">1]</ref>. To this end, we provide in Lemma 4 a novel result that bounds the size of -packings of F if the functions f ∈ F are bounded in expectation. Based on Lemma 5, we then prove the main claim of Theorem 5.</p></div>
<div xmlns="http://www.tei-c.org/ns/1.0"><head n="6.">Analysis for k-Means</head><p>In order to apply Theorem 5 to k-Means clustering, we require a suitable family F, an upper bound s(x) and a bound on E P s(x) 2 . We provide this in Lemma 1 and defer bounding 1 2m 2m i=1 s(x i ) 2 to the proofs of Theorems 2-4.</p><p>Lemma 1 (k-Means). Let k ∈ N. Let P be any distribution on R d with µ = E P [x], σ 2 = E P d(x, µ) 2 ∈ (0, ∞) and bounded kurtosisM 4 . For any x ∈ R d and any Q ∈ R d×k , define</p><formula xml:id="formula_38">f Q (x) = d(x, Q) 2 1 2 σ 2 + 1 2 E P [d(x, Q) 2 ]<label>(8)</label></formula><p>as well as the function family</p><formula xml:id="formula_39">F = f Q (·) | Q ∈ R d×k . Let s(x) = 4 d(x, µ) 2 σ 2 + 8.</formula><p>We then have</p><formula xml:id="formula_40">Pdim(F) ≤ 6k(d + 4) log 6k,<label>(9)</label></formula><formula xml:id="formula_41">f Q (x) ≤ s(x) ∀x ∈ R d<label>(10)</label></formula><p>for any x ∈ R d and Q ∈ R d×k and</p><formula xml:id="formula_42">E P s(x) 2 = 128 + 16M 4 .<label>(11)</label></formula><p>The proof of Lemma 1 is provided in Section C of the Supplementary Materials. The definition of f Q (x) in <ref type="formula" target="#formula_38">(8)</ref> is motivated as follows: If we use Theorem 5 to guarantee</p><formula xml:id="formula_43">m i=1 f (x i ) − E P [f (x)] ≤ ∀f ∈ F.<label>(12)</label></formula><p>then this implies</p><formula xml:id="formula_44">φ X (Q) − E P d(x, Q) 2 ≤ 2 σ 2 + 2 E P d(x, Q) 2<label>(13)</label></formula><p>as is required by Theorems 2-4. Lemma 1 further shows that the expectation of s(x) 2 is bounded if the kurtosis of P is bounded. This is the reason why a bounded kurtosis is the weakest assumption on P that we require in Section 4.</p><p>We now proceed to prove Theorems 2-4 by applying Theorem 5 and examining the tail behavior of 1 2m 2m i=1 s(x i ) 2 .</p></div>
<div xmlns="http://www.tei-c.org/ns/1.0"><head n="6.1.">Proof of Theorem 1 (kurtosis bound)</head><p>The bound based on the kurtosis follows easily from Markov's inequality.</p><p>Proof. We consider the choice t = 4 128 + 16M 4 /δ. By Markov's inequality and linearity of expectation, we then have that </p><formula xml:id="formula_45">P 1 2m 2m i=1 s(x i ) 2 &gt; t ≤ E s(x) 2 t = δ 4 . Furthermore, E P s(x) 2 ≤ t</formula><formula xml:id="formula_46">1 − δ that 1 m m i=1 f (x i ) − E [f (x)] ≤ ∀f ∈ F.</formula><p>This implies the main claim and thus concludes the proof.</p></div>
<div xmlns="http://www.tei-c.org/ns/1.0"><head n="6.2.">Proof of Theorem 2 (higher order moment bound)</head><p>We prove the result by bounding the higher moments of 1 2m 2m i=1 s(x i ) 2 using the Marcinkiewicz-Zygmund inequality and subsequently applying Markov's inequality. </p></div>
<div xmlns="http://www.tei-c.org/ns/1.0"><head>Proof. Hoelder's inequality implieŝ</head><formula xml:id="formula_47">M 4 = E P d(x, µ) 4 σ 2 ≤ E P [d(x, µ) p ] 4 p σ 4 ≤M p 4 p Hence, by Lemma 1 we have that E P s(x) 2 ≤ 128 + 16M p 4 p Since s(x) 2 ≥ 0 for all x ∈ R d , we have s(x) 2 − E P s(x) 2 ≤ max s(x) 2 , E P s(x) 2 ≤ max s(x) 2 , 128 + 16M p 4 p ≤ 128 + 16 max M p 4 p , 2 d(x, µ) 4 σ 4 .<label>(14)</label></formula><formula xml:id="formula_48">E P   1 2m 2m i=1 s(x i ) 2 − E P s(x) 2 p 4   ≤ p − 4 4 √ 2m p 4 E P s(x) 2 − E P s(x) 2 p 4 ≤ p − 4 4 √ 2m p 4 256 p 4 + 64 p 4M p</formula><p>For u &gt; 0, the Markov inequality implies</p><formula xml:id="formula_49">(17) P 1 2m 2m i=1 s(x i ) 2 − E P s(x) 2 &gt; u ≤ p − 4 4u √ 2m p 4 256 p 4 + 64 p 4M p ≤ 2 p − 4 u √ 2m 64 + 16M p 4 p p 4</formula><p>For u = (p − 4) 64 + 16M p 4 p , we thus have</p><formula xml:id="formula_50">P 1 2m 2m i=1 s(x i ) 2 − E P s(x) 2 &gt; u ≤ 2m − p 8<label>(18)</label></formula><p>Since m ≥ 8</p><formula xml:id="formula_51">δ 8 p , this implies (19) P 1 2m 2m i=1 s(x i ) 2 − E P s(x) 2 &gt; u ≤ δ 4</formula><p>It holds that</p><p>u + E P s(x) 2 = (p − 4) 64 + 16M p </p><p>We set t = p 64 + 16M p 4 p and thus have</p><formula xml:id="formula_53">(21) P 1 2m 2m i=1 s(x i ) 2 &gt; t ≤ δ 4</formula><p>In combination with E P s(x) 2 ≤ t by Lemma 1, we may thus apply Theorem 5. Since m ≥ 3200m1 2 with m 1 = p 4 +M p 4 p 3 + 30k(d + 4) log 6k + log 1 δ it holds with probability at least 1 − δ that</p><formula xml:id="formula_54">1 m m i=1 f (x i ) − E [f (x)] ≤ ∀f ∈ F.</formula><p>This implies the main claim and thus concludes the proof.</p></div>
<div xmlns="http://www.tei-c.org/ns/1.0"><head n="6.3.">Proof of Theorem 3 (subgaussianity)</head><p>Under subgaussianity, all moments of d(x, µ) are bounded. We show the result by optimizing over p in Theorem 2.</p><p>Proof. For p ∈ {4, 8, . . . , ∞}, we have</p><formula xml:id="formula_55">M p = E P d(x, µ) σ p = ∞ 0 P d(x, µ) σ &gt; u 1 p du ≤ ∞ 0 a exp − u 2 p √ b du. Let u(t) = b p 4 t p 2 which implies du/dt = b p 4 p 2 t p 2 −1 . Hence, M p ≤ ab p 4 p 2 ∞ 0 e −t t p 2 −1 dt.<label>(22)</label></formula><p>By the definition of the gamma function and since p is even, The main claim finally holds since p * ≤ p = 9 + 3 log 1 δ .</p><formula xml:id="formula_56">we have ∞ 0 e −t t p 2 −1 dt = Γ p 2 = p 2 − 1 ! ≤ p 2 p 2 −1</formula></div>
<div xmlns="http://www.tei-c.org/ns/1.0"><head n="6.4.">Proof of Theorem 4 (bounded support)</head><p>Proof. Let t = 128 + 64R 4 /σ 4 . Since the support of P is bounded, we have s(x) ≤ t for all x ∈ R d . This implies</p><formula xml:id="formula_57">that E P s(x) 2 ≤ t and that 1 2m 2m i=1 s(x i ) 2 ≤ t almost</formula><p>surely. The result then follows from Theorem 5.</p></div>
<div xmlns="http://www.tei-c.org/ns/1.0"><head n="7.">Conclusion</head><p>We have presented a framework to uniformly approximate the expected value of unbounded functions on an empirical sample. With this framework we are able to provide theoretical guarantees for empirical risk minimization in k-Means clustering if the kurtosis of the underlying distribution is bounded. We have obtained state-of-the art bounds on the number of required samples to achieve a given uniform approximation error. If the underlying distribution fulfills stronger assumptions such as bounded higher moment, subgaussianity or bounded support, then we obtain progressively better bounds.</p></div>
<div xmlns="http://www.tei-c.org/ns/1.0"><head>References</head><p>Antos, András, Gyorfi, L, and Gyorgy, Andras. Individual convergence rates in empirical vector quantizer design. IEEE Transactions on Information Theory, 51 <ref type="formula" target="#formula_4">(11)</ref> </p></div>
<div xmlns="http://www.tei-c.org/ns/1.0"><head>A. Auxiliary lemmas</head><p>For the following proofs we require two auxiliary lemmas.</p><p>Lemma 2. Let x &gt; 0 and a &gt; 0. If</p><formula xml:id="formula_58">x ≤ a log x (23)</formula><p>then it holds that</p><formula xml:id="formula_59">x ≤ 2a log 2a.<label>(24)</label></formula><p>Proof. Since x &gt; 0, we have √ x &gt; 0 and thus log √ x ≤ √ x. Together with (23), this implies</p><formula xml:id="formula_60">x ≤ a log x = 2a log √ x ≤ 2a √ x,</formula><p>and thus</p><p>x ≤ 4a 2 .</p><p>We show the result by contradiction. Suppose that</p><p>x &gt; 2a log 2a.</p><p>Together with (23), this implies 2a log 2a &lt; a log x which in turn leads to the contradiction</p><formula xml:id="formula_61">x &gt; 4a 2 .</formula><p>This concludes the proof since (24) must hold. Proof. Subtracting</p><formula xml:id="formula_62">1 2 S n = n j=1 j 2 j+1 = n j=2 j − 1 2 j from S n yields 1 − 1 2 S n = n j=1 √ j − √ j − 1 2 j/2 = 1 2 + n j=2 √ j − √ j − 1 2 j/2 . For j ≥ 2, we have √ j − √ j − 1 ≤ √ 2 − 1 and hence 1 − 1 2 S n ≤ 1 2 + √ 2 − 1 n j=2 1 2 j = 1 2 + √ 2 − 1 2 n j=2 1 2 j−2 = 1 2 + √ 2 − 1 2 n j=0 1 2 j ( * )</formula><p>.</p><p>The term ( * ) is a geometric series and hence</p><formula xml:id="formula_63">lim n→∞ n j=0 1 2 j = 1 − 1 2 −1 . This implies lim n →∞ S n ≤    1 2 + √ 2 − 1 2 1 − 1 2    1 − 1 2 −1 = 1 √ 2 1 − 1 2 + √ 2 1 − 1 2 2 1 − 1 2 2 = 2 √ 2 − 1 = 2 √ 2 − 1 √ 2 + 1 √ 2 + 1 = 2 + 2 √ 2 ≤ 5</formula><p>as desired.</p></div>
<div xmlns="http://www.tei-c.org/ns/1.0"><head>B. Proof of Theorem 5</head><p>We first show two results, Lemma 4 and 5 and then use them to prove Theorem 5.</p><p>Definition 2. Let F be a family of functions from X to R ≥0 and Q an arbitrary measure on X . For any f, g ∈ F, we define the distance function</p><formula xml:id="formula_64">d L 1 (Q) (f, g) = X |f (x) − g(x)| dQ(x).</formula><p>For any f ∈ F and A ⊆ F, we further define</p><formula xml:id="formula_65">d L 1 (Q) (f, A) = min g∈A d L 1 (Q) (f, g).</formula><p>Definition 3. For &gt; 0, a set A ⊆ B is an -packing of B with respect to some metric d if for any two distinct x, y ∈ A, d(x, y) &gt; . The cardinality of the largest -packing of B with respect to d is denoted <ref type="figure">by M ( , B, d)</ref>.</p><p>Lemma 4 ( -packing). Let F be a family of functions from X to R ≥0 with Pdim(F ) = d. For all x ∈ X , let s(x) = sup f ∈F f (x). Let Q be an arbitrary measure on X with</p><formula xml:id="formula_66">0 &lt; E Q [s(x)] &lt; ∞. Then, for all 0 &lt; ≤ E Q [s(x)], M , F, d L 1 (Q) ≤ 8 2eE Q [s(x)] 2d .</formula><p>Proof. Our proof is similar to the proof of Theorem 6 in Haussler <ref type="bibr">(1992)</ref>. The difference is that we consider a function family F that is not uniformly bounded but only bounded in expectation. The key idea is to construct a random sample and to use the expected number of dichotomies on that set to bound the size of an -packing by the pseudodimension.</p><p>Noting that by definition s(x) ≥ 0 and E Q [s(x)] &lt; ∞, we define the probability measureQ on X using the Radon-Nikodym derivative</p><formula xml:id="formula_67">dQ(x) dQ(x) = s(x) E Q [s(x)]</formula><p>, ∀x ∈ X .</p><p>Let x = (x 1 , x 2 , . . . , x m ) be a random vector in X m , where each x i is drawn independently at random fromQ. Given x, let r = (r 1 , r 2 , . . . , r m ) be a random vector, where each r i is drawn independently at random from a uniform distribution on [0, s(x i )].</p><p>For any f ∈ F, we denote the restriction (f (x 1 ), . . . , f (x m )) by f x and set F x = {f x | f ∈ F}. For any vector z ∈ R m , we define sign( z) = (sign(z 1 ), . . . , sign(z m )) .</p><p>The set of dichotomies induced by r on F x is given by</p><formula xml:id="formula_68">sign(F x − r) = {sign(f x − r) | f ∈ F} .</formula><p>For m ≥ d, Sauer's Lemma <ref type="bibr">(Sauer, 1972;</ref><ref type="bibr">Vapnik &amp; Chervonenkis, 1971</ref>) bounds the size of this set by</p><formula xml:id="formula_69">|sign(F x − r)| ≤ (em/d) d ,</formula><p>for all x ∈ X m and r ∈ R m . Hence, the expected number of dichotomies is also bounded, i.e.</p><formula xml:id="formula_70">E [|sign(F x − r)|] ≤ (em/d) d .<label>(25)</label></formula><p>Let G be a -separated subset of F with respect to d L 1 (Q) with |G|= M , F, d L 1 (Q) . By definition, for any two distinct f, g ∈ G, we have</p><formula xml:id="formula_71">X |f (x) − g(x)| dQ(x) &gt; .</formula><p>Consider the set X 0 = {x ∈ X : s(x) = 0} and define X &gt;0 = X \ X 0 . By definition ofQ, X 0 is zero set of Q and, since f (x), g(x) ∈ [0, s(x)] for all x ∈ X , we have X0 |f (x) − g(x)| dQ(x) = 0. For any two distinct f, g ∈ G, we thus have for all i = 1, . . . , m</p><formula xml:id="formula_72">P [sign(f (x i ) − r i ) = sign(g(x i ) − r i )] = X |f (xi)−g(xi)| 0 1 s(x) drdQ(x) = X&gt;0 |f (xi)−g(xi)| 0 1 s(x) drdQ(x) = X&gt;0 |f (x i ) − g(x i )| s(x) dQ(x) = X&gt;0 |f (x i ) − g(x i )| E Q [s(x)] dQ(x) = X |f (x i ) − g(x i )| E Q [s(x)] dQ(x) &gt; E Q [s(x)]</formula><p>This allows us to bound the probability that two distinct f, g ∈ G produce the same dichotomy on all m samples, i.e.</p><formula xml:id="formula_73">P [sign(f x − r) = sign(g x − r)] = m i=1 (1 − P [ sign(f (x i ) − r i ) = sign(g(x i ) − r i ) ]) ≤ 1 − E Q [s(x)] m ≤ exp − m E Q [s(x)]</formula><p>.</p><p>Given x ∈ X m and r ∈ R m , let H be the subset of G with unique dichotomies, i.e., H ⊆ G such that for any f ∈ H,</p><formula xml:id="formula_74">sign(f x − r) = sign(g x − r),</formula><p>for all g ∈ G \ {f }. We then have</p><formula xml:id="formula_75">P [f / ∈ H] = P [ ∃g ∈ G \ {f } : sign(f x − r) = sign(g x − r) ] ≤ |G| max g∈G\{f } P [ sign(f x − r) = sign(g x − r) ] ≤ |G|· exp − m E Q [s(x)]</formula><p>.</p><p>This allows us to bound the expected number of dichotomies Uniform Deviation Bounds for Unbounded Loss Functions like k-Means from below, i.e.,</p><formula xml:id="formula_76">E [|sign(F x − r)|] ≥ E [|sign(G x − r)|] ≥ E [|sign(H x − r)|] ≥ E [|H|] = f ∈G (1 − P [ f / ∈ H ]) ≥ |G| 1 − |G|· exp − m E Q [s(x)]</formula><p>.</p><p>Together with (25), we thus have for m ≥ d</p><formula xml:id="formula_77">em d d ≥ |G| 1 − |G|· exp − m E Q [s(x)] .<label>(26)</label></formula><p>Consider the case</p><formula xml:id="formula_78">E Q [s(x)] ln(2|G|) &lt; d. Since ≤ E Q [s(x)] and |G|= M , F, d L 1 (Q) , we then have M , F, d L 1 (Q) = |G|≤ 1 2 e d /E Q [s(x)] ≤ 1 2 e d</formula><p>as required to show the result. We hence assume E Q [s(x)] ln(2|G|)/ ≥ d for the remainder of the proof.</p><p>Let m ≥ E Q [s(x)] ln(2|G|)/ which implies</p><formula xml:id="formula_79">1 − |G|· exp − m E Q [s(x)] ≥ 1 2 .</formula><p>Together with (26) and m ≥ d, it follows that</p><formula xml:id="formula_80">|G|≤ 2 eE Q [s(x)] d ln(2|G|) d and hence |G| 2 d d d 2|G| (ln 2|G|) d ≤ 2 √ 2 2eE Q [s(x)] d .<label>(27)</label></formula><p>Since ln x ≤ x, we have for x = (2|G|) 1/2d that</p><formula xml:id="formula_81">ln(2|G|) 1/2d ≤ (2|G|) 1/2d</formula><p>which implies ln(2|G|) ≤ 2d(2|G|) 1/2d and hence</p><formula xml:id="formula_82">1 ≤ 2 d d d 2|G| (ln 2|G|) d .</formula><p>Together with <ref type="formula" target="#formula_33">(27)</ref> and |G|= M , F, d L 1 (Q) , we have</p><formula xml:id="formula_83">M , F, d L 1 (Q) = |G|≤ 8 2eE Q [s(x)] 2d</formula><p>as required which concludes the proof.</p><p>Lemma 5 (Chaining). Let F be a family of functions from</p><formula xml:id="formula_84">X to R ≥0 with Pdim(F ) = d &lt; ∞. For all x ∈ X , let s(x) = sup f ∈F f (x). For m ≥ 200K(2d + 1)/ 2 , let x 1 , . . . , x 2m be a subset of X with K = 1 2m 2m i=1 s(x i ) 2 &lt; ∞.</formula><p>For i = 1, 2, . . . , m, let σ i be drawn from {−1, 1} uniformly at random. Then, for all 0 &lt; ≤ 1,</p><formula xml:id="formula_85">P ∃f ∈ F : 1 m m i=1 σi(f (xi) − f (xi+m)) &gt; ≤ 4 16e 2 d e − 2 m 200K Proof. Consider the case 1 2m 2m i=1 s(x i ) ≤ 0. By defi- nition, we have s(x i ) ≥ f (x i ) ≥ 0 for all f ∈ F and i = 1, . . . , 2m. Thus, f (x i ) = 0 for all i = 1, . . . , 2m.</formula><p>The claim then follows directly since</p><formula xml:id="formula_86">m i=1 σ i (f (x i ) − f (x i+m ) = 0</formula><p>for all f ∈ F. For the remainder of the proof, we hence only need to consider the case 1 2m 2m i=1 s(x i ) &gt; 0. We define the discrete measure Q by placing an atom at each x i with weight proportional to s(x i ). More formally,</p><formula xml:id="formula_87">P X∼Q [X = x] = 2m i=1 s(x i ) 2m k=1 s(x k ) 1 {xi=x} , ∀x ∈ X . Since 2m i=1 s(x i ) 2 &lt; ∞ and 2m i=1 s(x i ) &gt; 0, we have E Q [s(x)] = 2m i=1 s(x i ) 2 2m k=1 s(x k ) &lt; ∞.<label>(28)</label></formula><p>For j ∈ N, let γ j = E Q [s(x)] /2 j . We define a sequence G 1 , G 2 , . . . , G ∞ of γ j -packings of F as follows: Let the set G 0 consist of an arbitrary element f ∈ F. For any j ∈ N, we initialize G j to G j−1 . Then, we select a single element f ∈ F with d L 1 (Q) (f, G j ) &gt; γ j and add it to G j . We repeat this until no such element f ∈ F with d L 1 (Q) (f, G j ) &gt; γ j is left. By definition, G j is an γ j -packing of F with respect to d L 1 (Q) . Hence, for any f ∈ F, we have</p><formula xml:id="formula_88">d L 1 (Q) (f, G j ) ≤ γ j = E Q [s(x)] /2 j .<label>(29)</label></formula><p>By Lemma 4, the size of G j is bounded by</p><formula xml:id="formula_89">|G j |≤ 2(2e2 j ) 2d = 2 2d(j+1)+1 e 2d .<label>(30)</label></formula><p>For each f ∈ F and j ∈ N, we define the closest element in G j by φ j (f ) = arg min g∈Gj d L 1 (Q) (f, g).</p><p>By <ref type="formula" target="#formula_7">(30)</ref>, G j is finite for each j ∈ N and the minimum is well-defined.</p><p>We construct the following sequence H 1 , H 2 , . . . , H ∞ : Let H 1 be equal to G 1 . For each j ∈ {2, 3, . . . , ∞}, we define</p><formula xml:id="formula_90">H j = {g − φ j−1 (g) : g ∈ G j } . For all j ∈ N and h ∈ H j , there is hence a g h ∈ G j such that h = g h (x) − φ j−1 (g h ).</formula><p>By <ref type="formula" target="#formula_40">(29)</ref>, we thus have for all j ∈ N and h ∈ H j</p><formula xml:id="formula_91">(31) E Q [|h(x)|] = d L 1 (Q) (g h , G j−1 ) ≤ γ j−1 . Furthermore, by (30), we have for all j ∈ N (32) |H j |≤ |G j |≤ 2 2d(j+1)+1 e 2d .</formula><p>The key idea is that intuitively any f ∈ F can be additively decomposed into functions from the sequence H 1 , H 2 , . . . , H ∞ . By definition, for any j ∈ N, any function g ∈ G j can be rewritten as</p><formula xml:id="formula_92">g = j k=1 h g,k where (h g,1 , h g,2 , . . . , h g,j ) are functions in H 1 × H 2 × . . . × H j . Let j → ∞ and define G = ∞ j=1 G j .</formula><p>Clearly, G is dense in F with respect to d L 1 (Q) . We claim that, as a consequence,</p><formula xml:id="formula_93">∃f ∈ F : 1 m m i=1 σ i (f (x i ) − f (x i+m )) &gt;<label>(33)</label></formula><p>if and only if</p><formula xml:id="formula_94">∃g ∈ G : 1 m m i=1 σ i (g(x i ) − g(x i+m )) &gt; .<label>(34)</label></formula><p>Since G ⊆ F, we have (34) =⇒ (33). To show the converse, assume ∃f ∈ F such that</p><formula xml:id="formula_95">1 m m i=1 σ i (f (x i ) − f (x i+m )) = + κ,</formula><p>for some κ &gt; 0. By (29) and j sufficiently large, there exists a g ∈ G such that</p><formula xml:id="formula_96">d L 1 (Q) (f, g) &lt; 4 1 2m 2m k=1 s(x k ) κ 2 .<label>(35)</label></formula><p>Using the triangle inequality, we have</p><formula xml:id="formula_97">+ κ = 1 m m i=1 σ i (f (x i ) − f (x i+m )) ≤ 1 m m i=1 σ i (g(x i ) − g(x i+m )) + 1 m 2m i=1 |f (x i ) − g(x i )| .</formula><p>Using the Cauchy Schwarz inequality, the fact that</p><formula xml:id="formula_98">f (x), g(x) ∈ [0, s(x)]</formula><p>for all x ∈ X , as well as the definition of d L 1 (Q) and <ref type="formula" target="#formula_7">(35)</ref>, we may bound</p><formula xml:id="formula_99">1 m 2m i =1 |f (x i ) − g(x i )| ≤ 1 m 2 2m i=1 |f (x i ) − g(x i )| 2 ≤ 1 m 2 2m i=1 |f (x i ) − g(x i )| s(x i ) = 2m k=1 s(x k ) m 2 2m i=1 |f (x i ) − g(x i )| s(x i ) 2m k=1 s(x k ) = 4 2m k=1 s(x k ) 2m d L 1 (Q) (f, g) &lt; κ.</formula><p>Together with (B), we hence have</p><formula xml:id="formula_100">1 m m i=1 σ i (g(x i ) − g(x i+m )) &gt; .</formula><p>which implies (33) =⇒ (34) as claimed.</p><p>As a consequence, it is sufficient to only consider G instead of F. More formally,</p><formula xml:id="formula_101">P ∃f ∈ F : 1 m m i=1 σi(f (xi) − f (xi+m)) &gt; = P ∃g ∈ G : 1 m m i=1 σi(g(xi) − g(xi+m)) &gt; ≤ P ∃g ∈ G : 1 m m i=1 ∞ j=1 σi(hg,j(xi) − hg,j(xi+m)) &gt; ≤ P ∃g ∈ G : ∞ j=1 1 m m i=1 σi(hg,j(xi) − hg,j(xi+m)) &gt; For i ∈ N, let j = 5 j 2 j . In Lemma 3, we show that ∞ j=1 j ≤ . Suppose it holds that 1 m m i=1 σ i (h g,j (x i ) − h g,j (x i+m )) ≤ j</formula><p>for all g ∈ G and j ∈ N. Then, we have that</p><formula xml:id="formula_102">∞ j=1 1 m m i=1 σ i (h g,j (x i ) − h g,j (x i+m )) ≤ ∞ j=1 j ≤ for all g ∈ G.</formula><p>Hence, using the union bound, we have</p><formula xml:id="formula_103">P ∃f ∈ F : 1 m m i=1 σi(f (xi) − f (xi+m)) &gt; ≤ ∞ j=1 P ∃g ∈ G : 1 m m i=1 σi(hg,j(xi) − hg,j(xi+m)) &gt; j = ∞ j=1 P ∃h ∈ Hj : 1 m m i=1 σi(h(xi) − h(xi+m)) &gt; j ≤ ∞ j=1 |Hj| max h∈H j P 1 m m i=1 σi(h(xi) − h(xi+m)) &gt; j<label>(36)</label></formula><p>We now use Hoeffding's inequality to bound the probability that</p><formula xml:id="formula_104">1 m m i=1 σ i (h(x i ) − h(x i+m )) &gt; j ,</formula><p>for a single j ∈ N and h ∈ H j .</p><p>For i ∈ {1, 2, . . . , m}, consider the random variables</p><formula xml:id="formula_105">X i = σ i (h(x i ) − h(x i+m )).</formula><p>Since σ i are uniformly drawn at random from {−1, 1}, we have E [X i ] = 0 for all i ∈ {1, 2, . . . , m}. Furthermore, each X i is bounded in</p><formula xml:id="formula_106">[a i , b i ] = [0 ± (h(x i ) − h(x i+m ))].<label>(37)</label></formula><p>Since all X i are independent, we may apply Hoeffding's inequality. By Theorem 2 of Hoeffding (1963), we have</p><formula xml:id="formula_107">P 1 m m i=1 X i − E [X i ] &gt; j ≤ e − 2 2 j m 1 m m i=1 (a i −b i ) 2</formula><p>Using (37), we have</p><formula xml:id="formula_108">(a i −b i ) 2 = 4(h(x i )−h(x i+m )) 2 ≤ 4h(x i ) 2 +4h(x i+m ) 2 which implies that 1 m m i=1 (a i − b i ) 2 ≤ 8 1 2m 2m i=1 h(x i ) 2 . Using h(x i ) ∈ [0, s(x i )] and the definition of E Q [·], we have 1 m m i =1 (a i − b i ) 2 ≤ 8 1 2m 2m i=1 |h(x i )|s(x i ) = 8 1 2m 2m i=1 s(x i ) E Q [|h(x)|]</formula><p>By <ref type="formula" target="#formula_4">(31)</ref> and <ref type="formula" target="#formula_38">(28)</ref>, we thus have</p><formula xml:id="formula_109">1 m m i =1 (a i − b i ) 2 ≤ 8 1 2m 2m i=1 s(x i ) γ j−1 = 2 4−j 1 2m 2m i=1 s(x i ) E Q [s(x)] = 2 4−j 1 2m 2m i=1 s(x i ) 2m i=1 s(x i ) 2 2m k=1 s(x k ) = 2 4−j 1 2m 2m i=1 s(x i ) 2 = 2 4−j K Since i = 5 j 2 j this implies − 2 2 j m 1 m m i=1 (a i − b i ) 2 ≤ − 2 mj<label>200K</label></formula><p>Hence, for any j ∈ N and any h ∈ H j</p><formula xml:id="formula_110">P 1 m m i=1 σ i (h(x i ) − h(x i+m )) &gt; j ≤ e − 2 mj</formula><p>200K .</p><p>Together with (32), this allows us to bound (36), i.e.,</p><formula xml:id="formula_111">P ∃f ∈ F : 1 m m i=1 σ i (f (x i ) − f (x i+m )) &gt; ≤ ∞ j=1 |H j |e − 2 mj 200K ≤ ∞ j=1 2 2d(j−1)+4d+1 e 2d e − 2 mj 200K = 2 4d+1 e 2d e − 2 m 200K ∞ j=1 4 d e − 2 m 200K j−1 = 2 4d+1 e 2d e − 2 m 200K ∞ j=0 4 d e − 2 m 200K j .</formula><p>By assumption in the main claim, we have m ≥ 200K(2d + 1)/ 2 and hence</p><formula xml:id="formula_112">0 ≤ 4 d e − 2 m 200K ≤ 1 2 . This implies ∞ j=0 4 d e − 2 m D = f ∈ F : 1 m m i=1 σ i (f (x i ) − f (x i+m )) &gt; /2 .</formula><p>In essence, σ i randomly permutes x i and x m+i for any i ∈ {1, . . . , m}. Hence, since all x i are identically and independently distributed and hence exchangeable, we have</p><formula xml:id="formula_113">P [C] = P [D] .<label>(40)</label></formula><p>Consider the event</p><formula xml:id="formula_114">E = 1 2m 2m i=1 s(x i ) 2 ≤ t</formula><p>and let E denote its complement. By (5), we have that</p><formula xml:id="formula_115">P E ≤ δ 4 .</formula><p>Let E x [·] denote the expectation with regards to the random vector x = (x 1 , x 2 , . . . , x 2m ) and P σ [·] the probability with regards to the random vector σ. By construction, σ and x are independent and the event E only depends on x but not on σ. We thus have </p><formula xml:id="formula_116">P [D] = P D ∩ E + P [D ∩ E] ≤ P E + E x [P σ [D ∩ E]] ≤ δ 4 + E x [P σ [D] 1 E ] = δ 4 + E x [P σ [D|E] 1 E ] .</formula><formula xml:id="formula_117">P [D] ≤ δ 4 + E x 4 16e 2 d e − 2 m 200t 1 E ≤ δ 4 + 4 16e 2 d e − 2 m 200t .</formula><p>In combination with <ref type="formula" target="#formula_7">(39)</ref> and <ref type="formula" target="#formula_113">(40)</ref> Proof. We first show (9) with the same notation as in the proof of Lemma 4. For any f ∈ F, x ∈ X m and r ∈ R m , we denote the restriction (f (x 1 ), . . . , f (x m )) by f x and set F x = {f x | f ∈ F}. For any vector z ∈ R m , we define sign( z) = (sign(z 1 ), . . . , sign(z m )) .</p><p>The set of dichotomies induced by r on F x is given by</p><formula xml:id="formula_118">sign(F x − r) = {sign(f x − r) | f ∈ F} .</formula><p>Letm be equal to the pseudo-dimension of F. This implies that there exist two vectorsx ∈ Xm andr ∈ Rm that are shattered by F, i.e., |sign(Fx −r)| = 2m.</p><p>Consider any x ∈ x, its corresponding r ∈ r and any f Q (·) ∈ F. Defining σ 2 Q = E P d(x, Q) 2 , we have that</p><formula xml:id="formula_120">sign(f Q (x) − r x ) = sign d(x, Q) 2 1 2 σ 2 + 1 2 E P [d(x, Q) 2 ] − r = sign d(x, Q) 2 − r x 2 σ 2 + σ 2 Q = sign min q∈Q d(x, q) 2 − r 2 σ 2 + σ 2 Q = sign min q∈Q</formula><p>x T x − 2x T q + q T q − r 2 σ 2 + σ 2 Q = sign miñ q∈Q(Q)</p><p>x(x, r),q ,</p><p>where we have used the mappings</p><formula xml:id="formula_122">x(x, r) =     −2x −r/2 1 x T x     andQ (Q) =            q σ 2 + σ 2 Q q T q 1     | q ∈ Q        .</formula><p>Consider the vectorx = (x(x 1 ,r 1 ), . . . ,x(xm,rm)) and the function family G = miñ q∈Q(Q) ·,q | Q ∈ R d×k .</p><p>By <ref type="formula" target="#formula_121">(42)</ref>, both F and G induce the same dichotomies on (x,r) and (x, 0) respectively and thus |sign(Fx −r)| = |sign(Gx)| .</p><p>We define the function family H = miñ q∈Q ·,q | Q ∈ R (d+3)×k and note that by construction G ⊆ H. This implies |sign(Gx)| ≤ |sign(Hx)| .</p><p>Consider the function family I = ·,q |q ∈ R d+3 .</p><p>For any Q ∈ R (d+3)×k , it holds that</p><formula xml:id="formula_125">x ∈x | miñ q∈Q x,q ≤ 0 = q∈Q {x ∈x | x,q ≤ 0} .</formula><p>Since |Q|= k, this implies that there exists an injective mapping from H to the k-fold Cartesian product of I that generates the same dichotomies. In turn, this implies |sign(Hx)| ≤ |sign(Ix)| k .</p><p>The dichotomies induced by I are generated by halfspaces in R d+3 . The Vapnik-Chervonenkis dimension of halfspaces in R d+3 is bounded by d + 4 (Har-Peled, 2011) and thus Pdim(I) ≤ d + 4. Together with Sauer's Lemma <ref type="bibr">(Sauer, 1972;</ref><ref type="bibr">Vapnik &amp; Chervonenkis, 1971)</ref>, this implies</p><formula xml:id="formula_127">|sign(Ix)| ≤ em d + 4 d+4 .<label>(46)</label></formula><p>Combining <ref type="formula" target="#formula_4">(41)</ref>, <ref type="formula" target="#formula_7">(43)</ref>, <ref type="formula" target="#formula_124">(44)</ref>, <ref type="formula" target="#formula_126">(45)</ref> and <ref type="formula" target="#formula_30">(46)</ref>  Since 4 log 2 ≈ 5.77 &lt; 6, this proves the claim in (9), i.e., Pdim(F) =m ≤ 6k(d + 4) log 6k.</p></div>
<div xmlns="http://www.tei-c.org/ns/1.0"><head>Uniform Deviation Bounds for Unbounded Loss Functions like k-Means</head><p>Next, we prove (10). For any x ∈ R d and Q ∈ R d×k , we have by the triangle inequality d(x, Q) 2 ≤ (d(x, µ) + d(µ, Q)) 2 = d(x, µ) 2 + d(µ, Q) 2 + 2 d(x, µ) d(µ, Q)</p><p>For any 0 ≤ a ≤ b, it holds that 2ab = ab + a(b − a) + a 2 ≤ ab + b(b − a) + a 2 = b 2 + a 2 .</p><p>Since either 0 ≤ d(x, µ) ≤ d(µ, Q) or 0 ≤ d(µ, Q) &lt; d(x, µ), we thus have for any x ∈ R d and Q ∈ R d×k d(x, Q) 2 ≤ 2 d(x, µ) 2 + 2 d(µ, Q) 2 .</p><p>By the same argument it also holds that for any x ∈ R d and Q ∈ R d×k d(µ, Q) 2 ≤ 2 d(x, µ) 2 + 2 d(x, Q) 2 .</p><p>By taking the expectation with regards to P and noting that σ 2 = E P d(x, µ) 2 &lt; ∞, we obtain for any Q ∈ R d×k d(µ, Q) 2 ≤ 2σ 2 + 2E P d(x, Q) 2 .</p><p>Combining <ref type="formula" target="#formula_33">(47)</ref> and <ref type="formula" target="#formula_38">(48)</ref> implies that for any x ∈ R d and Q ∈ R d×k d(x, Q) 2 ≤ 2 d(x, µ) 2 + 4σ 2 + 4E P d(x, Q) 2 ≤ 4 + 2 d(x, µ) 2 σ 2 σ 2 + 4E P d(x, Q) 2 ≤ 4 + 2 d(x, µ) 2 σ 2 σ 2 + E P d(x, Q) 2 ≤ 8 + 4 d(x, µ) 2 σ 2 1 2 σ 2 + E P d(x, Q) 2 .</p><p>By the definition of f Q (x), this proves <ref type="formula" target="#formula_4">(10)</ref> which shows (11) and concludes the proof.</p></div><figure xmlns="http://www.tei-c.org/ns/1.0" xml:id="fig_0"><head>8 :</head><label>8</label><figDesc>result only holds for p ∈ {8, 12, 16, . . . , ∞}, it is trivially extended to p ≥ Apply</figDesc></figure>
<figure xmlns="http://www.tei-c.org/ns/1.0" xml:id="fig_2"><head>Lemma 3 .</head><label>3</label><figDesc>For n ∈ N,</figDesc></figure>
<figure xmlns="http://www.tei-c.org/ns/1.0" type="table" xml:id="tab_2" validated="false"><head></head><label></label><figDesc>Hence, for p ∈ {4, 8, . . . , ∞}, we havê ≤ 48. We instantiate Theorem 2 with the p * th-order boundM p * of P . Since 8</figDesc><table>M p 

4 

p ≤ 
1 
4 
a 

4 

p bp 2 ≤ 
1 
4 
abp 2 . 

Let p  *  = 4 5 
4 + 3 
4 log 1 
δ which implies 

p  *  ≥ 5 + 3 log 
1 
δ 
≥ 
8 
log 48 
log 
8 
δ 
and thus 8 

δ 

8 
p *  

δ 

8 

p *  ≤ 48, the 
minimum sample size is thus 

3200p  *  

2 

4 + 
abp  *  

2 

4 
3 + 30k(d + 4) log 6k + log 
1 
δ 
. 

</table></figure>
<figure xmlns="http://www.tei-c.org/ns/1.0" type="table" xml:id="tab_3" validated="false"><head></head><label></label><figDesc>Pollard, David. Convergence of stochastic processes. Springer Science &amp; Business Media, 2012. Pollard, David et al. Strong consistency of k-means clustering. The Annals of Statistics, 9(1):135-140, 1981.</figDesc><table>:4013-
4022, 2005. 

Bartlett, Peter L, Linder, Tamás, and Lugosi, Gábor. The 
minimax distortion redundancy in empirical quantizer 
design. IEEE Transactions on Information theory, 44(5): 
1802-1813, 1998. 

Ben-David, Shai. A framework for statistical clustering with 
constant time approximation algorithms for k-median and 
k-means clustering. Machine Learning, 66(2-3):243-257, 
2007. 

Ben-David, Shai, Von Luxburg, Ulrike, and Pál, Dávid. A 
sober look at clustering stability. In International Con-
ference on Computational Learning Theory, pp. 5-19. 
Springer, 2006. 

Har-Peled, Sariel. Geometric approximation algorithms, 
volume 173. American mathematical society Boston, 
2011. 

Haussler, David. Decision theoretic generalizations of the 
pac model for neural net and other learning applications. 
Information and computation, 100(1):78-150, 1992. 

Hoeffding, Wassily. Probability inequalities for sums of 
bounded random variables. Journal of the American 
statistical association, 58(301):13-30, 1963. 

Levrard, Clément et al. Fast rates for empirical vector 
quantization. Electronic Journal of Statistics, 7:1716-
1746, 2013. 

Li, Yi, Long, Philip M, and Srinivasan, Aravind. Improved 
bounds on the sample complexity of learning. Journal of 
Computer and System Sciences, 62(3):516-527, 2001. 

Linder, Tamás, Lugosi, Gábor, and Zeger, Kenneth. Rates of 
convergence in the source coding theorem, in empirical 
quantizer design, and in universal lossy source coding. 
IEEE Transactions on Information Theory, 40(6):1728-
1740, 1994. 

Moors, JJA. The meaning of kurtosis: Darlington reexam-
ined. The American Statistician, 40(4):283-284, 1986. 

Rakhlin, Alexander and Caponnetto, Andrea. Stability of 
k-means clustering. Advances in neural information pro-
cessing systems, 19:1121, 2007. 

Ren, Yao-Feng and Liang, Han-Ying. On the best con-
stant in marcinkiewicz-zygmund inequality. Statistics &amp; 
probability letters, 53(3):227-233, 2001. 

Sauer, Norbert. On the density of families of sets. Journal 
of Combinatorial Theory, Series A, 13(1):145-147, 1972. 

Shamir, Ohad and Tishby, Naftali. Cluster stability for finite 
samples. In NIPS, pp. 1297-1304, 2007. 

Shamir, Ohad and Tishby, Naftali. Model selection and 
stability in k-means clustering. In COLT, pp. 367-378. 
Citeseer, 2008. 

Telgarsky, Matus J and Dasgupta, Sanjoy. Moment-based 
uniform deviation bounds for k-means and friends. In 
Advances in Neural Information Processing Systems, pp. 
2940-2948, 2013. 

Vapnik, VN and Chervonenkis, A Ya. On the uniform 
convergence of relative frequencies of events to their 
probabilities. Theory of Probability &amp; Its Applications, 
16(2):264-280, 1971. 
</table></figure>
<figure xmlns="http://www.tei-c.org/ns/1.0" type="table" xml:id="tab_4" validated="false"><head></head><label></label><figDesc>Consider any fixed vectorx = (x 1 , x 2 , . . . , x 2m ): If E does not hold, then P σ [D|E] 1 E = 0. Otherwise, i=1 s(x i ) 2 ≤ t and consequently Lemma 5 with K = t implies that for m ≥ 200t(2d + 1)/ 2 P σ [D|E] ≤ 4 16e 2 d e − 2 m 200t .As a result, we have for m ≥ 200t(2d + 1)/ 2</figDesc><table>1 
2m 

2m 

</table></figure>
<figure xmlns="http://www.tei-c.org/ns/1.0" type="table" xml:id="tab_5" validated="false"><head></head><label></label><figDesc>By the main claim, we always have m ≥ 200t(2d + 1)/ 2 and hence we only need to show thatP [A] ≤ δ 2 + 8 16e 2 d e − 2 m 200t ≤ δ.This is the case if we haveThe main claim thus holds since which concludes the proof. Deviation Bounds for Unbounded Loss Functions like k-Means C. Proof of Lemma 1</figDesc><table>, this implies that for 
m ≥ 200t(2d + 1)/ 2 

P [A] ≤ 
δ 
2 
+ 8 16e 2 d e − 2 m 
200t . 

This is equivalent to 

8 16e 2 d e − 2 m 
200t ≤ δ/2 

and 

log 16 + d(log 16 + 2) − 
2 m 

200t 
≤ ln δ. 

log 16 + d(log 16 + 2) + log 
1 
δ 
≤ 
2 m 

200t 

or equivalently 

m ≥ 
200t 

2 

log 16 + d(log 16 + 2) + log 
1 
δ 
. 

m ≥ 
200t 

2 

3 + 5d + log 
1 
δ 

Uniform </table></figure>
<figure xmlns="http://www.tei-c.org/ns/1.0" type="table" xml:id="tab_6" validated="false"><head></head><label></label><figDesc>yields</figDesc><table>2m ≤ 
em 
d + 4 

(d+4)k 

. 

This implies that 

m 
d + 4 
≤ 
k 
log 2 
1 + logm 
d + 4 
≤ 
2k 
log 2 
logm 
d + 3 

Sincem d+4 &gt; 0 and 2k 
log 2 &gt; 0, Lemma 2 implies that 

m 
d + 4 
≤ 
4k 
log 2 
log 
4k 
log 2 

</table></figure>
<figure xmlns="http://www.tei-c.org/ns/1.0" type="table" xml:id="tab_7" validated="false"><head></head><label></label><figDesc>. Finally we have</figDesc><table>E P s(x) 
2 = E P 
4 d(x, µ) 2 
σ 2 
+ 8 

2 

= E P 
16 d(x, µ) 2 
σ 2 
+ 
64 d(x, µ) 2 
σ 2 
+ 64 

= 128 + 16 
E P d(x, µ) 4 

σ 2 
= 128 + 16M 4 . 

</table></figure>
			<note xmlns="http://www.tei-c.org/ns/1.0" place="foot" n="1">For example, let P be a nondegenerate multivariate normal distribution and Q consist of k copies of the origin. 2 This holds for example if P is the standard normal distribution.</note>
			<note xmlns="http://www.tei-c.org/ns/1.0" place="foot" n="3">While our random variables x ∈ P are potentially multivariate, it suffices to consider the behavior of the univariate random variable d(x, µ) for the assumptions in this section.4  This is a hypothetical exercise as EP d(x, µ) 2 = 1 by design. However, it provides an insight to the importance of the kurtosis.</note>
			<note xmlns="http://www.tei-c.org/ns/1.0" place="foot" n="5">The pseudo-dimension was originally defined for sets of functions mapping to [0, 1](Haussler, 1992; Li et al., 2001). However, it is trivially extended to unbounded functions mapping to R ≥0 .</note>
		</body>
		<back>
			<div type="references">

				<listBibl/>
			</div>
		</back>
	</text>
</TEI>
