<?xml version="1.0" encoding="UTF-8"?>
<TEI xml:space="preserve" xmlns="http://www.tei-c.org/ns/1.0" 
xmlns:xsi="http://www.w3.org/2001/XMLSchema-instance" 
xsi:schemaLocation="http://www.tei-c.org/ns/1.0 /home/varun/Desktop/NLP/Projects/grobid-0.5.6/grobid-home/schemas/xsd/Grobid.xsd"
 xmlns:xlink="http://www.w3.org/1999/xlink">
	<teiHeader xml:lang="en">
		<fileDesc>
			<titleStmt>
				<title level="a" type="main">EXPLORING ATTENTION MECHANISM FOR ACOUSTIC-BASED CLASSIFICATION OF SPEECH UTTERANCES INTO SYSTEM-DIRECTED AND NON-SYSTEM-DIRECTED</title>
			</titleStmt>
			<publicationStmt>
				<publisher/>
				<availability status="unknown"><licence/></availability>
			</publicationStmt>
			<sourceDesc>
				<biblStruct>
					<analytic>
						<author>
							<persName xmlns="http://www.tei-c.org/ns/1.0"><forename type="first">Atta</forename><surname>Norouzian</surname></persName>
							<affiliation key="aff0">
								<orgName type="department">Nuance Communications</orgName>
							</affiliation>
						</author>
						<author>
							<persName xmlns="http://www.tei-c.org/ns/1.0"><forename type="first">Bogdan</forename><surname>Mazoure</surname></persName>
							<email>bogdan.mazoure@mail.mcgill.ca</email>
							<affiliation key="aff1">
								<orgName type="institution">McGill University</orgName>
								<address>
									<country key="CA">Canada</country>
								</address>
							</affiliation>
						</author>
						<author>
							<persName xmlns="http://www.tei-c.org/ns/1.0"><forename type="first">Dermot</forename><surname>Connolly</surname></persName>
							<affiliation key="aff0">
								<orgName type="department">Nuance Communications</orgName>
							</affiliation>
						</author>
						<author>
							<persName xmlns="http://www.tei-c.org/ns/1.0"><forename type="first">Daniel</forename><surname>Willett</surname></persName>
							<email>daniel.willett@nuance.com</email>
							<affiliation key="aff0">
								<orgName type="department">Nuance Communications</orgName>
							</affiliation>
						</author>
						<title level="a" type="main">EXPLORING ATTENTION MECHANISM FOR ACOUSTIC-BASED CLASSIFICATION OF SPEECH UTTERANCES INTO SYSTEM-DIRECTED AND NON-SYSTEM-DIRECTED</title>
					</analytic>
					<monogr>
						<imprint>
							<date/>
						</imprint>
					</monogr>
				</biblStruct>
			</sourceDesc>
		</fileDesc>

		<encodingDesc>
			<appInfo>
				<application version="0.5.6" ident="GROBID" when="2020-04-20T14:51+0000">
					<ref target="https://github.com/kermitt2/grobid">GROBID - A machine learning software for extracting information from scholarly documents</ref>
				</application>
			</appInfo>
		</encodingDesc>		<profileDesc>
			<textClass>
				<keywords>
					<term>Index Terms-Human-machine interaction</term>
					<term>spoken utterance classification</term>
					<term>wake-up word</term>
					<term>attention mechanism</term>
				</keywords>
			</textClass>
			<abstract>
<div xmlns="http://www.tei-c.org/ns/1.0"><p>Voice controlled virtual assistants (VAs) are now available in smartphones, cars, and standalone devices in homes. In most cases, the user needs to first "wake-up" the VA by saying a particular word/phrase every time he or she wants the VA to do something. Eliminating the need for saying the wake-up word for every interaction could improve the user experience. This would require the VA to have the capability to detect the speech that is being directed at it and respond accordingly. In other words, the challenge is to distinguish between system-directed and non-system-directed speech utterances. In this paper, we present a number of neural network architectures for tackling this classification problem based on using only acoustic features. These architectures are based on using convolutional, recurrent and feed-forward layers. In addition, we investigate the use of an attention mechanism applied to the output of the convolutional and the recurrent layers. It is shown that incorporating the proposed attention mechanism into the models always leads to significant improvement in classification accuracy. The best model achieved equal error rates of 16.25% and 15.62% on two distinct realistic datasets.</p></div>
			</abstract>
		</profileDesc>
	</teiHeader>
	<text xml:lang="en">
		<body>
<div xmlns="http://www.tei-c.org/ns/1.0"><head n="1.">INTRODUCTION</head><p>Thanks to recent advances in speech recognition and natural language understanding, VAs have become part of our daily lives. The VAs are typically activated by a wake-up word/phrase such as hi Mercedes, hey BMW, hey Siri, Alexa or ok Google. Eliminating such wake-up words in favor of allowing direct requests for assistance from the VA could significantly improve the user experience. This requires the device to have the capability to detect speech directed at it and ignore human-to-human and background speech. The problem of classifying spoken utterances into system-directed and nonsystem-directed has previously been investigated within the context of virtual assistants <ref type="bibr" target="#b0">[1,</ref><ref type="bibr" target="#b1">2,</ref><ref type="bibr" target="#b2">3]</ref> and dialogue systems <ref type="bibr" target="#b3">[4,</ref><ref type="bibr" target="#b4">5]</ref>.</p><p>Both, the spoken words and the way they are spoken provide cues for differentiating between system-directed and non-systemdirected speech utterances. Typically, the lexical cues are extracted from a word sequence generated by an automatic speech recognition (ASR) system. The classification can then be performed by applying two language models <ref type="bibr" target="#b5">[6,</ref><ref type="bibr" target="#b6">7]</ref>, one for each class, to the hypothesized word sequence to compute a likelihood ratio and choose the class label based on that. Alternatively, the word sequence can be input to * The author performed the work while an intern at Nuance a neural network (NN) model to either directly estimate class probabilities <ref type="bibr" target="#b7">[8]</ref> or to generate new features for another model <ref type="bibr" target="#b0">[1]</ref>. The non-lexical acoustic cues can be learned from features corresponding to prosodic structure <ref type="bibr" target="#b1">[2,</ref><ref type="bibr" target="#b5">6]</ref> or the short-time frequency representation of the speech signal <ref type="bibr" target="#b0">[1,</ref><ref type="bibr" target="#b2">3]</ref>. The frequency-based features are typically extracted using a sliding window of 20-25 ms. One of the challenges involved in using frame-based features for utterance classification is to represent all utterances with a fixed-dimensional vector to train a model regardless of the length of the utterance. Averaging the features over time <ref type="bibr" target="#b2">[3]</ref> or passing the input sequence into a long short-time memory (LSTM) cell and using the last output of the LSTM cell <ref type="bibr" target="#b0">[1]</ref> are examples of how others have dealt with this issue. In this paper, we propose a new technique based on attention to address some shortcomings of the other methods.</p><p>Similar to systems developed in <ref type="bibr" target="#b0">[1,</ref><ref type="bibr" target="#b1">2,</ref><ref type="bibr" target="#b2">3,</ref><ref type="bibr" target="#b5">6,</ref><ref type="bibr" target="#b8">9]</ref> our plan is to combine information extracted from acoustic features with lexical information for this classification task, however, the focus of this paper is only on acoustic-based classification. The acoustic features explored for this purpose are frame-based log Mel-filterbank coefficients. We favor short-term frame-based acoustic features for this task since they facilitate early detection of user's intent by gradual application of the trained model on the incoming speech. The proposed classification models are based on deep neural networks (DNN) with combination of convolutional, recurrent and feed-forward layers. In addition, the use of an attention mechanism on top of the convolutional layer as well as the recurrent layer is investigated. This paper is organized as follows. First, an overview of the models developed for this classification problem is presented in 2. A number of model architectures proposed for frame-based approach and the architecture of the utterance-based model are described in Section 3. The experimental study containing a description of the evaluation data, the model parameters, and the experimental results is provided in Section 4. Summary and conclusion are given in Section 5.</p></div>
<div xmlns="http://www.tei-c.org/ns/1.0"><head n="2.">OVERVIEW</head><p>Here, an overview of the two modeling approaches investigated for the system-directed versus non-system-directed classification problem is given. The two approaches are based on using frame-level and utterance-level input features. The models developed based on the frame-level input features are depicted in <ref type="figure" target="#fig_0">Figure 1</ref> on the left and the utterance-based model in shown on the right. Several architectures are explored for the frame-based models as described in Section 3 for dealing with the variable length input sequences. The model developed for the fixed-length utterance-level features is comprised of only dense feed-forward layers. </p></div>
<div xmlns="http://www.tei-c.org/ns/1.0"><head n="3.">MODEL ARCHITECTURES</head><p>This section presents a number of model architectures for dealing with the issue of variable-length input feature representation faced in the frame-based approach. Moreover, it describes the input features and the architecture of the utterance-based model in detail.</p></div>
<div xmlns="http://www.tei-c.org/ns/1.0"><head n="3.1.">Frame-based Approach</head><p>In this approach the feature vectors input to the models consist of 45 log Mel-filterbank coefficients extracted from 25 ms of acoustic signal with a frame shift of 10 ms. A speech utterance is hence represented by a sequence of feature vectors, {m 45 1 , . . . , m 45 T }, where T is the total number of frames in the utterance. All frame-based models developed here use a two-dimensional convolutional layer as input layer which outputs a set of d feature maps denoted by</p><formula xml:id="formula_0">{E j×l 1 , . . . , E j×l d }.</formula><p>The width of the feature maps, j, is proportional to the acoustic feature vector size (i.e., 45) and their length l is proportional to T . In a realistic scenario, recorded utterances have different lengths which means T and consequently l vary from one utterance to another. This causes an issue when converting the feature-maps into a vector to pass to feed-forward layers since the input to a feed-forward layer has to have a fixed-dimension for all samples. In the following, three approaches for creating a fixedlength vector from variable-length feature-maps are presented. After creating a fixed-length vector it is input to dense feed-forward layers followed by a softmax layer as shown in <ref type="figure" target="#fig_0">Figure 1</ref>.</p><p>Global averaging across time: A simple way of generating a fixed-length representation is to take the average of each featuremap over its length l. This will transform every 2-D feature map E j×l i to a vector e j i . The resulting vectors, {e j 1 , . . . , e j d }, are then concatenated and fed to a feed-forward layer as was done in <ref type="bibr" target="#b9">[10]</ref>.</p><p>Using a recurrent layer: One could obtain a fixed-length vector from variable-length feature maps by using a recurrent neural layer. This is done by first concatenating columns of all feature maps to generate l super vectors of dimension d × j. Next, the super vectors are fed to a recurrent layer one by one and the last (i.e., lth) output of the recurrent layer is used for the succeeding layer. In addition, one could use a bi-directional recurrent layer and use the last output vector of forward and backward directions to obtain a richer fixed- length representation. In the model explored here, a bi-directional LSTM layer is used for this purpose and the two resulting vectors from both directions are concatenated and used in the feed-forward layer.</p><p>Using attention mechanism: Simple averaging of feature maps or passing them through a recurrent layer and using only its last output could result in losing important information. An attention mechanism could retain most of the relevant information while resolving the variable-length issue. The attention mechanism explored here is somewhat different from the traditional encode-decoder based attention introduced in <ref type="bibr" target="#b10">[11]</ref>. It is in essence a weighted average of sequence of vectors where the weights are learned through backpropagation. This mechanism was first explored for emotion recognition in <ref type="bibr" target="#b11">[12]</ref> and is similar to the idea of self-attention in <ref type="bibr" target="#b12">[13]</ref>. Denoting a sequence of l vectors of dimension s by the matrix X s×l , attention is computed as</p><formula xml:id="formula_1">b l×1 = f (w 1×s X s×l ), α i = exp(bi) l j=1 exp(bj) , i = 1, . . . , l,<label>(1)</label></formula><p>where w is the weight vector learned through back-propagation, f is a non-linear function (here tanh), b is the attention vector, and α is the normalized attention vector. Applying attention to the input sequence results in a vector known as context vector given by</p><formula xml:id="formula_2">c s×1 = X s×l α l×1 .<label>(2)</label></formula><p>As can be seen in Equation 2, the context vector dimension is independent of the length of the input sequence l. Furthermore, the attention vector α helps to put more emphasis on the parts of the input sequence X that carry the most relevant information for distinguishing the two classes. The process of computing the attention and applying it to the input sequence is shown in <ref type="figure" target="#fig_1">Figure 2</ref>. The input sequence in this case could be the flattened feature maps or the output of the recurrent layer.</p></div>
<div xmlns="http://www.tei-c.org/ns/1.0"><head n="3.2.">Utterance-based Approach</head><p>As an alternative to the frame-based approach one could represent every utterance with a fixed-length feature representation prior to any modeling. This can be done by computing some functions over the frame-based features. The feature set used here was developed for INTERSPEECH ComParE emotion recognition sub-challenge <ref type="bibr" target="#b13">[14]</ref>. It contains 6373 acoustic-features described in <ref type="bibr" target="#b14">[15]</ref>. We used the openSmile toolkit <ref type="bibr" target="#b15">[16]</ref> for extracting these features from the speech utterances in our corpus. Although, this feature set was originally developed for an emotion recognition task, it contains a variety of acoustic-prosodic features (F0, energy, zero crossing, mfccs) many of which are relevant for this classification problem as well. A threelayer dense feed-forward model is trained and evaluated for these features.</p></div>
<div xmlns="http://www.tei-c.org/ns/1.0"><head n="4.">EXPERIMENTAL STUDY</head><p>This section provides a description of the two data sets used for training and evaluation of the classifier. Afterwards, the model parameter are given and finally experimental results are presented and analyzed.</p></div>
<div xmlns="http://www.tei-c.org/ns/1.0"><head n="4.1.">Datasets</head><p>Two datasets are used for evaluation of the proposed techniques. The first dataset denoted by D1 contains recordings from a device with virtual assistant. The recordings contain system-directed utterances including questions and commands as well as non-system directed utterances mostly consisting of people dictating phrases. These are actual recordings from multiple users in different environments. The second dataset denoted by D2 also contains virtual assistant recordings but in addition it includes, background speech, open microphone recordings and some non-speech noise in the non-systemdirected subset. The models are only trained on the training subset of D1 and the dataset D2 was only used for testing. <ref type="table" target="#tab_0">Table 1</ref> shows the breakdown of both datasets by class and training/validation/test. Same number of training utterances from both classes where chosen for training the models to prevent them from being biased towards one class.</p></div>
<div xmlns="http://www.tei-c.org/ns/1.0"><head n="4.2.">Model Parameter</head><p>Prior to training the models, the frame-based and utterance-based feature vectors are normalized to have zero mean and unit standard deviation along each dimension to facilitate model convergence.</p></div>
<div xmlns="http://www.tei-c.org/ns/1.0"><head>D1 D2</head></div>
<div xmlns="http://www.tei-c.org/ns/1.0"><head>Training Validation Test Test</head><p>System 35k 12k 14k 7k Non-system 35k 5k 4k 127k Moreover, Adam optimizer and early stopping are used for training the models. For the frame-based models, the convolutional layer has a depth of 50 with a kernel height of 20 and width of 9 for the models without the LSTM layer and width of 5 for the models with LSTM layer. A stride of 5 is used along the time access and 3 along the log Mel-filterbank coefficients. The LSTM layer is bi-directional with 128 units in each direction. The three feed-forward layers in frame-based models each have 128 units. The best classification accuracy was obtained from the utterance-based model when three feed-forward layers of 128 units were used. All the models were trained using tensorflow toolkit <ref type="bibr" target="#b16">[17]</ref>.</p></div>
<div xmlns="http://www.tei-c.org/ns/1.0"><head n="4.3.">Results</head><p>In this section the classification models described in Section 2 are evaluated on D1 and D2 datasets defined in Section 4.1. <ref type="figure" target="#fig_2">Figure 3</ref> shows the performance of the models in terms of detection error tradeoff (DET) curves. A number of observations can be made from these plots. First, using an LSTM significantly improves the model performance compared to global averaging. Moreover, adding attention to the mix yields an additional boost to the performance with and without the LSTM. Furthermore, having larger improvement with attention on D2 dataset which was not seen in training suggests that the proposed attention mechanism improves model generalization as well. To have a single point of reference to compare the models, the equal error rate metric which corresponds to equal Type I and Type II errors is measured and shown in <ref type="table" target="#tab_1">Table 2</ref>.</p><p>The main question here is what the model is actually learning. This is not easy to answer especially when it comes to neural network models. However, the attention mechanism could help shed-  ding some light on this matter. Aligning the attention vector α with the original speech utterance, one could find out where the model is putting the most emphasis. This is done in <ref type="figure" target="#fig_3">Figure 4</ref> for two utterances from the two classes. The word sequences associated with the utterances are also shown in the figure to identify possible correlations between the spoken words and where the model is mostly focusing on. The vertical lines correspond to start and end time of the words. The plot shows that for the system-directed utterance the attention is on both "play" and "music" while for the non-systemdirected example the attention is mostly on the words "that", "fine", and "period". It is interesting to note that in the training dataset the word "period" is spoken only when the users are dictating a phrase. In other words, this word is a strong indication that the speech utterance is of dictation style which belongs to non-system-directed class. This led us to think that maybe the model is just learning keywords and is not learning any para-linguistic information. To answer this question we looked at a number of system-directed utterances such as "you didn't catch that" and "one more run after that" that were not part of the training data and did not contain any word highly correlated with system-directed class. The model classified both of these utterances correctly with high confidence. This suggests that the model is not just learning keywords or para-linguistic information but rather a combination of both. Adding more training data from different domains would make the model less sensitive to words and more sensitive to para-linguistic information. In <ref type="figure" target="#fig_4">Figure 5</ref>, the proposed frame-based approach is compared to the utterance-based approach described in Section 3.2 on the D1 dataset. It should be noted that the utterance-based acoustic-prosodic feature set was designed for emotion recognition and contains several features that may not be relevant for this task. Nevertheless, the gap between the two curves indicates that even without using handcrafted features and only relying on frame-based log Mel-filterbank features very good classification performance can be achieved with the proposed attention-based modeling technique.</p></div>
<div xmlns="http://www.tei-c.org/ns/1.0"><head n="5.">CONCLUSION</head><p>In this paper, the problem of classifying speech utterances into system-directed and non-system-directed was addressed. A number of neural network architectures based on using convolutional and recurrent layers were investigated. It was shown that having an attention mechanism improves the classification performance whether applied directly to the output of the convolutional layer or to the output of the recurrent layer. The best performing model was built by stacking a convolutional layer, a recurrent layer and three feed-forward layers with attention applied to the output of the recurrent layer. This model achieved an EER rate of 16.25% on one test set and 15.62% on the second test set. As continuation of this work we are looking into combining direct audio classification with ASR-output based text classification for improved accuracy.</p></div><figure xmlns="http://www.tei-c.org/ns/1.0" xml:id="fig_0"><head>Fig. 1 .</head><label>1</label><figDesc>General architecture of frame-based models (a) and the utterance-based model (b) developed for the classification task at hand.</figDesc></figure>
<figure xmlns="http://www.tei-c.org/ns/1.0" xml:id="fig_1"><head>Fig. 2 .</head><label>2</label><figDesc>Attention mechanism applied to the input sequence X to generate the context vector c.</figDesc></figure>
<figure xmlns="http://www.tei-c.org/ns/1.0" xml:id="fig_2"><head>Fig. 3 .</head><label>3</label><figDesc>Detection error trade-off curves of the four frame-based models on dataset D1 (left) and dataset D2 (right).</figDesc></figure>
<figure xmlns="http://www.tei-c.org/ns/1.0" xml:id="fig_3"><head>Fig. 4 .</head><label>4</label><figDesc>Attention vector spread across time for a system-directed utterance (top) and a non-system-directed utterance (bottom) from D1 testset.</figDesc></figure>
<figure xmlns="http://www.tei-c.org/ns/1.0" xml:id="fig_4"><head>Fig. 5 .</head><label>5</label><figDesc>Detection error trade-off curves for the utterance-based approach and the proposed frame-based approach measured on D1 testset.</figDesc></figure>
<figure xmlns="http://www.tei-c.org/ns/1.0" type="table" xml:id="tab_0" validated="false"><head>Table 1 .</head><label>1</label><figDesc>Number of utterances per training, validation and test splits across both classes and datasets D1 and D2 rounded to the nearest thousand.</figDesc><table></table></figure>
<figure xmlns="http://www.tei-c.org/ns/1.0" type="table" xml:id="tab_1" validated="true"><head>Table 2 .</head><label>2</label><figDesc>Equal error rates of the four frame-based models measured on D1 and D2 test sets.</figDesc><table>D1 

D2 

CNN+Global Average 
26.99 39.25 
CNN+Attention 
26.21 24.90 
CNN+LSTM 
19.46 18.79 
CNN+LSTM+Attention 16.25 15.62 

</table></figure>
		</body>
		<back>

			<div type="acknowledgement">
<div xmlns="http://www.tei-c.org/ns/1.0"><head n="6.">ACKNOWLEDGEMENTS</head><p>The authors would like to thank two colleagues from Nuance Communications, Raymond Brueckner for helping out with the openSmile toolkit and Yasser Hifny for very insightful discussions.</p></div>
			</div>

			<div type="references">

				<listBibl>

<biblStruct xml:id="b0">
	<analytic>
		<title level="a" type="main">Devicedirected utterance detection</title>
		<author>
			<persName xmlns="http://www.tei-c.org/ns/1.0"><forename type="first">Roland</forename><surname>Sri Harish Mallidi</surname></persName>
		</author>
		<author>
			<persName xmlns="http://www.tei-c.org/ns/1.0"><forename type="first">Kyle</forename><surname>Maas</surname></persName>
		</author>
		<author>
			<persName xmlns="http://www.tei-c.org/ns/1.0"><surname>Goehner</surname></persName>
		</author>
	</analytic>
	<monogr>
		<title level="m">Spyros Matsoukas, and Björn Hoffmeister</title>
		<imprint>
			<date type="published" when="2018" />
			<biblScope unit="page" from="1225" to="1228" />
		</imprint>
	</monogr>
	<note>Ariya Rastrow</note>
</biblStruct>

<biblStruct xml:id="b1">
	<analytic>
		<title level="a" type="main">A real-time speech command detector for a smart control room</title>
		<author>
			<persName xmlns="http://www.tei-c.org/ns/1.0"><forename type="first">Daniel</forename><surname>Reich</surname></persName>
		</author>
		<author>
			<persName xmlns="http://www.tei-c.org/ns/1.0"><forename type="first">Felix</forename><surname>Putze</surname></persName>
		</author>
		<author>
			<persName xmlns="http://www.tei-c.org/ns/1.0"><forename type="first">Dominic</forename><surname>Heger</surname></persName>
		</author>
		<author>
			<persName xmlns="http://www.tei-c.org/ns/1.0"><forename type="first">Joris</forename><surname>Ijsselmuiden</surname></persName>
		</author>
		<author>
			<persName xmlns="http://www.tei-c.org/ns/1.0"><forename type="first">Rainer</forename><surname>Stiefelhagen</surname></persName>
		</author>
		<author>
			<persName xmlns="http://www.tei-c.org/ns/1.0"><forename type="first">Tanja</forename><surname>Schultz</surname></persName>
		</author>
	</analytic>
	<monogr>
		<title level="m">Twelfth Annual Conference of the International Speech Communication Association</title>
		<imprint>
			<date type="published" when="2011" />
		</imprint>
	</monogr>
</biblStruct>

<biblStruct xml:id="b2">
	<analytic>
		<title level="a" type="main">System request detection in human conversation based on multi-resolution gabor wavelet features</title>
		<author>
			<persName xmlns="http://www.tei-c.org/ns/1.0"><forename type="first">Tomoyuki</forename><surname>Yamagata</surname></persName>
		</author>
		<author>
			<persName xmlns="http://www.tei-c.org/ns/1.0"><forename type="first">Tetsuya</forename><surname>Takiguchi</surname></persName>
		</author>
		<author>
			<persName xmlns="http://www.tei-c.org/ns/1.0"><forename type="first">Yasuo</forename><surname>Ariki</surname></persName>
		</author>
	</analytic>
	<monogr>
		<title level="m">Tenth Annual Conference of the International Speech Communication Association</title>
		<imprint>
			<date type="published" when="2009" />
		</imprint>
	</monogr>
</biblStruct>

<biblStruct xml:id="b3">
	<analytic>
		<title level="a" type="main">Understanding computer-directed utterances in multi-user dialog systems</title>
		<author>
			<persName xmlns="http://www.tei-c.org/ns/1.0"><forename type="first">Dong</forename><surname>Wang</surname></persName>
		</author>
		<author>
			<persName xmlns="http://www.tei-c.org/ns/1.0"><forename type="first">Dilek</forename><surname>Hakkani-Tür</surname></persName>
		</author>
		<author>
			<persName xmlns="http://www.tei-c.org/ns/1.0"><forename type="first">Gokhan</forename><surname>Tur</surname></persName>
		</author>
	</analytic>
	<monogr>
		<title level="m">Acoustics, Speech and Signal Processing (ICASSP), 2013 IEEE International Conference on</title>
		<imprint>
			<publisher>IEEE</publisher>
			<date type="published" when="2013" />
			<biblScope unit="page" from="8377" to="8381" />
		</imprint>
	</monogr>
</biblStruct>

<biblStruct xml:id="b4">
	<analytic>
		<title level="a" type="main">Are you talking to me? dialogue systems supporting mixed teams of humans and robots</title>
		<author>
			<persName xmlns="http://www.tei-c.org/ns/1.0"><forename type="first">John</forename><surname>Dowding</surname></persName>
		</author>
		<author>
			<persName xmlns="http://www.tei-c.org/ns/1.0"><forename type="first">Richard</forename><surname>Alena</surname></persName>
		</author>
		<author>
			<persName xmlns="http://www.tei-c.org/ns/1.0"><forename type="first">J</forename><surname>William</surname></persName>
		</author>
		<author>
			<persName xmlns="http://www.tei-c.org/ns/1.0"><forename type="first">Maarten</forename><surname>Clancey</surname></persName>
		</author>
		<author>
			<persName xmlns="http://www.tei-c.org/ns/1.0"><forename type="first">Jeffrey</forename><surname>Sierhuis</surname></persName>
		</author>
		<author>
			<persName xmlns="http://www.tei-c.org/ns/1.0"><surname>Graham</surname></persName>
		</author>
	</analytic>
	<monogr>
		<title level="m">AAAI Fall Symposium on Aurally Informed Performance: Integrating Machine Listening and Auditory Presentation in Robotic Systems</title>
		<meeting><address><addrLine>Arlington, Virginia</addrLine></address></meeting>
		<imprint>
			<date type="published" when="2006" />
		</imprint>
	</monogr>
</biblStruct>

<biblStruct xml:id="b5">
	<analytic>
		<title level="a" type="main">Learning when to listen: Detecting systemaddressed speech in human-human-computer dialog</title>
		<author>
			<persName xmlns="http://www.tei-c.org/ns/1.0"><forename type="first">Elizabeth</forename><surname>Shriberg</surname></persName>
		</author>
		<author>
			<persName xmlns="http://www.tei-c.org/ns/1.0"><forename type="first">Andreas</forename><surname>Stolcke</surname></persName>
		</author>
		<author>
			<persName xmlns="http://www.tei-c.org/ns/1.0"><forename type="first">Dilek</forename><surname>Hakkani-Tür</surname></persName>
		</author>
		<author>
			<persName xmlns="http://www.tei-c.org/ns/1.0"><forename type="first">Larry</forename><surname>Heck</surname></persName>
		</author>
	</analytic>
	<monogr>
		<title level="m">Thirteenth Annual Conference of the International Speech Communication Association</title>
		<imprint>
			<date type="published" when="2012" />
		</imprint>
	</monogr>
</biblStruct>

<biblStruct xml:id="b6">
	<analytic>
		<title level="a" type="main">Neural network models for lexical addressee detection</title>
		<author>
			<persName xmlns="http://www.tei-c.org/ns/1.0"><forename type="first">V</forename><surname>Suman</surname></persName>
		</author>
		<author>
			<persName xmlns="http://www.tei-c.org/ns/1.0"><forename type="first">Andreas</forename><surname>Ravuri</surname></persName>
		</author>
		<author>
			<persName xmlns="http://www.tei-c.org/ns/1.0"><surname>Stolcke</surname></persName>
		</author>
	</analytic>
	<monogr>
		<title level="m">Fifteenth Annual Conference of the International Speech Communication Association</title>
		<imprint>
			<date type="published" when="2014" />
		</imprint>
	</monogr>
</biblStruct>

<biblStruct xml:id="b7">
	<analytic>
		<title level="a" type="main">Recurrent neural network and lstm models for lexical utterance classification</title>
		<author>
			<persName xmlns="http://www.tei-c.org/ns/1.0"><forename type="first">Suman</forename><surname>Ravuri</surname></persName>
		</author>
		<author>
			<persName xmlns="http://www.tei-c.org/ns/1.0"><forename type="first">Andreas</forename><surname>Stolcke</surname></persName>
		</author>
	</analytic>
	<monogr>
		<title level="m">Sixteenth Annual Conference of the International Speech Communication Association</title>
		<imprint>
			<date type="published" when="2015" />
		</imprint>
	</monogr>
</biblStruct>

<biblStruct xml:id="b8">
	<analytic>
		<title level="a" type="main">Addressee detection for dialog systems using temporal and spectral dimensions of speaking style</title>
		<author>
			<persName xmlns="http://www.tei-c.org/ns/1.0"><forename type="first">Elizabeth</forename><surname>Shriberg</surname></persName>
		</author>
		<author>
			<persName xmlns="http://www.tei-c.org/ns/1.0"><forename type="first">Andreas</forename><surname>Stolcke</surname></persName>
		</author>
		<author>
			<persName xmlns="http://www.tei-c.org/ns/1.0"><forename type="first">V</forename><surname>Suman</surname></persName>
		</author>
		<author>
			<persName xmlns="http://www.tei-c.org/ns/1.0"><surname>Ravuri</surname></persName>
		</author>
	</analytic>
	<monogr>
		<title level="m">INTERSPEECH</title>
		<imprint>
			<date type="published" when="2013" />
			<biblScope unit="page" from="2559" to="2563" />
		</imprint>
	</monogr>
</biblStruct>

<biblStruct xml:id="b9">
	<analytic>
		<title level="a" type="main">Convolutional neural networks and language embeddings for end-to-end dialect recognition</title>
		<author>
			<persName xmlns="http://www.tei-c.org/ns/1.0"><forename type="first">Suwon</forename><surname>Shon</surname></persName>
		</author>
		<author>
			<persName xmlns="http://www.tei-c.org/ns/1.0"><forename type="first">Ahmed</forename><surname>Ali</surname></persName>
		</author>
		<author>
			<persName xmlns="http://www.tei-c.org/ns/1.0"><forename type="first">James</forename><forename type="middle">R</forename><surname>Glass</surname></persName>
		</author>
		<idno>abs/1803.04567</idno>
	</analytic>
	<monogr>
		<title level="j">CoRR</title>
		<imprint>
			<date type="published" when="2018" />
		</imprint>
	</monogr>
</biblStruct>

<biblStruct xml:id="b10">
	<monogr>
		<title level="m" type="main">Neural machine translation by jointly learning to align and translate</title>
		<author>
			<persName xmlns="http://www.tei-c.org/ns/1.0"><forename type="first">Dzmitry</forename><surname>Bahdanau</surname></persName>
		</author>
		<author>
			<persName xmlns="http://www.tei-c.org/ns/1.0"><forename type="first">Kyunghyun</forename><surname>Cho</surname></persName>
		</author>
		<author>
			<persName xmlns="http://www.tei-c.org/ns/1.0"><forename type="first">Yoshua</forename><surname>Bengio</surname></persName>
		</author>
		<idno type="arXiv">arXiv:1409.0473</idno>
		<imprint>
			<date type="published" when="2014" />
		</imprint>
	</monogr>
	<note type="report_type">arXiv preprint</note>
</biblStruct>

<biblStruct xml:id="b11">
	<monogr>
		<title level="m" type="main">Attentive convolutional neural network based speech emotion recognition: A study on the impact of input features, signal length, and acted speech</title>
		<author>
			<persName xmlns="http://www.tei-c.org/ns/1.0"><forename type="first">Michael</forename><surname>Neumann</surname></persName>
		</author>
		<author>
			<persName xmlns="http://www.tei-c.org/ns/1.0"><forename type="first">Ngoc</forename><forename type="middle">Thang</forename><surname>Vu</surname></persName>
		</author>
		<imprint>
			<date type="published" when="2017" />
		</imprint>
	</monogr>
</biblStruct>

<biblStruct xml:id="b12">
	<analytic>
		<title level="a" type="main">Attention is all you need</title>
		<author>
			<persName xmlns="http://www.tei-c.org/ns/1.0"><forename type="first">Ashish</forename><surname>Vaswani</surname></persName>
		</author>
		<author>
			<persName xmlns="http://www.tei-c.org/ns/1.0"><forename type="first">Noam</forename><surname>Shazeer</surname></persName>
		</author>
		<author>
			<persName xmlns="http://www.tei-c.org/ns/1.0"><forename type="first">Niki</forename><surname>Parmar</surname></persName>
		</author>
		<author>
			<persName xmlns="http://www.tei-c.org/ns/1.0"><forename type="first">Jakob</forename><surname>Uszkoreit</surname></persName>
		</author>
		<author>
			<persName xmlns="http://www.tei-c.org/ns/1.0"><forename type="first">Llion</forename><surname>Jones</surname></persName>
		</author>
		<author>
			<persName xmlns="http://www.tei-c.org/ns/1.0"><forename type="first">Aidan</forename><forename type="middle">N</forename><surname>Gomez</surname></persName>
		</author>
		<author>
			<persName xmlns="http://www.tei-c.org/ns/1.0"><forename type="first">Łukasz</forename><surname>Kaiser</surname></persName>
		</author>
		<author>
			<persName xmlns="http://www.tei-c.org/ns/1.0"><forename type="first">Illia</forename><surname>Polosukhin</surname></persName>
		</author>
	</analytic>
	<monogr>
		<title level="m">Advances in Neural Information Processing Systems</title>
		<imprint>
			<date type="published" when="2017" />
			<biblScope unit="page" from="5998" to="6008" />
		</imprint>
	</monogr>
</biblStruct>

<biblStruct xml:id="b13">
	<analytic>
		<title level="a" type="main">The interspeech 2013 computational paralinguistics challenge: social signals, conflict, emotion, autism</title>
		<author>
			<persName xmlns="http://www.tei-c.org/ns/1.0"><forename type="first">Björn</forename><surname>Schuller</surname></persName>
		</author>
		<author>
			<persName xmlns="http://www.tei-c.org/ns/1.0"><forename type="first">Stefan</forename><surname>Steidl</surname></persName>
		</author>
		<author>
			<persName xmlns="http://www.tei-c.org/ns/1.0"><forename type="first">Anton</forename><surname>Batliner</surname></persName>
		</author>
		<author>
			<persName xmlns="http://www.tei-c.org/ns/1.0"><forename type="first">Alessandro</forename><surname>Vinciarelli</surname></persName>
		</author>
	</analytic>
	<monogr>
		<title level="m">Proceedings INTERSPEECH 2013, 14th Annual Conference of the International Speech Communication Association</title>
		<meeting>INTERSPEECH 2013, 14th Annual Conference of the International Speech Communication Association<address><addrLine>Lyon, France</addrLine></address></meeting>
		<imprint>
			<date type="published" when="2013" />
		</imprint>
	</monogr>
</biblStruct>

<biblStruct xml:id="b14">
	<analytic>
		<title level="a" type="main">On the acoustics of emotion in audio: what speech, music, and sound have in common</title>
		<author>
			<persName xmlns="http://www.tei-c.org/ns/1.0"><forename type="first">Felix</forename><surname>Weninger</surname></persName>
		</author>
		<author>
			<persName xmlns="http://www.tei-c.org/ns/1.0"><forename type="first">Florian</forename><surname>Eyben</surname></persName>
		</author>
		<author>
			<persName xmlns="http://www.tei-c.org/ns/1.0"><forename type="first">W</forename><surname>Björn</surname></persName>
		</author>
		<author>
			<persName xmlns="http://www.tei-c.org/ns/1.0"><forename type="first">Marcello</forename><surname>Schuller</surname></persName>
		</author>
		<author>
			<persName xmlns="http://www.tei-c.org/ns/1.0"><forename type="first">Klaus</forename><forename type="middle">R</forename><surname>Mortillaro</surname></persName>
		</author>
		<author>
			<persName xmlns="http://www.tei-c.org/ns/1.0"><surname>Scherer</surname></persName>
		</author>
	</analytic>
	<monogr>
		<title level="j">Frontiers in psychology</title>
		<imprint>
			<biblScope unit="volume">4</biblScope>
			<biblScope unit="page">292</biblScope>
			<date type="published" when="2013" />
		</imprint>
	</monogr>
</biblStruct>

<biblStruct xml:id="b15">
	<analytic>
		<title level="a" type="main">Recent developments in opensmile, the munich open-source multimedia feature extractor</title>
		<author>
			<persName xmlns="http://www.tei-c.org/ns/1.0"><forename type="first">Florian</forename><surname>Eyben</surname></persName>
		</author>
		<author>
			<persName xmlns="http://www.tei-c.org/ns/1.0"><forename type="first">Felix</forename><surname>Weninger</surname></persName>
		</author>
		<author>
			<persName xmlns="http://www.tei-c.org/ns/1.0"><forename type="first">Florian</forename><surname>Gross</surname></persName>
		</author>
		<author>
			<persName xmlns="http://www.tei-c.org/ns/1.0"><forename type="first">Björn</forename><surname>Schuller</surname></persName>
		</author>
	</analytic>
	<monogr>
		<title level="m">Proceedings of the 21st ACM international conference on Multimedia</title>
		<meeting>the 21st ACM international conference on Multimedia</meeting>
		<imprint>
			<publisher>ACM</publisher>
			<date type="published" when="2013" />
			<biblScope unit="page" from="835" to="838" />
		</imprint>
	</monogr>
</biblStruct>

<biblStruct xml:id="b16">
	<monogr>
		<title level="m" type="main">TensorFlow: Large-scale machine learning on heterogeneous systems</title>
		<author>
			<persName xmlns="http://www.tei-c.org/ns/1.0"><forename type="first">Martín</forename><surname>Abadi</surname></persName>
		</author>
		<author>
			<persName xmlns="http://www.tei-c.org/ns/1.0"><forename type="first">Ashish</forename><surname>Agarwal</surname></persName>
		</author>
		<author>
			<persName xmlns="http://www.tei-c.org/ns/1.0"><forename type="first">Paul</forename><surname>Barham</surname></persName>
		</author>
		<author>
			<persName xmlns="http://www.tei-c.org/ns/1.0"><forename type="first">Eugene</forename><surname>Brevdo</surname></persName>
		</author>
		<author>
			<persName xmlns="http://www.tei-c.org/ns/1.0"><forename type="first">Zhifeng</forename><surname>Chen</surname></persName>
		</author>
		<author>
			<persName xmlns="http://www.tei-c.org/ns/1.0"><forename type="first">Craig</forename><surname>Citro</surname></persName>
		</author>
		<author>
			<persName xmlns="http://www.tei-c.org/ns/1.0"><forename type="first">Greg</forename><forename type="middle">S</forename><surname>Corrado</surname></persName>
		</author>
		<author>
			<persName xmlns="http://www.tei-c.org/ns/1.0"><forename type="first">Andy</forename><surname>Davis</surname></persName>
		</author>
		<author>
			<persName xmlns="http://www.tei-c.org/ns/1.0"><forename type="first">Jeffrey</forename><surname>Dean</surname></persName>
		</author>
		<author>
			<persName xmlns="http://www.tei-c.org/ns/1.0"><forename type="first">Matthieu</forename><surname>Devin</surname></persName>
		</author>
		<author>
			<persName xmlns="http://www.tei-c.org/ns/1.0"><forename type="first">Sanjay</forename><surname>Ghemawat</surname></persName>
		</author>
		<author>
			<persName xmlns="http://www.tei-c.org/ns/1.0"><forename type="first">Ian</forename><surname>Goodfellow</surname></persName>
		</author>
		<imprint>
			<date type="published" when="2015" />
		</imprint>
	</monogr>
	<note>Software available from tensorflow.org</note>
</biblStruct>

				</listBibl>
			</div>
		</back>
	</text>
</TEI>
