<?xml version="1.0" encoding="UTF-8"?>
<TEI xml:space="preserve" xmlns="http://www.tei-c.org/ns/1.0" 
xmlns:xsi="http://www.w3.org/2001/XMLSchema-instance" 
xsi:schemaLocation="http://www.tei-c.org/ns/1.0 /home/varun/Desktop/NLP/Projects/grobid-0.5.6/grobid-home/schemas/xsd/Grobid.xsd"
 xmlns:xlink="http://www.w3.org/1999/xlink">
	<teiHeader xml:lang="en">
		<fileDesc>
			<titleStmt>
				<title level="a" type="main">Variational Boosting: Iteratively Refining Posterior Approximations</title>
			</titleStmt>
			<publicationStmt>
				<publisher/>
				<availability status="unknown"><licence/></availability>
				<date type="published" when="2017-02-21">February 21, 2017</date>
			</publicationStmt>
			<sourceDesc>
				<biblStruct>
					<analytic>
						<author>
							<persName xmlns="http://www.tei-c.org/ns/1.0"><forename type="first">Andrew</forename><forename type="middle">C</forename><surname>Miller</surname></persName>
							<affiliation key="aff0">
								<orgName type="institution" key="instit1">Harvard University</orgName>
								<orgName type="institution" key="instit2">University of Washington</orgName>
								<orgName type="institution" key="instit3">Harvard University</orgName>
							</affiliation>
						</author>
						<author role="corresp">
							<persName xmlns="http://www.tei-c.org/ns/1.0"><forename type="first">Nicholas</forename><forename type="middle">J</forename><surname>Foti</surname></persName>
							<email>nfoti@uw.edu</email>
							<affiliation key="aff0">
								<orgName type="institution" key="instit1">Harvard University</orgName>
								<orgName type="institution" key="instit2">University of Washington</orgName>
								<orgName type="institution" key="instit3">Harvard University</orgName>
							</affiliation>
						</author>
						<author>
							<persName xmlns="http://www.tei-c.org/ns/1.0"><forename type="first">Ryan</forename><forename type="middle">P</forename><surname>Adams</surname></persName>
							<affiliation key="aff0">
								<orgName type="institution" key="instit1">Harvard University</orgName>
								<orgName type="institution" key="instit2">University of Washington</orgName>
								<orgName type="institution" key="instit3">Harvard University</orgName>
							</affiliation>
						</author>
						<title level="a" type="main">Variational Boosting: Iteratively Refining Posterior Approximations</title>
					</analytic>
					<monogr>
						<imprint>
							<date type="published" when="2017-02-21">February 21, 2017</date>
						</imprint>
					</monogr>
				</biblStruct>
			</sourceDesc>
		</fileDesc>

		<encodingDesc>
			<appInfo>
				<application version="0.5.6" ident="GROBID" when="2020-04-20T12:42+0000">
					<ref target="https://github.com/kermitt2/grobid">GROBID - A machine learning software for extracting information from scholarly documents</ref>
				</application>
			</appInfo>
		</encodingDesc>		<profileDesc>
			<abstract>
<div xmlns="http://www.tei-c.org/ns/1.0"><p>We propose a black-box variational inference method to approximate intractable distributions with an increasingly rich approximating class. Our method, termed variational boosting, iteratively refines an existing variational approximation by solving a sequence of optimization problems, allowing the practitioner to trade computation time for accuracy. We show how to expand the variational approximating class by incorporating additional covariance structure and by introducing new components to form a mixture. We apply variational boosting to synthetic and real statistical models, and show that resulting posterior inferences compare favorably to existing posterior approximation algorithms in both accuracy and efficiency.</p></div>
			</abstract>
		</profileDesc>
	</teiHeader>
	<text xml:lang="en">
		<body>
<div xmlns="http://www.tei-c.org/ns/1.0"><head n="1">Introduction</head><p>Variational inference (VI) <ref type="bibr" target="#b1">[2,</ref><ref type="bibr" target="#b17">18,</ref><ref type="bibr" target="#b34">35]</ref> is a family of methods designed to approximate an intractable target distribution (typically known only up to a constant) with a tractable surrogate distribution. VI procedures typically minimize the Kullback-Leibler (KL) divergence of the approximation to the target by maximizing an appropriately defined tractable objective. Often, the class of approximating distributions is fixed, and typically excludes the neighborhood surrounding the target distribution, which prevents the variational approximation from becoming arbitrarily close to the true posterior. Often this mismatch between the variational family and the true posterior manifests as underestimating the posterior variances of the model parameters <ref type="bibr" target="#b34">[35]</ref>.</p><p>Markov chain Monte Carlo (MCMC), an alternative class of inference methods, instead approximates target distributions with samples drawn from a Markov chain constructed to leave the target distribution invariant. MCMC methods allow a user to trade computation time for increased accuracy -drawing more samples will make the approximation closer to the true target distribution. However, MCMC algorithms typically must be run iteratively and it can be difficult to assess convergence to the true posterior. Furthermore, correctly specifying MCMC moves can be more algorithmically restrictive than optimizing an objective (e.g., data subsampling in stochastic gradient methods).</p><p>In order to alleviate the mismatch between tractable variational approximations and complicated posterior distributions, we propose a variational inference method that iteratively allows the approximating distribution to become more complex and to eventually represent the true distribution arbitrarily well. This choice allows the practitioner to trade time performing inference against accuracy of posterior estimates, where in the limit the exact posterior can be recovered as in MCMC. Our algorithm grows the complexity of the approximating class in two ways: 1) incorporating richer covariance structure in the component distributions, and 2) by sequentially adding new components to the approximating distribution. Our method builds on black-box variational inference methods using the re-parameterization trick <ref type="bibr" target="#b19">[20,</ref><ref type="bibr" target="#b28">29,</ref><ref type="bibr" target="#b31">32]</ref>, applicable to a broad class of target distributions.</p><p>The following section discusses variational inference methods, drawing comparisons to alternative approximate inference algorithms. Section 3 and subsections therein describe variational boosting. We show how to adapt the re-parameterization trick for mixture approximations in Section 3.1. Section 4 describes various numerical experiments on real and synthetic data.</p></div>
<div xmlns="http://www.tei-c.org/ns/1.0"><head n="2">Variational Inference</head><p>Given a target distribution with density 1 π(x) for a random variable x ∈ X ⊆ R d , variational inference approximates π(x) with a tractable approximate distribution, 2 q(x; λ), from which we can draw samples and form sample-based estimates of functions of x. Variational methods minimize the KL-divergence, KL(q||π), between q(·; λ) and the true π as a function of variational parameters λ <ref type="bibr" target="#b0">[1]</ref>. Direct optimization of KL(q||π) is often intractable; however, we can derive a tractable objective based on properties of the KL-divergence. This objective is often referred to as the evidence lower bound (ELBO), written</p><formula xml:id="formula_0">L(λ) = E q λ [lnπ(x) − ln q(x; λ)]<label>(1)</label></formula><p>= E q λ [ln π(x) − ln q(x; λ)] + ln C</p><p>= ln C − KL(q λ ||π)</p><p>≤ ln C = ln π(x)dx <ref type="bibr" target="#b3">(4)</ref> which, due to the positivity of KL(q||π), is a lower bound on the normalization constant 3 ofπ(x), Variational methods typically define (or derive) a family of distributions Q = {q(·; λ) : λ ∈ Λ} parameterized by λ, and maximize the ELBO with respect to λ ∈ Λ. Most commonly the class Q is fixed, and there exists some (possibly non-unique) λ * ∈ Λ for which KL(q||π) is minimized. When the family Q does not include π, there will be a non-zero KL gap between q(·; λ * ) and π, and that discrepancy will realize itself in the form of biased estimates of functions of x ∼ π.</p><p>Variational inference is often seen as an alternative to other approximate inference algorithms, most notably Markov chain Monte Carlo (MCMC). MCMC methods construct a Markov chain such that the target distribution remains invariant (i.e., the target is admitted along the margins). Expectations with respect to the target can be calculated as an average with respect to these correlated samples. MCMC typically enjoys nice asymptotic properties; as the number of samples grows, MCMC samplers represent the true target distribution with higher and higher fidelity. However, rules for constructing correct Markov steps are quite restrictive. With a few exceptions <ref type="bibr" target="#b23">[24,</ref><ref type="bibr" target="#b35">36]</ref>, most MCMC algorithms require evaluating a log-likelihood that touches all data at each step in the chain (sometimes many times per step). This is problematic in analyses with a large amount of data -MCMC methods are often considered unusable because of this computational bottleneck.</p><p>Data sub-sampling, on the other hand, can often be used in conjunction with variational inference methods. Unbiased estimates of the log-likelihood based on data sub-sampling can often be used for optimization methods. Because variational methods recast inference as optimization, data sub-sampling can often be a way to make an already efficient approximation even more efficient.</p><p>In the next section, we propose an algorithm that iteratively grows the approximating class Q and reframes the VI procedure as a series of optimization problems, resulting in an inference method that can both represent complex distributions and scale to large data sets.</p></div>
<div xmlns="http://www.tei-c.org/ns/1.0"><head n="3">Method: Variational Boosting</head><p>We define our approximate distribution to be a mixture of C simpler component distributions</p><formula xml:id="formula_3">q (C) (x; λ) = C c=1 ρ c q c (x; λ c ) s.t. ρ c ≥ 0 and c ρ c = 1<label>(5)</label></formula><p>where we have defined component distributions q c 4 , mixture component parameters λ = (λ 1 , . . . , λ C ), and mixing proportion parameters ρ = (ρ 1 , . . . , ρ C ). The component distributions can be any distribution over x from which we can draw samples using a continuous mapping that depends on λ c (e.g., multivariate normals <ref type="bibr" target="#b15">[16]</ref>, or a composition of invertible maps <ref type="bibr" target="#b30">[31]</ref>).</p><p>When posterior expectations and variances are of interest, mixture distributions provide tractable summaries (so long as the component distributions are tractable) <ref type="bibr" target="#b4">5</ref> . Expectations are easily expressed in terms of component expectations</p><formula xml:id="formula_4">E q (C) [f (x)] = q (C) (x)f (x)dx (6) = c ρ c E qc [f (x)] .<label>(7)</label></formula><p>In the case of multivariate normal components, the mean and covariance of a mixture are easy to compute in closed form</p><formula xml:id="formula_5">E q (C) [x] = c ρ c µ(λ c ) = µ (C) (8) C q (C) [x] = c ρ c Σ(λ c ) − ρ c µ(λ c ) − µ (C) µ(λ c ) − µ (C) ,<label>(9)</label></formula><p>as are marginal distributions along any set of dimensions</p><formula xml:id="formula_6">q (C) (x d ) = c ρ c N (x d |µ d (λ c ), Σ dd (λ c ))<label>(10)</label></formula><p>where µ(λ c ) and Σ(λ c ) isolate the mean and covariance from variational component parameter λ c .</p><p>Our method begins with a single mixture component, C = 1. We use existing black-box variational inference methods to fit the first component parameter, λ 1 , and ρ 1 is fixed to 1 by definition. At the next iteration we fix λ 1 and introduce a new component into the mixture, q 2 (x; λ 2 ). We define a new ELBO objective as a function of new component parameters, λ 2 , and a new mixture weight, ρ 2 . We then optimize this objective with respect to λ 2 and ρ 2 until convergence. At each subsequent iteration, k, we introduce new component parameters and a mixing weight, (λ k , ρ k ), which are then optimized according to the new ELBO objective. We refer to this procedure as variational boosting, inspired by methods for learning strong classifiers by weighting an ensemble of weak classifiers.</p><p>In order for our method to be applicable to a general class of target distributions, we use black-box variational inference methods and the re-parameterization trick <ref type="bibr" target="#b19">[20,</ref><ref type="bibr" target="#b28">29,</ref><ref type="bibr" target="#b31">32]</ref> to fit each component and mixture weights. The re-parameterization trick is a method for obtaining unbiased estimates of the gradient of the ELBO. These gradient estimates can then be used to optimize the ELBO objective using a stochastic gradient optimization method. However, using mixtures as the variational approximation complicates the use of the re-parameterization trick.</p></div>
<div xmlns="http://www.tei-c.org/ns/1.0"><head n="3.1">The re-parameterization trick and mixture distributions</head><p>The re-parameterization trick is a method for computing low-variance estimates of the gradient of an objective for which we only have an unbiased estimator</p><formula xml:id="formula_7">L(λ) = E q [ln π(x) − ln q(x; λ)] ≈ 1 L L =1 ln π(x ( ) ) − ln q(x ( ) ; λ)</formula><p>where samples x ( ) are drawn from q(x; λ). To obtain a Monte Carlo gradient of L(λ) using the re-parameterization trick, we first separate the randomness needed to generate x ( ) from the parameters λ, by defining a deterministic map f q (x 0 ; λ) = x ( ) such that x 0 ∼ q 0 implies 6 x ( ) ∼ q(x; λ). Then, we can differentiate through f q with respect to λ to obtain a gradient estimator.</p><p>The re-parameterization trick when q is a mixture, however, is less straightforward. The sampling procedure for a mixture model typically contains a discrete component (i.e., sampling component identities), which is a process that cannot be differentiated through. We circumvent this complication by re-writing the variational objective as a weighted combination of expectations with respect to individual mixture components. Because of the form of the mixture, we can write the ELBO as</p><formula xml:id="formula_8">L(λ, ρ) = E q [ln π(x) − ln q(x; λ)] = C c=1 ρ c q c (x; λ c ) [ln π(x) − ln q(x; λ)] dx = C c=1 ρ c q c (x; λ c ) [ln π(x) − ln q(x; λ)] dx = C c=1 ρ c E qc [ln π(x) − ln q(x; λ)]</formula><p>which is a function of expectations with respect to mixture components. If these distributions are continuous, and there exists some function f c (x 0 ; λ) such that x = f c (x 0 ; λ) and x ∼ q c (·; λ) when x 0 ∼ q 0 , then we can apply the re-parameterization trick to each component to obtain gradients of the ELBO</p><formula xml:id="formula_9">∇ λc L(λ, ρ) = ∇ λc C c=1 ρ c E x∼q(x;λ) [ln π(x) − ln q(x; λ)] = C c=1 ρ c E x0∼q0 ∇ λc ln π(f c (x 0 ; λ c )) − ∇ λc ln q(f c (x 0 ; λ c )) .</formula><p>Variational Boosting uses the above fact with the re-parameterization trick in a componentby-component manner, allowing us to improve the variational approximation as we incorporate and fit new components.  </p></div>
<div xmlns="http://www.tei-c.org/ns/1.0"><head n="3.2">Adding Components</head><p>In this section we present details of the proposed algorithm. We first describe the process of fitting a single component and then the process for adding an additional component to an existing mixture distribution.</p><p>Fitting the first component The procedure starts by fitting an approximation to π(x) with a distribution that consists of a single component. We do this by maximizing the first ELBO objective</p><formula xml:id="formula_10">L (1) (λ 1 ) = E q [ln π(x) − ln q 1 (x; λ 1 )]<label>(11)</label></formula><formula xml:id="formula_11">λ * 1 = arg max λ1 L (1) (λ 1 ) .<label>(12)</label></formula><p>Depending on the forms of π and q 1 , optimizing the ELBO can be accomplished by various methods. One general method for fitting a continuous valued component is to compute stochastic, unbiased gradients of L(λ 1 ), and use stochastic gradient optimization. After convergence (or close to it) we fix λ 1 to be λ * 1 . The background (grey/black) contours depict the target distribution, and the foreground (red) contours depict the iterative approximations.</p><p>Fitting component C + 1 After iteration C, our current approximation to π(x) is a mixture distribution with C components</p><formula xml:id="formula_12">q (C) (x; λ) = C c=1 ρ c q c (x; λ c )<label>(13)</label></formula><p>where λ = ({ρ c , λ c } c ) is a list of component parameters and mixing weights, and q c (x; λ c ) is the component distribution parameterized by λ c . Adding a new component introduces a new component parameter, λ C+1 , and a new mixing weight, ρ C+1 . In this section, the mixing parameter ρ C+1 ∈ [0, 1] mixes between the new component, q C+1 (·; λ C+1 ) and the existing approximation, q (C) . The new approximate distribution is</p><formula xml:id="formula_13">q (C+1) (x; ρ C+1 , λ C+1 ) = (1 − ρ C+1 )q (C) (x) + ρ C+1 q C+1 (x; λ C+1 ) .<label>(14)</label></formula><p>The new optimization objective, as a function of ρ C+1 and λ C+1 is</p><formula xml:id="formula_14">L (C+1) (ρ C+1 , λ C+1 ) = E x∼q (C+1) ln π(x) − ln q (C+1) (x; λ C+1 , ρ C+1 ) (15) = (1 − ρ C+1 )E q (C) ln π(x) − ln q (C+1) (x; λ C+1 , ρ C+1 )<label>(16)</label></formula><formula xml:id="formula_15">+ ρ C+1 E q C+1 ln π(x) − ln q (C+1) (x; λ C+1 , ρ C+1 ) .<label>(17)</label></formula><p>Above we have separated out two expectations -one with respect to the existing approximation (which is fixed), and the other with respect to the new component distribution. Because we have fixed the existing approximation, we only need to optimize the new component parameters, λ C+1 , ρ C+1 , allowing us to use the re-parameterization trick to obtain gradients of L (C+1) . As we have fixed the existing component distribution and we only need to optimize the new component λ C+1 , we can use the re-parameterization trick and Monte Carlo gradients to optimize L (C+1) with respect to ρ C+1 and λ C+1 . <ref type="figure" target="#fig_1">Figure 1</ref> illustrates the algorithm on a simple one-dimensional example -showing the initialization of a new component and the resulting mixture after optimizing the second objective, L (2) (ρ 2 , λ 2 ). <ref type="figure" target="#fig_2">Figure 2</ref> depicts the result of the variational boosting procedure on a two-dimensional, multi-modal target distribution. In both cases, the component distributions are Gaussians with diagonal covariance.</p></div>
<div xmlns="http://www.tei-c.org/ns/1.0"><head n="3.3">Structured Multivariate Normal Components</head><p>Though our method can use any component distribution that can be sampled using a continuous mapping, a sensible choice of component distribution is a multivariate normal</p><formula xml:id="formula_16">q(x; λ) = N (x; µ(λ), Σ(λ)) (18) = |2πΣ(λ)| −1/2 exp − 1 2 (x − µ(λ)) Σ(λ) −1 (x − µ(λ))<label>(19)</label></formula><p>where the variational parameter λ is transformed into a mean vector µ(λ) and covariance matrix Σ(λ).</p><p>Specifying the structure of the covariance matrix is a choice that largely depends on the dimensionality of x (x ∈ R D ) and correlation structure of the target distribution. A common first-choice of covariance parameterization is a diagonal matrix</p><formula xml:id="formula_17">Σ(λ) = diag(σ 2 1 , . . . , σ 2 D )<label>(20)</label></formula><p>which implies that x is independent across dimensions. When the approximation only consists of one component, this structure is commonly referred to as the mean field family. While computationally efficient, mean field approximations cannot model posterior correlations, which often leads to underestimation of marginal variances. Additionally, when diagonal covariances are used as the component distributions in Eq. (5) the resulting mixture may require a large number of components to represent the strong correlations. Further, the independence restriction can introduce local optima in the variational objective <ref type="bibr" target="#b34">[35]</ref>.</p><p>On the other end of the spectrum, we can parameterize the entire covariance matrix by parameterizing the lower triangle of a Cholesky decomposition, L, such that LL = Σ. This allows Σ to be any positive semi-definite matrix, enabling q to have the full flexibility of a D-dimensional multivariate normal distribution. However, this introduces D(D + 1)/2 parameters, which can become computationally cumbersome when D is large. Furthermore, it may not be the case that all pairs of variables exhibit posterior correlation, particularly in multi-level models where different parameter types may be more or less independent in the posterior.</p><p>Alternatively, we can incorporate some capacity to capture correlations between dimensions of x without introducing many more parameters. The next subsection discusses a covariance specification that provides this tradeoff, while remaining computationally tractable within the BBVI framework.</p><p>Low-rank plus diagonal covariance Black-box variational inference methods with the re-parameterization trick rely on sampling from the variational distribution, and efficiently computing (or approximating) the entropy of the variational distribution. For multivariate normal distributions, the entropy is a function of the determinant of the covariance matrix, Σ, while computing the log likelihood requires inverting the covariance matrix, Σ −1 . When the dimensionality of the target, D, is large, computing determinants and inverses will be O(D 3 ) and therefore may be prohibitively expensive to compute at every iteration.</p><p>However, it may be unnecessary to represent all D(D − 1)/2 possible correlations in the target distribution, particularly if certain dimensions are close to independent. One way to increase the capacity of q(x; λ) is to model the covariance as a low-rank plus diagonal (LR+D) matrix</p><formula xml:id="formula_18">Σ = F F + diag(exp(v))<label>(21)</label></formula><p>where F ∈ R D×r is a matrix of off diagonal factors, and v ∈ R D are is the log-diagonal component. Note that both F and v are represented by the component parameter λ.</p><p>The choice of r presents a tradeoff -with a larger rank, the variational approximation can be more flexible; with a lower rank, the computations necessary for fitting the variational approximation can be more efficient. As a concrete example, in the Experiments section we present a D = 40 dimensional posterior resulting from a non-conjugate hierarchical model, and we show that a "rank r = 2 plus diagonal" covariance does an excellent job capturing all D(D − 1)/2 = 780 pairwise correlations and D marginal variances. Incorporating more components using the variational boosting framework further improves the approximation of the distribution.</p><p>To use the re-parameterization trick with this low rank covariance, we can simulate from q in two steps</p><formula xml:id="formula_19">z (lo) ∼ N (0, I r ) (22) z (hi) ∼ N (0, I D ) (23) x = F z (lo) + µ + I(v/2)z (hi)<label>(24)</label></formula><p>where z (lo) generates the randomness due to the low-rank structure, and z (hi) generates the randomness due to the diagonal structure. We use the operator I(a) = diag(exp(a)) for notational brevity. This generative process can be differentiated through, yielding Monte Carlo estimates of the gradient with respect to F and v suitable for stochastic optimization.</p><p>In order to use LR+D covariance structure within variational boosting, we will need to efficiently compute the determinant and inverse of Σ. The matrix determinant lemma <ref type="bibr" target="#b11">[12]</ref> allows us to represent the determinant of Σ as the product of two determinants</p><formula xml:id="formula_20">|F F + I(v))| = |I(v))||I r + F I(−v)F | (25) = exp d v d |I r + F I(−v)F |<label>(26)</label></formula><p>where the left term is simply the product of the diagonal component, and the right term</p><formula xml:id="formula_21">is the determinant of a r × r dimensional matrix, computable in O(r 3 ) time.</formula><p>Similarly, the Woodbury matrix identity <ref type="bibr" target="#b9">[10]</ref> allows us to represent the inverse of Σ as</p><formula xml:id="formula_22">(F F + I(v)) −1 = I(−v) − I(−v)F (I r + F I(−v)F ) −1 F I(−v)<label>(27)</label></formula><p>which involves the inversion of a smaller, r × r matrix, which can be done in O(r 3 ) time. Importantly, the above operations are efficiently differentiable and amenable for use in the BBVI framework.</p><p>Fitting the rank To specify the ELBO objective, we need to choose a rank r for the component covariance. Because fitting a single component is relatively cheap, we start by a single component with rank r = 0, continue to fit r = 1, 2, . . . , and rely on a heuristic stopping criterion. For a single Gaussian, one such criterion is the average change in marginal variances -if the marginal variation along each dimension remains the same from rank r to r + 1, then the new covariance component is not incorporating explanatory power, particularly if marginal variances are of interest. As the KL(q||π) objective tends to underestimate variances when restricted to a particular model class, we observe that the marginal variances grow as new covariance rank components are added. When fitting rank r + 1, we can monitor the average absolute change in marginal variance (or standard deviation) as more covariance structure is incorporated. <ref type="figure">Figure 9</ref> in Section 4 depicts this measurement for a D = 37-dimensional posterior.</p><p>To justify sequentially adding ranks to mixture components we consider the KL-divergence between a rank-r Gaussian approximation to a full covariance Gaussian, KL(q r ||p), where q r (θ) = N (0, I(v) + r l=1 f k f k ) and p(θ) = N (0, Σ). For simplicity, we assume both distributions have zero mean. If the true posterior is non-Gaussian we will attempt to approximate the best full-rank Gaussian with a low-rank Gaussian thus suffering an unrepresentable KL-divergence between the family of Gaussians and the true posterior. We also assume that the diagonal component, I(v), and the first r − 1 columns of</p><formula xml:id="formula_23">F = [f 1 , . . . , f r ] are held fixed. Then we have KL(q r ||p) = 1 2 tr Σ −1 I(v) + r l=1 f l f l − k + log det Σ − log det I(v) + r l=1 f l f l<label>(28)</label></formula><p>which we differentiate with respect to v r , remove terms that do not depend on v r , and set to zero, yielding</p><formula xml:id="formula_24">∂ ∂v r KL(q r ||p) = 1 2   Σ −1 v r − I(v) + r l=1 f l f l −1 v r   = 0 (29) → Σ −1 v r =       I(v) + r−1 l=1 f l f l C +f r f r       −1 v r (30) = C −1 − C −1 f r f r C −1 1 + f r C −1 f r f r .<label>(31)</label></formula><p>We can thus determine the optimal f r from the following equation</p><formula xml:id="formula_25">Σ −1 − C −1 f r = − C −1 f r f r C −1 1 + ||f r || 2 C f r<label>(32)</label></formula><p>where we have defined f r C −1 f r = ||f r || </p></div>
<div xmlns="http://www.tei-c.org/ns/1.0"><head n="3.4">Initializing Components</head><p>Introducing a new component requires initialization of component parameters. When our component distributions are mixtures of Gaussians, we found that the optimization procedure is sensitive to initialization. This section describes an importance-weighting scheme for initialization that produces (empirically) good initial values of component and mixing parameters.</p><p>Conceptually, a good initial component is located in a region of the target π(x) that is underrepresented by the existing approximation q (C) . A good initial weight is close to the proportion of mass in the unexplained region. Following this principle, we construct this component by first drawing importance-weighted samples from our existing approximation</p><formula xml:id="formula_26">x ( ) ∼ q (C) , w ( ) = π(x ( ) ) q (C) (x ( ) ) for = 1, . . . , L.<label>(33)</label></formula><p>The samples with the largest weights w ( ) tell us where regions of the target are poorly represented by our approximation. In fact, as L grows, and if q (C) is "close" enough to π, we can interpret {x ( ) , w ( ) } as a weighted sample from π. Based on this interpretation, we can fit a mixture distribution (or some components of a mixture distribution) to this weighted sample using maximum likelihood, and recover a type of target approximation. For mixture distributions, an efficient inference procedure is Expectation-Maximization (EM) <ref type="bibr" target="#b2">[3]</ref>.</p><p>This approach, however, presents a few complications. First, we must adapt EM to fit a weighted sample. Second, importance weights can suffer from extremely high variance -one or two w ( ) values may be extremely large compared to all other weights. This destabilizes our new component parameters and mixing weight, particularly the variance of the component. Intuitively, if a single weight w ( ) is extremely large, this would correspond to many samples being located in a single location, and maximum likelihood with EM would want to shrink the variance of the new component to zero right on that location. To combat this behavior, we use a simple method to break up the big weights using a resampling and re-weighting step before applying weighted EM. Empirically, this improves our new component initializations and subsequent ELBO convergence.</p><p>Weighted EM Expectation-maximization is typically used to perform maximum likelihood in latent variable models. Mixture distributions are easily represented with latent variables -a sample's latent variable corresponds to the mixture component that produced it. EM starts with some initialization of model parameters (e.g.,component means, variances and mixing weights). The algorithm then iterates between two steps: 1) the E-step, which computes the distribution over the latent variables given the current setting of parameters, and 2) the M-step, which maximizes the expected complete data log-likelihood with respect to the distributions computed in the E-step.</p><p>We suppress details of the general treatment of EM, and focus on EM for mixture models as presented in <ref type="bibr" target="#b0">[1]</ref>. For mixture distributions, the E-step computes "responsibilities", or the probability that a datapoint came from one of the components. The M-step then computes a weighted maximum likelihood, where the log-likelihood of a datapoint for a particular component is weighted by the associated "responsibility". This weighted maximum likelihood is an easy entry-point for an additional set of weights -weights associated with each datapoint from the importance-weighting.</p><p>More concretely, for a sample of data, x ( ) , C mixture components, and current mixture component parameters and weights λ = {ρ c , λ c } C c=1 , the E-step computes the following quantities</p><formula xml:id="formula_27">γ ( ) c = p(z ( ) = c|x ( ) , λ) (34) ∝ p(x ( ) |z ( ),λc = c)p(z ( ) = c)<label>(35)</label></formula><p>where γ ( ) c is the "responsibility" of cluster c for datapoint . The M-step then computes component parameters by a weighted maximum likelihood</p><formula xml:id="formula_28">λ * c = arg max λ L =1 γ ( ) c · ln p(x ( ) |z ( ) = c, λ c ) .<label>(36)</label></formula><p>To incorporate importance weights w ( ) , we only need to slightly change the M-step:</p><formula xml:id="formula_29">λ * c = arg max λ L =1 w ( ) · γ ( ) c · ln p(x ( ) |z ( ) = c, λ c ) .<label>(37)</label></formula><p>Algorithm 1 Importance-weighted initialization of new components. This algorithm takes in the target distribution, π(x), the current approximate distribution q (C) (x), and a number of samples L. This returns an initial value of new component parameters, λ C+1 and a new mixing weight ρ C+1 .</p><p>1: procedure InitComp(π, q (C) , L)</p><p>2:</p><p>x ( ) ∼ q (C) for = 1, . . . , L sample from existing approx 3:</p><formula xml:id="formula_30">w ( ) ← π(x ( ) ) q (C) (x ( ) )</formula><p>set importance weights </p><formula xml:id="formula_31">w ( ) r ← π(x ( ) r ) q (IW ) (x ( ) )</formula><p>re-sampled importance weights 8:</p><formula xml:id="formula_32">λ C+1 , ρ C+1 ← weighted-em({x ( ) r , w ( ) r }) fit new component 9: return λ C+1 , ρ C+1</formula><p>Because we are adding a new component, we would like our weighted EM routine to leave the remaining components unchanged. For instance, we want λ 1 , . . . , λ C−1 to be fixed, while λ C is free to explain the weighted sample. This can be accomplished in a straightforward manner by simply clamping the first C − 1 parameters during the M-step.</p><p>Resampling importance weights If our current approximation q (C) is sufficiently different in certain regions of the posterior, then some weights w ( ) will end up being large compared to other weights. For instance, the objective KL(q||p) tends to under-cover regions of the posterior, allowing π(x) to be much larger than q (c) (x), meaning the weight associated with x will be large. This will create instability in the weighted EM approximation -likelihood maximization will want to put a zero-variance component on the single highest-weighted sample, which does not accurately reflect the local curvature of π(x). To combat this, we construct a slightly more complicated proposal distribution. Conceptually, we first create this naïve importance-weighted sample, and then find samples with outlier weights, and break those samples up. We do this by constructing a new proposal distribution that mixes the existing proposal, q (C) , and component means located at the outlier samples. We define this proposal to be</p><formula xml:id="formula_33">q (IW ) (x) = p 0 q (C) (x) + ∈O w ( ) N (x|x ( ) , Σ ( ) )<label>(38)</label></formula><p>where ∈ O denote the set of outlier samples from our original sample, and p 0 = 1 − ∈O w ( ) is the mass not placed on outlier samples. The variance of each outlier component, Σ ( ) is set to some heuristic value -we typically use the diagonal of the covariance of q (C) as a good-enough guess.</p><p>We then create a new importance-weighted sample, using q (IW ) and π(x) just as we did before. By placing new components (with some non-zero variance) on the outlier samples, which are known to be in a region of high target probability and low approximate probability, we assume that there is more local probability around that region that needs to be explored. This allows us to inflate the local variance of the samples in this region -the region that weighted EM will place a component. Algorithm 1 unites the components from above sections into our final initialization procedure.</p></div>
<div xmlns="http://www.tei-c.org/ns/1.0"><head n="3.5">Related Work</head><p>Using a mixture model as an approximating distribution in variational inference is a well-studied idea. Mixtures of mean field approximations <ref type="bibr" target="#b15">[16]</ref> introduced mean fieldlike updates for a mixture approximation using a bound on the entropy term and model-specific parameter updates. Nonparametric variational inference <ref type="bibr" target="#b8">[9]</ref> is a black-box variational inference algorithm that approximates a target distribution with a mixture of equally-weighted isotropic normals. The authors use a lower-bound on the entropy term in the ELBO to make the optimization procedure tractable. Similarly, <ref type="bibr" target="#b31">[32]</ref> present a method for fitting mixture distributions as an approximation. However, their method is restricted to mixture component distributions within the exponential family, and a joint optimization procedure.</p><p>Sequential estimation of mixture models has been studied previously where the error between the sequentially learned model and the optimal model where all components and weights are jointly learned is bounded by O(1/K) where K is the number of mixture components used <ref type="bibr" target="#b21">[22,</ref><ref type="bibr" target="#b20">21,</ref><ref type="bibr" target="#b27">28]</ref>. The arguments in these works rely on extending convergence results for iterative approximation of functions to use KL divergence. A similar bound was also shown to hold using arguments from convex analysis in Zhang <ref type="bibr" target="#b36">[37]</ref>. More recently, sequentially constructing a mixture of deep generative models has been shown to achieve the same O(1/K) error bound when trained using an adversarial approach <ref type="bibr" target="#b33">[34]</ref>. Though these ideas show promise for deriving error bounds for variational boosting, there are difficulties in applying them.</p><p>In concurrent work, boosting has been used to construct flexible approximations to posterior distributions <ref type="bibr" target="#b10">[11]</ref>. In particular, they use gradient-boosting <ref type="bibr" target="#b5">[6]</ref> to determine candidate component distributions and then optimize the mixture weight for the new component. In addition, they use the greedy approximation error bounds derived by Zhang to suggest that their algorithm obtains an error bound of O(1/K). However, <ref type="bibr">Guo, et. al.</ref> assume that the gradient-boosting procedure is able to find the optimal new component in order for Zhang's error bound to apply, which is not true in general. <ref type="bibr">Guo, et. al.</ref> have provided important first steps in the theoretical development of boosting methods applied to variational inference, however, we note that developing a comprehensive theory that deals with the difficulties of multimodality and the nonconvexity of KL divergence is still needed.</p><p>Using a low-rank Gaussian as a variational approximation was explored in <ref type="bibr" target="#b32">[33]</ref>, using a PCA-like algorithm. Additionally, concurrent work has similarly proposed the use a LR+D covariance as the covariance of Gaussian posterior approximations <ref type="bibr" target="#b26">[27]</ref>. That work derives the explicit forms of the gradients and demonstrates the efficacy of the approach on high-dimensional logistic regression. Though the spiked-covariance approximation is useful for capturing posterior correlations, we find that combining the idea with boosting new components yields superior posterior approximations. We fit the low-rank components of a Gaussian using black-box methods and joint optimization.</p><p>We also note that mixture distributions are a type of hierarchical variational model <ref type="bibr" target="#b29">[30]</ref>, where the component identity can be thought of as latent variables in our variational distribution. While in <ref type="bibr" target="#b29">[30]</ref> the authors optimize a lower bound on the ELBO to fit general hierarchical variational models, our approach integrates out the discrete latent variables because it is tractable to do so.</p></div>
<div xmlns="http://www.tei-c.org/ns/1.0"><head n="4">Experiments and Analysis</head><p>To supplement the illustrative synthetic examples, in this section we apply variational boosting to approximate various intractable posterior distributions resulting from real statistical analyses.</p></div>
<div xmlns="http://www.tei-c.org/ns/1.0"><head n="4.1">Hierarchical Binomial Regression</head><p>We test out our posterior approximation on a hierarchical binomial regression model. <ref type="bibr" target="#b6">7</ref> We borrow an example from <ref type="bibr" target="#b3">[4]</ref>, and estimate the binomial rates of success (batting averages) of baseball players using a hierarchical model. The model describes a latent "skill" parameter for baseball players -the probability of obtaining a hit in a given at </p><formula xml:id="formula_34">θ j ∼ Beta(φ · κ, (1 − φ) · κ) player j prior y j ∼ Binomial(K j , θ j ) player j hits</formula><p>where y j is the number of successes (hits) player j has attempted in K j attempts (at bats). Each player has a latent success rate θ j , which is governed by two global variables κ and φ. There are 18 players in this example, creating a posterior distribution with D = 20 parameters. This model is not conjugate, and requires approximate Bayesian inference.</p><p>We use adam <ref type="bibr" target="#b18">[19]</ref> for each stochastic optimization problem with default parameters. For stochastic gradients, we use 400 samples for the new component, and 400 samples for the previous component. In all experiments, we use autograd <ref type="bibr" target="#b25">[26,</ref><ref type="bibr" target="#b24">25]</ref> to obtain automatic gradients with respect to new component parameters.</p><p>To highlight the fidelity of our method, we compare Variational Boosting to mean field VI and the No-U-Turn Sampler (NUTS) <ref type="bibr" target="#b14">[15]</ref>. The empirical distribution resulting from 20k NUTS samples is considered the "ground truth" posterior in this example. <ref type="figure" target="#fig_5">Figure 3</ref> compares a selection of univariate and bivariate posterior marginals. We see that Variational Boosting is able to closely match the NUTS posteriors, improving upon the MFVI approximation.  </p></div>
<div xmlns="http://www.tei-c.org/ns/1.0"><head n="4.2">Multi-level Poisson GLM</head><p>We apply variational boosting to approximate the posterior for a common hierarchical model, a hierarchical Poisson GLM. This model was formulated to measure the relative rates of stop-and-frisk events for different ethnicities and in different precincts <ref type="bibr" target="#b6">[7]</ref>, and has been used as illustrative example of multi-level modeling [8, Chapter 15, Section 1].</p><p>The model incorporates a precinct and ethnicity effect to describe the relative rate of stop-and-frisk events.</p><p>µ ∼ N (0, 10 2 ) mean offset ln σ 2 α , ln σ 2 β ∼ N (0, 10 2 ) group variances</p><formula xml:id="formula_35">α e ∼ N (0, σ 2 α ) ethnicity effect β p ∼ N (0, σ 2 β ) precinct effect ln λ ep = µ + α e + β p + ln N ep log rate Y ep ∼ P(λ ep ) stop-and-frisk events</formula><p>where Y ep are the number of stop-and-frisk events within ethnicity group e and precinct p over some fixed period of time; N ep is the total number of arrests of ethnicity group e in precinct p over the same period of time; α e and β p are the ethnicity and precinct effects.</p><p>As before, we simulate 20k NUTS samples, and compare various variational approximations. Because of the high posterior correlations present in this example, variational boosting with diagonal covariance components is inefficient in its representation of this structure. As such, this example more heavily relies on the low-rank approximation to   <ref type="figure" target="#fig_9">Figure 6</ref> shows a handful of bivariate marginal posterior approximations as a function of covariance rank. <ref type="figure" target="#fig_11">Figure 7</ref> shows the same bivariate marginals as more rank-3 components are added to the approximation. Lastly,  These results indicate that while the incorporation of covariance structure increases the accuracy of marginal variance approximations, the non-Gaussianity afforded by the incorporation of mixture components allows for a better posterior approximation that translates into even more accurate moment estimates.</p></div>
<div xmlns="http://www.tei-c.org/ns/1.0"><head n="4.3">Bayesian Neural Network</head><p>Lastly, we apply our method to a Bayesian neural network regression model, which admits a high-dimensional, non-conjugate posterior. We compare predictive performance of Variational Boosting to Probabilistic Backpropagation (PBP) <ref type="bibr" target="#b12">[13]</ref>. Mimicking the experimental setup of <ref type="bibr" target="#b12">[13]</ref>, we use a single 50-unit hidden layer, with ReLU activation functions. We place a normal prior over each weight in the neural network, governed by the same variance (with an inverse Gamma prior). We also place an inverse Gamma prior over the observation variance The model can be written as</p><formula xml:id="formula_36">α ∼ Gamma(1, .1) weight prior hyper (39) τ ∼ Gamma(1, .1) noise prior hyper (40) w i ∼ N (0, 1/α) weights (41) y|x, w, τ ∼ N (φ(x, w), 1/τ ) output distribution<label>(42)</label></formula><p>where w = {w} is the set of weights, and φ(x, w) is a multi-layer perceptron that maps input x to approximate output y as a function of parameters w. We denote the set of   While the rank 3 plus diagonal covariance structure is able to account for most of the marginal variances, the largest one is still underestimated. Incorporating more rank 3 components allows the approximation to account for this variance. Similarly, the non-zero covariance measurements improve as more components are added.</p><p>parameters as θ (w, α, τ ). We approximate the posterior p(w, α, τ |D), where D is the training set of {x n , y n } N n=1 input-output pairs. We then use the posterior predictive distribution to compute the distribution for a new input x * p(y|x * , D) = p(y|x * , θ)p(θ|D)dθ (43) ave % diff in marginal sds <ref type="figure">Figure 9</ref>: Mean percent change in marginal variances for the Poisson GLM. After rank 5, the average percent change is less than 5% -this estimate is slightly noisy due to the stochastic optimization procedure.</p><formula xml:id="formula_37">≈ 1 L L p(y|x * , θ ( ) ) , θ ( ) ∼ p(θ|D)<label>(44)</label></formula><p>and report average predictive log probabilities for held out data, p(Y = y * |x * , D).</p><p>In our experiment, we report held-out predictive performance for different approximate posteriors for six datasets. For each dataset, we perform the following procedure 20 times. First, we create a random partition into a 90% training set and 10% testing set. For each single component variational model (e.g. mean field, rank 5, rank 10, etc.), we take 500 adam steps using 20 samples to approximate the ELBO gradient. We then fix the rank 5 component, and add new components using the variational boosting procedure. We allow each additional component only 200 iterations. To save time on initialization, we draw 100 samples from the existing approximation, and initialize the new component with the sample with maximum weight. Probabilistic back-propagation is given 1000 passes over the training data (which, empirically, was sufficient for the algorithm to converge). <ref type="table">Table 1</ref> presents out-of-sample log probability for single-component multivariate Gaussian approximations with varying rank structure. <ref type="table">Table 2</ref> presents out-of-sample log probability for additional rank 5 components added using the variational boosting procedure. We note that though we do not see much predictive improvement as rank structure is added, we do see predictive improvement as components are added. Our results suggest that incorporating and adapting new mixture components is a recipe for a more expressive posterior approximation, translating into better predictive results. In fact, for all datasets we see that incorporating a new component improves test log-probability, and we see further improvement with additional components for most of the datasets. Furthermore, in five of the datasets, we see predictive performance surpass probabilistic back-propagation as new components are added. This highlights variational boosting's ability to trade computation for improved accuracy.</p><p>We note that the original observation of <ref type="bibr" target="#b12">[13]</ref> may be true -the level of gradient noise does make this optimization problem more difficult, but is mitigated by using more samples (20 in our case). Despite the stochastic training, these empirical results suggest that augmenting a Gaussian approximation to include additional capacity can improve  <ref type="table">Table 1</ref>: Comparison of test log probability for PBP <ref type="bibr" target="#b12">[13]</ref> to Variational Inference with various ranks. Each entry shows the average predictive performance of the model on a specific dataset and the standard deviation across the 20 trials -bold indicates the best average (though not necessarily statistical significance).  <ref type="table">Table 2</ref>: Comparison of test log probability for PBP <ref type="bibr" target="#b12">[13]</ref> to Variational Boosting with fixed rank <ref type="formula" target="#formula_3">(5)</ref>, varying the number of components. Each entry shows the average predictive performance of the model on a specific dataset and the standard deviation across the 20 trials -bold indicates the best average (though not necessarily statistical significance).</p><p>predictive performance in a Bayesian neural network while retaining computational tractability.</p></div>
<div xmlns="http://www.tei-c.org/ns/1.0"><head n="5">Discussion and Conclusion</head><p>We have proposed a practical variational inference method that incorporates new components into the approximation and is applicable to a large number of Bayesian models of interest. We demonstrated the ability of the method to learn rich representations of complex posteriors over a moderate number of parameters.</p><p>We see a few avenues of future work. First, while it is known that mixtures of Gaussians can approximate smooth distributions to arbitrary precision (with enough components) <ref type="bibr" target="#b4">[5]</ref>, it remains an open question if our approach of fixing and iteratively adding components using this sequence of ELBO objectives will converge. Existing work has shown that this is the case for the alternative direction of KL-divergence, KL(π||q) <ref type="bibr" target="#b21">[22,</ref><ref type="bibr" target="#b27">28]</ref>, but it remains to be shown for KL(q||π). Furthermore, the rate of convergence would, ideally, be characterized.</p><p>The variational boosting framework allows for more flexible component distributions. For instance, compositions of invertible maps have been used to enrich variational families <ref type="bibr" target="#b30">[31]</ref>, as well as auxiliary variable variational models <ref type="bibr" target="#b22">[23]</ref>.</p><p>Although our mixture component fitting algorithm is greedy, our determination of an appropriate covariance rank is not. We imagine that we can use the result of the r = 0 diagonal covariance to inform the procedure for r = 1, and so on. We leave this sort of nested boosting for low-rank determination to future work.</p><p>When optimizing parameters of a variational family, it has been shown that the natural gradient can be more robust and lead to better optima <ref type="bibr" target="#b13">[14,</ref><ref type="bibr" target="#b16">17]</ref>. While the Fisher information, required for computing the natural gradient, for a single Gaussian component can be computed in closed form, it is less straightforward for a mixture component. We hope to incorporate natural gradient updates in future work.</p></div><figure xmlns="http://www.tei-c.org/ns/1.0" xml:id="fig_1"><head>Figure 1 :</head><label>1</label><figDesc>Illustrative one-dimensional example of adding a new component in variational boosting. Top: initial approximation with a single component (solid green). Middle: a new component (dotted red), is initialized using Algorithm 1. Bottom: the new component parameters and mixing weights are optimized using Monte Carlo gradients of the ELBO. Note that this allows the mass of the existing components to rise and fall, but not shift in space.</figDesc></figure>
<figure xmlns="http://www.tei-c.org/ns/1.0" xml:id="fig_2"><head>Figure 2 :</head><label>2</label><figDesc>Sequence of increasing complex approximate posteriors, with C = 1, 2, 3, 4.</figDesc></figure>
<figure xmlns="http://www.tei-c.org/ns/1.0" xml:id="fig_3"><head>2 C</head><label>2</label><figDesc>. Eq. (32) is reminiscent of an eigenvalue problem indicating that the optimal solution for f r should maximally explain Σ −1 − C −1 , i.e. the parameter space not already explained by C = I(v) + r−1 l=1 f l f l . This provides justification for the previously proposed stopping criterion that monitors the increase in marginal variances since incorporating a new vector into the low-rank approximation should grow the marginal variances if extra correlations are captured. This is due to minimizing KL(q r ||p) which underestimates the variances when dependencies between parameters are broken.</figDesc></figure>
<figure xmlns="http://www.tei-c.org/ns/1.0" xml:id="fig_4"><head>r</head><label></label><figDesc>IW ) ← make-mixture(O, {w ( ) , x ( ) }, q (C) ) ∼ q (IW ) for = 1, .. . , L sample from new mixture 7:</figDesc></figure>
<figure xmlns="http://www.tei-c.org/ns/1.0" xml:id="fig_5"><head>Figure 3 :</head><label>3</label><figDesc>Comparison of univariate and bivariate marginals for the binomial hierarchical model. Each histogram/scatterplot results from 20,000 NUTS samples. Top left: Bivariate marginal (κ, θ 0 ) HMC samples and a mean field approximation (MFVI). Top Right, the same bivariate marginal, and the Variational Boosting approximation. Bottom: comparison of NUTS, MFVI, and VBoost on univariate marginals (global parameters).</figDesc></figure>
<figure xmlns="http://www.tei-c.org/ns/1.0" xml:id="fig_6"><head>Figure 4 :</head><label>4</label><figDesc>Comparison of posterior covariances for the D = 20-dimensional baseball model (hierarchical binomial regression). Each plot corresponds to the variational boosting algorithm as it incorporates new diagonal-covariance mixture components. The vertical axis indicates covariance estimates from 20k samples of NUTS (shared across all plots). We see that as more components are added, the variational boosting covariance estimates more closely match the MCMC covariance estimates. bat. The model of the data is φ ∼ Unif hyper prior κ ∼ Pareto(1, 1.5) hyper prior</figDesc></figure>
<figure xmlns="http://www.tei-c.org/ns/1.0" xml:id="fig_7"><head>Figure 4</head><label>4</label><figDesc>compares the variational boosting covariance estimates to the "ground truth" estimates of MCMC at various stages of the algorithm.</figDesc></figure>
<figure xmlns="http://www.tei-c.org/ns/1.0" xml:id="fig_8"><head>Figure 5 :</head><label>5</label><figDesc>Comparison of single Gaussian component marginals by rank for a 37dimensional Poisson GLM posterior. The top left plot is a diagonal Gaussian approximation. The next plots show the how the marginal variances inflate as the covariance is allotted more capacity.</figDesc></figure>
<figure xmlns="http://www.tei-c.org/ns/1.0" xml:id="fig_9"><head>Figure 6 :</head><label>6</label><figDesc>A sampling of bivariate marginals for a single Gaussian component marginals by rank for a D = 37-dimensional Poisson GLM posterior. Although there are a total of 666 covariances to be approximated, only a few directions in the D-dimensional parameter space exhibit non-trivial correlations. shape the posterior.</figDesc></figure>
<figure xmlns="http://www.tei-c.org/ns/1.0" xml:id="fig_10"><head>Figure 5</head><label>5</label><figDesc>show how increasing the rank of a single multivariate normal component can result in better variance approximations.</figDesc></figure>
<figure xmlns="http://www.tei-c.org/ns/1.0" xml:id="fig_11"><head>Figure 7 :</head><label>7</label><figDesc>A sampling of bivariate marginals for mixtures of rank-3 Gaussians at various stages of the variational boosting algorithm for the D = 37-dimensional frisk model. Introducing new mixture components allows the posterior to take a non-Gaussian shape, most exhibited in the third column.</figDesc></figure>
<figure xmlns="http://www.tei-c.org/ns/1.0" xml:id="fig_12"><head>Figure 8</head><label>8</label><figDesc>compares the marginal standard deviations and covariances to MCMC-based measurements.</figDesc></figure>
<figure xmlns="http://www.tei-c.org/ns/1.0" xml:id="fig_14"><head>Figure 8 :</head><label>8</label><figDesc>A comparison of standard deviations and covariances for the frisk model. The MCMC-inferred values are along the horizontal axis, with the variational boosting values along the vertical axis.</figDesc></figure>
			<note xmlns="http://www.tei-c.org/ns/1.0" place="foot" n="1">We assume π(x) is known up to a constant,π(x) = Cπ(x) for some constant C, omitting ∼ to simplify notation.<ref type="bibr" target="#b1">2</ref> We treat the density function as a synecdoche for the entire law, and use q(x; λ) and q λ (x) interchangeably at the risk of slight notational abuse.<ref type="bibr" target="#b2">3</ref> Often referred to as the marginal likelihood, p(data), in Bayesian inference.</note>
			<note xmlns="http://www.tei-c.org/ns/1.0" place="foot" n="4">We denote full mixtures with parenthetical superscripts, q (C) , and components with naked subscripts, qc.</note>
			<note xmlns="http://www.tei-c.org/ns/1.0" place="foot" n="5">Mixtures are simple to easy sample from so that more complicated functionals can easily be estimated.</note>
			<note xmlns="http://www.tei-c.org/ns/1.0" place="foot" n="6">Here, q 0 is some base distribution that is, importantly, not a function of λ.</note>
			<note xmlns="http://www.tei-c.org/ns/1.0" place="foot" n="7">Model and data from the mc-stan case studies, http://mc-stan.org/documentation/case-studies/ pool-binary-trials.html</note>
		</body>
		<back>

			<div type="acknowledgement">
<div xmlns="http://www.tei-c.org/ns/1.0"><head>Acknowledgments</head><p>The authors would like to acknowledge Arjumand Masood, Mike Hughes, and </p></div>
			</div>

			<div type="references">

				<listBibl>

<biblStruct xml:id="b0">
	<monogr>
		<title level="m" type="main">Pattern recognition and machine learning</title>
		<author>
			<persName xmlns="http://www.tei-c.org/ns/1.0"><forename type="first">C</forename><surname>Bishop</surname></persName>
		</author>
		<imprint>
			<date type="published" when="2006" />
		</imprint>
	</monogr>
</biblStruct>

<biblStruct xml:id="b1">
	<monogr>
				<author>
			<persName xmlns="http://www.tei-c.org/ns/1.0"><forename type="first">M</forename><surname>David</surname></persName>
		</author>
		<author>
			<persName xmlns="http://www.tei-c.org/ns/1.0"><forename type="first">Alp</forename><surname>Blei</surname></persName>
		</author>
		<author>
			<persName xmlns="http://www.tei-c.org/ns/1.0"><forename type="first">Jon</forename><forename type="middle">D</forename><surname>Kucukelbir</surname></persName>
		</author>
		<author>
			<persName xmlns="http://www.tei-c.org/ns/1.0"><surname>Mcauliffe</surname></persName>
		</author>
		<idno type="arXiv">arXiv:1601.00670</idno>
		<title level="m">Variational inference: A review for statisticians</title>
		<imprint>
			<date type="published" when="2016" />
		</imprint>
	</monogr>
	<note type="report_type">arXiv preprint</note>
</biblStruct>

<biblStruct xml:id="b2">
	<analytic>
		<title level="a" type="main">Maximum likelihood from incomplete data via the em algorithm</title>
		<author>
			<persName xmlns="http://www.tei-c.org/ns/1.0"><forename type="first">P</forename><surname>Arthur</surname></persName>
		</author>
		<author>
			<persName xmlns="http://www.tei-c.org/ns/1.0"><forename type="first">Nan</forename><forename type="middle">M</forename><surname>Dempster</surname></persName>
		</author>
		<author>
			<persName xmlns="http://www.tei-c.org/ns/1.0"><forename type="first">Donald B</forename><surname>Laird</surname></persName>
		</author>
		<author>
			<persName xmlns="http://www.tei-c.org/ns/1.0"><surname>Rubin</surname></persName>
		</author>
	</analytic>
	<monogr>
		<title level="j">Journal of the royal statistical society. Series B (methodological)</title>
		<imprint>
			<biblScope unit="page" from="1" to="38" />
			<date type="published" when="1977" />
		</imprint>
	</monogr>
</biblStruct>

<biblStruct xml:id="b3">
	<analytic>
		<title level="a" type="main">Data analysis using Stein&apos;s estimator and its generalizations</title>
		<author>
			<persName xmlns="http://www.tei-c.org/ns/1.0"><forename type="first">Bradley</forename><surname>Efron</surname></persName>
		</author>
		<author>
			<persName xmlns="http://www.tei-c.org/ns/1.0"><forename type="first">Carl</forename><surname>Morris</surname></persName>
		</author>
	</analytic>
	<monogr>
		<title level="j">Journal of the American Statistical Association</title>
		<imprint>
			<biblScope unit="volume">70</biblScope>
			<biblScope unit="issue">350</biblScope>
			<biblScope unit="page" from="311" to="319" />
			<date type="published" when="1975" />
		</imprint>
	</monogr>
</biblStruct>

<biblStruct xml:id="b4">
	<analytic>
		<title level="a" type="main">Non-parametric estimation of a multivariate probability density</title>
		<author>
			<persName xmlns="http://www.tei-c.org/ns/1.0"><forename type="first">V</forename><forename type="middle">A</forename><surname>Epanechnikov</surname></persName>
		</author>
	</analytic>
	<monogr>
		<title level="j">Theory Probab. Appl</title>
		<imprint>
			<biblScope unit="volume">14</biblScope>
			<biblScope unit="issue">1</biblScope>
			<biblScope unit="page" from="153" to="158" />
			<date type="published" when="1967" />
		</imprint>
	</monogr>
</biblStruct>

<biblStruct xml:id="b5">
	<analytic>
		<title level="a" type="main">Greedy function approximation: A gradient boosting machine</title>
		<author>
			<persName xmlns="http://www.tei-c.org/ns/1.0"><forename type="first">J</forename><forename type="middle">H</forename><surname>Friedman</surname></persName>
		</author>
	</analytic>
	<monogr>
		<title level="j">Annals of Statistics</title>
		<imprint>
			<biblScope unit="volume">29</biblScope>
			<biblScope unit="page" from="1189" to="1232" />
			<date type="published" when="2000" />
		</imprint>
	</monogr>
</biblStruct>

<biblStruct xml:id="b6">
	<analytic>
		<title level="a" type="main">An analysis of the nypd&apos;s stop-and-frisk policy in the context of claims of racial bias</title>
		<author>
			<persName xmlns="http://www.tei-c.org/ns/1.0"><forename type="first">Andrew</forename><surname>Gelman</surname></persName>
		</author>
		<author>
			<persName xmlns="http://www.tei-c.org/ns/1.0"><forename type="first">Jeffrey</forename><surname>Fagan</surname></persName>
		</author>
		<author>
			<persName xmlns="http://www.tei-c.org/ns/1.0"><forename type="first">Alex</forename><surname>Kiss</surname></persName>
		</author>
	</analytic>
	<monogr>
		<title level="j">Journal of the American Statistical Association</title>
		<imprint>
			<biblScope unit="volume">102</biblScope>
			<biblScope unit="page" from="813" to="823" />
			<date type="published" when="2007" />
		</imprint>
	</monogr>
</biblStruct>

<biblStruct xml:id="b7">
	<monogr>
		<title level="m" type="main">Data analysis using regression and multilevel/hierarchical models</title>
		<author>
			<persName xmlns="http://www.tei-c.org/ns/1.0"><forename type="first">Andrew</forename><surname>Gelman</surname></persName>
		</author>
		<author>
			<persName xmlns="http://www.tei-c.org/ns/1.0"><forename type="first">Jennifer</forename><surname>Hill</surname></persName>
		</author>
		<imprint>
			<date type="published" when="2006" />
			<publisher>Cambridge University Press</publisher>
		</imprint>
	</monogr>
</biblStruct>

<biblStruct xml:id="b8">
	<analytic>
		<title level="a" type="main">Nonparametric variational inference</title>
		<author>
			<persName xmlns="http://www.tei-c.org/ns/1.0"><forename type="first">Matt</forename><surname>Samuel Gershman</surname></persName>
		</author>
		<author>
			<persName xmlns="http://www.tei-c.org/ns/1.0"><forename type="first">David</forename><forename type="middle">M</forename><surname>Hoffman</surname></persName>
		</author>
		<author>
			<persName xmlns="http://www.tei-c.org/ns/1.0"><surname>Blei</surname></persName>
		</author>
	</analytic>
	<monogr>
		<title level="m">Proceedings of the 29th International Conference on Machine Learning (ICML-12)</title>
		<meeting>the 29th International Conference on Machine Learning (ICML-12)</meeting>
		<imprint>
			<date type="published" when="2012" />
			<biblScope unit="page" from="663" to="670" />
		</imprint>
	</monogr>
</biblStruct>

<biblStruct xml:id="b9">
	<monogr>
		<title/>
		<author>
			<persName xmlns="http://www.tei-c.org/ns/1.0"><forename type="first">G</forename><forename type="middle">H</forename><surname>Golub</surname></persName>
		</author>
		<author>
			<persName xmlns="http://www.tei-c.org/ns/1.0"><forename type="first">C</forename><forename type="middle">F</forename><surname>Van Loan</surname></persName>
		</author>
		<imprint>
			<date type="published" when="2013" />
			<publisher>Matrix Computations. JHU Press</publisher>
		</imprint>
	</monogr>
</biblStruct>

<biblStruct xml:id="b10">
	<monogr>
		<title level="m" type="main">Boosting variational inference</title>
		<author>
			<persName xmlns="http://www.tei-c.org/ns/1.0"><forename type="first">Fangjian</forename><surname>Guo</surname></persName>
		</author>
		<author>
			<persName xmlns="http://www.tei-c.org/ns/1.0"><forename type="first">Xiangyu</forename><surname>Wang</surname></persName>
		</author>
		<author>
			<persName xmlns="http://www.tei-c.org/ns/1.0"><forename type="first">Kai</forename><surname>Fan</surname></persName>
		</author>
		<author>
			<persName xmlns="http://www.tei-c.org/ns/1.0"><forename type="first">Tamara</forename><surname>Broderick</surname></persName>
		</author>
		<author>
			<persName xmlns="http://www.tei-c.org/ns/1.0"><forename type="first">David</forename><forename type="middle">B</forename><surname>Dunson</surname></persName>
		</author>
		<idno type="arXiv">arXiv:1611.05559</idno>
		<imprint>
			<date type="published" when="2016" />
		</imprint>
	</monogr>
	<note>stat.ML</note>
</biblStruct>

<biblStruct xml:id="b11">
	<monogr>
		<title level="m" type="main">Matrix Algebra from a Statistician&apos;s Perspective</title>
		<author>
			<persName xmlns="http://www.tei-c.org/ns/1.0"><forename type="first">D</forename><forename type="middle">A</forename><surname>Harville</surname></persName>
		</author>
		<imprint>
			<date type="published" when="1997" />
			<publisher>Springer-Verlag</publisher>
		</imprint>
	</monogr>
</biblStruct>

<biblStruct xml:id="b12">
	<monogr>
		<title level="m" type="main">Probabilistic backpropagation for scalable learning of bayesian neural networks</title>
		<author>
			<persName xmlns="http://www.tei-c.org/ns/1.0"><forename type="first">José Miguel Hernández-Lobato</forename></persName>
		</author>
		<author>
			<persName xmlns="http://www.tei-c.org/ns/1.0"><forename type="first">Ryan P</forename><surname>Adams</surname></persName>
		</author>
		<imprint>
			<date type="published" when="2015" />
		</imprint>
	</monogr>
</biblStruct>

<biblStruct xml:id="b13">
	<analytic>
		<title level="a" type="main">Stochastic variational inference</title>
		<author>
			<persName xmlns="http://www.tei-c.org/ns/1.0"><forename type="first">D</forename><surname>Matthew</surname></persName>
		</author>
		<author>
			<persName xmlns="http://www.tei-c.org/ns/1.0"><surname>Hoffman</surname></persName>
		</author>
		<author>
			<persName xmlns="http://www.tei-c.org/ns/1.0"><forename type="first">M</forename><surname>David</surname></persName>
		</author>
		<author>
			<persName xmlns="http://www.tei-c.org/ns/1.0"><forename type="first">Chong</forename><surname>Blei</surname></persName>
		</author>
		<author>
			<persName xmlns="http://www.tei-c.org/ns/1.0"><forename type="first">John</forename><forename type="middle">William</forename><surname>Wang</surname></persName>
		</author>
		<author>
			<persName xmlns="http://www.tei-c.org/ns/1.0"><surname>Paisley</surname></persName>
		</author>
	</analytic>
	<monogr>
		<title level="j">Journal of Machine Learning Research</title>
		<imprint>
			<biblScope unit="volume">14</biblScope>
			<biblScope unit="issue">1</biblScope>
			<biblScope unit="page" from="1303" to="1347" />
			<date type="published" when="2013" />
		</imprint>
	</monogr>
</biblStruct>

<biblStruct xml:id="b14">
	<analytic>
		<title level="a" type="main">The no-u-turn sampler: adaptively setting path lengths in hamiltonian monte carlo</title>
		<author>
			<persName xmlns="http://www.tei-c.org/ns/1.0"><forename type="first">D</forename><surname>Matthew</surname></persName>
		</author>
		<author>
			<persName xmlns="http://www.tei-c.org/ns/1.0"><forename type="first">Andrew</forename><surname>Hoffman</surname></persName>
		</author>
		<author>
			<persName xmlns="http://www.tei-c.org/ns/1.0"><surname>Gelman</surname></persName>
		</author>
	</analytic>
	<monogr>
		<title level="j">Journal of Machine Learning Research</title>
		<imprint>
			<biblScope unit="volume">15</biblScope>
			<biblScope unit="issue">1</biblScope>
			<biblScope unit="page" from="1593" to="1623" />
			<date type="published" when="2014" />
		</imprint>
	</monogr>
</biblStruct>

<biblStruct xml:id="b15">
	<analytic>
		<title level="a" type="main">Improving the mean field approximation via the use of mixture distributions</title>
		<author>
			<persName xmlns="http://www.tei-c.org/ns/1.0"><forename type="first">S</forename><surname>Tommi</surname></persName>
		</author>
		<author>
			<persName xmlns="http://www.tei-c.org/ns/1.0"><forename type="first">Michael I Jordan</forename><surname>Jaakkola</surname></persName>
		</author>
	</analytic>
	<monogr>
		<title level="m">Learning in graphical models</title>
		<imprint>
			<publisher>Springer</publisher>
			<date type="published" when="1998" />
			<biblScope unit="page" from="163" to="173" />
		</imprint>
	</monogr>
</biblStruct>

<biblStruct xml:id="b16">
	<monogr>
		<title level="m" type="main">Composing graphical models with neural networks for structured representations and fast inference</title>
		<author>
			<persName xmlns="http://www.tei-c.org/ns/1.0"><forename type="first">Matthew</forename><forename type="middle">J</forename><surname>Johnson</surname></persName>
		</author>
		<author>
			<persName xmlns="http://www.tei-c.org/ns/1.0"><forename type="first">David</forename><forename type="middle">K</forename><surname>Duvenaud</surname></persName>
		</author>
		<author>
			<persName xmlns="http://www.tei-c.org/ns/1.0"><forename type="first">Alex</forename><forename type="middle">B</forename><surname>Wiltschko</surname></persName>
		</author>
		<author>
			<persName xmlns="http://www.tei-c.org/ns/1.0"><forename type="first">R</forename><surname>Sandeep</surname></persName>
		</author>
		<author>
			<persName xmlns="http://www.tei-c.org/ns/1.0"><forename type="first">Ryan</forename><forename type="middle">P</forename><surname>Datta</surname></persName>
		</author>
		<author>
			<persName xmlns="http://www.tei-c.org/ns/1.0"><surname>Adams</surname></persName>
		</author>
		<idno type="arXiv">arXiv:1603.06277</idno>
		<imprint>
			<date type="published" when="2016" />
		</imprint>
	</monogr>
	<note type="report_type">Arxiv preprint</note>
</biblStruct>

<biblStruct xml:id="b17">
	<analytic>
		<title level="a" type="main">An introduction to variational methods for graphical models</title>
		<author>
			<persName xmlns="http://www.tei-c.org/ns/1.0"><forename type="first">Zoubin</forename><surname>Michael I Jordan</surname></persName>
		</author>
		<author>
			<persName xmlns="http://www.tei-c.org/ns/1.0"><forename type="first">Tommi</forename><forename type="middle">S</forename><surname>Ghahramani</surname></persName>
		</author>
		<author>
			<persName xmlns="http://www.tei-c.org/ns/1.0"><forename type="first">Lawrence K</forename><surname>Jaakkola</surname></persName>
		</author>
		<author>
			<persName xmlns="http://www.tei-c.org/ns/1.0"><surname>Saul</surname></persName>
		</author>
	</analytic>
	<monogr>
		<title level="j">Machine learning</title>
		<imprint>
			<biblScope unit="volume">37</biblScope>
			<biblScope unit="issue">2</biblScope>
			<biblScope unit="page" from="183" to="233" />
			<date type="published" when="1999" />
		</imprint>
	</monogr>
</biblStruct>

<biblStruct xml:id="b18">
	<monogr>
		<title level="m" type="main">Adam: A method for stochastic optimization</title>
		<author>
			<persName xmlns="http://www.tei-c.org/ns/1.0"><forename type="first">Diederik</forename><surname>Kingma</surname></persName>
		</author>
		<author>
			<persName xmlns="http://www.tei-c.org/ns/1.0"><forename type="first">Jimmy</forename><surname>Ba</surname></persName>
		</author>
		<idno type="arXiv">arXiv:1412.6980</idno>
		<imprint>
			<date type="published" when="2014" />
		</imprint>
	</monogr>
	<note type="report_type">arXiv preprint</note>
</biblStruct>

<biblStruct xml:id="b19">
	<monogr>
		<title level="m" type="main">Auto-encoding variational bayes</title>
		<author>
			<persName xmlns="http://www.tei-c.org/ns/1.0"><forename type="first">P</forename><surname>Diederik</surname></persName>
		</author>
		<author>
			<persName xmlns="http://www.tei-c.org/ns/1.0"><forename type="first">Max</forename><surname>Kingma</surname></persName>
		</author>
		<author>
			<persName xmlns="http://www.tei-c.org/ns/1.0"><surname>Welling</surname></persName>
		</author>
		<idno type="arXiv">arXiv:1312.6114</idno>
		<imprint>
			<date type="published" when="2013" />
		</imprint>
	</monogr>
	<note type="report_type">arXiv preprint</note>
</biblStruct>

<biblStruct xml:id="b20">
	<monogr>
		<title level="m" type="main">Estimation of Mixture Models</title>
		<author>
			<persName xmlns="http://www.tei-c.org/ns/1.0"><forename type="first">Q</forename><surname>Li</surname></persName>
		</author>
		<imprint>
			<date type="published" when="1999-05" />
		</imprint>
		<respStmt>
			<orgName>Yale University</orgName>
		</respStmt>
	</monogr>
	<note type="report_type">PhD thesis</note>
</biblStruct>

<biblStruct xml:id="b21">
	<analytic>
		<title level="a" type="main">Mixture density estimation</title>
		<author>
			<persName xmlns="http://www.tei-c.org/ns/1.0"><forename type="first">Q</forename><forename type="middle">J</forename><surname>Li</surname></persName>
		</author>
		<author>
			<persName xmlns="http://www.tei-c.org/ns/1.0"><forename type="first">A</forename><forename type="middle">R</forename><surname>Barron</surname></persName>
		</author>
	</analytic>
	<monogr>
		<title level="m">Advances in Neural Information Processing Systems</title>
		<imprint>
			<date type="published" when="1999" />
		</imprint>
	</monogr>
</biblStruct>

<biblStruct xml:id="b22">
	<monogr>
				<author>
			<persName xmlns="http://www.tei-c.org/ns/1.0"><forename type="first">Lars</forename><surname>Maaløe</surname></persName>
		</author>
		<author>
			<persName xmlns="http://www.tei-c.org/ns/1.0"><forename type="first">Casper</forename><forename type="middle">Kaae</forename><surname>Sønderby</surname></persName>
		</author>
		<author>
			<persName xmlns="http://www.tei-c.org/ns/1.0"><forename type="first">Ole</forename><surname>Søren Kaae Sønderby</surname></persName>
		</author>
		<author>
			<persName xmlns="http://www.tei-c.org/ns/1.0"><surname>Winther</surname></persName>
		</author>
		<idno type="arXiv">arXiv:1602.05473</idno>
		<title level="m">Auxiliary deep generative models</title>
		<imprint>
			<date type="published" when="2016" />
		</imprint>
	</monogr>
	<note type="report_type">arXiv preprint</note>
</biblStruct>

<biblStruct xml:id="b23">
	<monogr>
		<title level="m" type="main">Firefly monte carlo: Exact mcmc with subsets of data</title>
		<author>
			<persName xmlns="http://www.tei-c.org/ns/1.0"><forename type="first">Dougal</forename><surname>Maclaurin</surname></persName>
		</author>
		<author>
			<persName xmlns="http://www.tei-c.org/ns/1.0"><forename type="first">P</forename><surname>Ryan</surname></persName>
		</author>
		<author>
			<persName xmlns="http://www.tei-c.org/ns/1.0"><surname>Adams</surname></persName>
		</author>
		<idno type="arXiv">arXiv:1403.5693</idno>
		<imprint>
			<date type="published" when="2014" />
		</imprint>
	</monogr>
	<note type="report_type">arXiv preprint</note>
</biblStruct>

<biblStruct xml:id="b24">
	<analytic>
		<title level="a" type="main">Autograd: Reverse-mode differentiation of native python</title>
		<author>
			<persName xmlns="http://www.tei-c.org/ns/1.0"><forename type="first">Dougal</forename><surname>Maclaurin</surname></persName>
		</author>
		<author>
			<persName xmlns="http://www.tei-c.org/ns/1.0"><forename type="first">David</forename><surname>Duvenaud</surname></persName>
		</author>
		<author>
			<persName xmlns="http://www.tei-c.org/ns/1.0"><forename type="first">Ryan</forename><forename type="middle">P</forename><surname>Adams</surname></persName>
		</author>
	</analytic>
	<monogr>
		<title level="m">ICML workshop on Automatic Machine Learning</title>
		<imprint>
			<date type="published" when="2015" />
		</imprint>
	</monogr>
</biblStruct>

<biblStruct xml:id="b25">
	<monogr>
		<title level="m" type="main">Autograd: Reverse-mode differentiation of native Python</title>
		<author>
			<persName xmlns="http://www.tei-c.org/ns/1.0"><forename type="first">Dougal</forename><surname>Maclaurin</surname></persName>
		</author>
		<author>
			<persName xmlns="http://www.tei-c.org/ns/1.0"><forename type="first">David</forename><surname>Duvenaud</surname></persName>
		</author>
		<author>
			<persName xmlns="http://www.tei-c.org/ns/1.0"><forename type="first">Matthew</forename><surname>Johnson</surname></persName>
		</author>
		<author>
			<persName xmlns="http://www.tei-c.org/ns/1.0"><forename type="first">Ryan</forename><forename type="middle">P</forename><surname>Adams</surname></persName>
		</author>
		<imprint>
			<date type="published" when="2015" />
		</imprint>
	</monogr>
</biblStruct>

<biblStruct xml:id="b26">
	<monogr>
		<title level="m" type="main">Gaussian variational approximation with factor covariance structure</title>
		<author>
			<persName xmlns="http://www.tei-c.org/ns/1.0"><forename type="first">V</forename><forename type="middle">M</forename><surname>Ong</surname></persName>
		</author>
		<author>
			<persName xmlns="http://www.tei-c.org/ns/1.0"><forename type="first">D</forename><forename type="middle">J</forename><surname>Nott</surname></persName>
		</author>
		<author>
			<persName xmlns="http://www.tei-c.org/ns/1.0"><forename type="first">M</forename><forename type="middle">S</forename><surname>Smith</surname></persName>
		</author>
		<idno type="arXiv">arXiv:1701.03208</idno>
		<imprint>
			<date type="published" when="2017" />
		</imprint>
	</monogr>
	<note type="report_type">arXiv preprint</note>
</biblStruct>

<biblStruct xml:id="b27">
	<analytic>
		<title level="a" type="main">Risk bounds for mixture density estimation</title>
		<author>
			<persName xmlns="http://www.tei-c.org/ns/1.0"><forename type="first">A</forename><surname>Rakhlin</surname></persName>
		</author>
		<author>
			<persName xmlns="http://www.tei-c.org/ns/1.0"><forename type="first">D</forename><surname>Panchenko</surname></persName>
		</author>
		<author>
			<persName xmlns="http://www.tei-c.org/ns/1.0"><forename type="first">S</forename><surname>Mukherjee</surname></persName>
		</author>
	</analytic>
	<monogr>
		<title level="j">ESAIM: Probability and Statistics</title>
		<imprint>
			<biblScope unit="volume">9</biblScope>
			<biblScope unit="page" from="220" to="229" />
			<date type="published" when="2006" />
		</imprint>
	</monogr>
</biblStruct>

<biblStruct xml:id="b28">
	<analytic>
		<title level="a" type="main">Black box variational inference</title>
		<author>
			<persName xmlns="http://www.tei-c.org/ns/1.0"><forename type="first">Rajesh</forename><surname>Ranganath</surname></persName>
		</author>
		<author>
			<persName xmlns="http://www.tei-c.org/ns/1.0"><forename type="first">Sean</forename><surname>Gerrish</surname></persName>
		</author>
		<author>
			<persName xmlns="http://www.tei-c.org/ns/1.0"><forename type="first">David</forename><forename type="middle">M</forename><surname>Blei</surname></persName>
		</author>
	</analytic>
	<monogr>
		<title level="m">AISTATS</title>
		<imprint>
			<date type="published" when="2014" />
			<biblScope unit="page" from="814" to="822" />
		</imprint>
	</monogr>
</biblStruct>

<biblStruct xml:id="b29">
	<analytic>
		<title level="a" type="main">Hierarchical variational models</title>
		<author>
			<persName xmlns="http://www.tei-c.org/ns/1.0"><forename type="first">Rajesh</forename><surname>Ranganath</surname></persName>
		</author>
		<author>
			<persName xmlns="http://www.tei-c.org/ns/1.0"><forename type="first">Dustin</forename><surname>Tran</surname></persName>
		</author>
		<author>
			<persName xmlns="http://www.tei-c.org/ns/1.0"><forename type="first">David</forename><forename type="middle">M</forename><surname>Blei</surname></persName>
		</author>
	</analytic>
	<monogr>
		<title level="m">International Conference on Machine Learning</title>
		<imprint>
			<date type="published" when="2016" />
		</imprint>
	</monogr>
</biblStruct>

<biblStruct xml:id="b30">
	<analytic>
		<title level="a" type="main">Variational inference with normalizing flows</title>
		<author>
			<persName xmlns="http://www.tei-c.org/ns/1.0"><forename type="first">Danilo</forename><surname>Rezende</surname></persName>
		</author>
		<author>
			<persName xmlns="http://www.tei-c.org/ns/1.0"><forename type="first">Shakir</forename><surname>Mohamed</surname></persName>
		</author>
	</analytic>
	<monogr>
		<title level="m">Proceedings of the 32nd International Conference on Machine Learning (ICML-15)</title>
		<meeting>the 32nd International Conference on Machine Learning (ICML-15)</meeting>
		<imprint>
			<date type="published" when="2015" />
			<biblScope unit="page" from="1530" to="1538" />
		</imprint>
	</monogr>
</biblStruct>

<biblStruct xml:id="b31">
	<analytic>
		<title level="a" type="main">Fixed-form variational posterior approximation through stochastic linear regression</title>
		<author>
			<persName xmlns="http://www.tei-c.org/ns/1.0"><forename type="first">Tim</forename><surname>Salimans</surname></persName>
		</author>
		<author>
			<persName xmlns="http://www.tei-c.org/ns/1.0"><forename type="first">A</forename><surname>David</surname></persName>
		</author>
		<author>
			<persName xmlns="http://www.tei-c.org/ns/1.0"><surname>Knowles</surname></persName>
		</author>
	</analytic>
	<monogr>
		<title level="j">Bayesian Analysis</title>
		<imprint>
			<biblScope unit="volume">8</biblScope>
			<biblScope unit="issue">4</biblScope>
			<biblScope unit="page" from="837" to="882" />
			<date type="published" when="2013" />
		</imprint>
	</monogr>
</biblStruct>

<biblStruct xml:id="b32">
	<analytic>
		<title level="a" type="main">Gaussian covariance and scalable variational inference</title>
		<author>
			<persName xmlns="http://www.tei-c.org/ns/1.0"><forename type="first">M</forename><forename type="middle">W</forename><surname>Seeger</surname></persName>
		</author>
	</analytic>
	<monogr>
		<title level="m">Proceedings of the 27th International Conference on Machine Learning</title>
		<meeting>the 27th International Conference on Machine Learning</meeting>
		<imprint>
			<date type="published" when="2010" />
		</imprint>
	</monogr>
</biblStruct>

<biblStruct xml:id="b33">
	<monogr>
		<title level="m" type="main">Adagan: Boosting generative models</title>
		<author>
			<persName xmlns="http://www.tei-c.org/ns/1.0"><forename type="first">I</forename><surname>Tolstikhin</surname></persName>
		</author>
		<author>
			<persName xmlns="http://www.tei-c.org/ns/1.0"><forename type="first">S</forename><surname>Gelly</surname></persName>
		</author>
		<author>
			<persName xmlns="http://www.tei-c.org/ns/1.0"><forename type="first">O</forename><surname>Bousquet</surname></persName>
		</author>
		<author>
			<persName xmlns="http://www.tei-c.org/ns/1.0"><forename type="first">C.-J</forename><surname>Simon-Gabriel</surname></persName>
		</author>
		<author>
			<persName xmlns="http://www.tei-c.org/ns/1.0"><forename type="first">B</forename><surname>Schoelkopf</surname></persName>
		</author>
		<idno type="arXiv">arXiv:1701.02386</idno>
		<imprint>
			<date type="published" when="2016" />
		</imprint>
	</monogr>
	<note type="report_type">arXiv preprint</note>
</biblStruct>

<biblStruct xml:id="b34">
	<monogr>
		<title level="m" type="main">Graphical models, exponential families, and variational inference. Foundations and Trends R in Machine Learning</title>
		<author>
			<persName xmlns="http://www.tei-c.org/ns/1.0"><forename type="first">J</forename><surname>Martin</surname></persName>
		</author>
		<author>
			<persName xmlns="http://www.tei-c.org/ns/1.0"><forename type="first">Michael I Jordan</forename><surname>Wainwright</surname></persName>
		</author>
		<imprint>
			<date type="published" when="2008" />
			<biblScope unit="volume">1</biblScope>
			<biblScope unit="page" from="1" to="305" />
		</imprint>
	</monogr>
</biblStruct>

<biblStruct xml:id="b35">
	<analytic>
		<title level="a" type="main">Bayesian learning via stochastic gradient langevin dynamics</title>
		<author>
			<persName xmlns="http://www.tei-c.org/ns/1.0"><forename type="first">Max</forename><surname>Welling</surname></persName>
		</author>
		<author>
			<persName xmlns="http://www.tei-c.org/ns/1.0"><forename type="first">Yee</forename><forename type="middle">W</forename><surname>Teh</surname></persName>
		</author>
	</analytic>
	<monogr>
		<title level="m">Proceedings of the 28th International Conference on Machine Learning (ICML-11)</title>
		<meeting>the 28th International Conference on Machine Learning (ICML-11)</meeting>
		<imprint>
			<date type="published" when="2011" />
			<biblScope unit="page" from="681" to="688" />
		</imprint>
	</monogr>
</biblStruct>

<biblStruct xml:id="b36">
	<analytic>
		<title level="a" type="main">Sequential greedy approximation for certain convex optimization problems</title>
		<author>
			<persName xmlns="http://www.tei-c.org/ns/1.0"><forename type="first">T</forename><surname>Zhang</surname></persName>
		</author>
	</analytic>
	<monogr>
		<title level="j">IEEE Transactions on Information Theory</title>
		<imprint>
			<biblScope unit="volume">49</biblScope>
			<biblScope unit="page" from="682" to="691" />
			<date type="published" when="2003" />
		</imprint>
	</monogr>
</biblStruct>

				</listBibl>
			</div>
		</back>
	</text>
</TEI>
